/*
 Navicat Premium Data Transfer

 Source Server         : 本地环境
 Source Server Type    : MySQL
 Source Server Version : 50743 (5.7.43-log)
 Source Host           : localhost:3306
 Source Schema         : ry-perf-apex

 Target Server Type    : MySQL
 Target Server Version : 50743 (5.7.43-log)
 File Encoding         : 65001

 Date: 11/12/2025 18:41:18
*/

SET NAMES utf8mb4;
SET FOREIGN_KEY_CHECKS = 0;

-- ----------------------------
-- Table structure for gen_table
-- ----------------------------
DROP TABLE IF EXISTS `gen_table`;
CREATE TABLE `gen_table`  (
  `table_id` bigint(20) NOT NULL AUTO_INCREMENT COMMENT '编号',
  `table_name` varchar(200) CHARACTER SET utf8mb4 COLLATE utf8mb4_unicode_ci NULL DEFAULT '' COMMENT '表名称',
  `table_comment` varchar(500) CHARACTER SET utf8mb4 COLLATE utf8mb4_unicode_ci NULL DEFAULT '' COMMENT '表描述',
  `sub_table_name` varchar(64) CHARACTER SET utf8mb4 COLLATE utf8mb4_unicode_ci NULL DEFAULT NULL COMMENT '关联子表的表名',
  `sub_table_fk_name` varchar(64) CHARACTER SET utf8mb4 COLLATE utf8mb4_unicode_ci NULL DEFAULT NULL COMMENT '子表关联的外键名',
  `class_name` varchar(100) CHARACTER SET utf8mb4 COLLATE utf8mb4_unicode_ci NULL DEFAULT '' COMMENT '实体类名称',
  `tpl_category` varchar(200) CHARACTER SET utf8mb4 COLLATE utf8mb4_unicode_ci NULL DEFAULT 'crud' COMMENT '使用的模板（crud单表操作 tree树表操作）',
  `tpl_web_type` varchar(30) CHARACTER SET utf8mb4 COLLATE utf8mb4_unicode_ci NULL DEFAULT '' COMMENT '前端模板类型（element-ui模版 element-plus模版）',
  `package_name` varchar(100) CHARACTER SET utf8mb4 COLLATE utf8mb4_unicode_ci NULL DEFAULT NULL COMMENT '生成包路径',
  `module_name` varchar(30) CHARACTER SET utf8mb4 COLLATE utf8mb4_unicode_ci NULL DEFAULT NULL COMMENT '生成模块名',
  `business_name` varchar(30) CHARACTER SET utf8mb4 COLLATE utf8mb4_unicode_ci NULL DEFAULT NULL COMMENT '生成业务名',
  `function_name` varchar(50) CHARACTER SET utf8mb4 COLLATE utf8mb4_unicode_ci NULL DEFAULT NULL COMMENT '生成功能名',
  `function_author` varchar(50) CHARACTER SET utf8mb4 COLLATE utf8mb4_unicode_ci NULL DEFAULT NULL COMMENT '生成功能作者',
  `gen_type` char(1) CHARACTER SET utf8mb4 COLLATE utf8mb4_unicode_ci NULL DEFAULT '0' COMMENT '生成代码方式（0zip压缩包 1自定义路径）',
  `gen_path` varchar(200) CHARACTER SET utf8mb4 COLLATE utf8mb4_unicode_ci NULL DEFAULT '/' COMMENT '生成路径（不填默认项目路径）',
  `options` varchar(1000) CHARACTER SET utf8mb4 COLLATE utf8mb4_unicode_ci NULL DEFAULT NULL COMMENT '其它生成选项',
  `create_by` varchar(64) CHARACTER SET utf8mb4 COLLATE utf8mb4_unicode_ci NULL DEFAULT '' COMMENT '创建者',
  `create_time` datetime NULL DEFAULT NULL COMMENT '创建时间',
  `update_by` varchar(64) CHARACTER SET utf8mb4 COLLATE utf8mb4_unicode_ci NULL DEFAULT '' COMMENT '更新者',
  `update_time` datetime NULL DEFAULT NULL COMMENT '更新时间',
  `remark` varchar(500) CHARACTER SET utf8mb4 COLLATE utf8mb4_unicode_ci NULL DEFAULT NULL COMMENT '备注',
  PRIMARY KEY (`table_id`) USING BTREE
) ENGINE = InnoDB AUTO_INCREMENT = 22 CHARACTER SET = utf8mb4 COLLATE = utf8mb4_unicode_ci COMMENT = '代码生成业务表' ROW_FORMAT = Dynamic;

-- ----------------------------
-- Records of gen_table
-- ----------------------------
INSERT INTO `gen_table` VALUES (10, 'perf_period', '绩效周期表', NULL, NULL, 'PerfPeriod', 'crud', 'element-plus', 'com.ruoyi.perf', 'perf', 'period', '绩效周期', 'liudahua', '0', '/', '{\"parentMenuId\":2000}', 'admin', '2025-11-25 10:02:05', '', '2025-11-25 10:04:35', NULL);
INSERT INTO `gen_table` VALUES (13, 'perf_template', '绩效模板表', NULL, NULL, 'PerfTemplate', 'crud', 'element-plus', 'com.ruoyi.perf', 'perf', 'template', '绩效模板', 'liudahua', '0', '/', '{\"parentMenuId\":2000}', 'admin', '2025-11-25 15:36:57', '', '2025-11-25 15:40:24', NULL);
INSERT INTO `gen_table` VALUES (14, 'perf_template_item', '模板指标表', NULL, NULL, 'PerfTemplateItem', 'crud', 'element-plus', 'com.ruoyi.perf', 'perf', 'templateItem', '模板指标', 'liudahua', '0', '/', '{\"parentMenuId\":2000}', 'admin', '2025-11-25 15:36:57', '', '2025-11-25 15:41:25', NULL);
INSERT INTO `gen_table` VALUES (15, 'perf_appeal', '绩效申诉表', NULL, NULL, 'PerfAppeal', 'crud', 'element-plus', 'com.ruoyi.perf', 'perf', 'appeal', '绩效申诉', 'liudahua', '0', '/', '{\"parentMenuId\":2000}', 'admin', '2025-11-26 17:51:00', '', '2025-11-26 17:55:40', NULL);
INSERT INTO `gen_table` VALUES (16, 'perf_interview', '绩效面谈表', NULL, NULL, 'PerfInterview', 'crud', 'element-plus', 'com.ruoyi.perf', 'perf', 'interview', '绩效面谈', 'liudahua', '0', '/', '{}', 'admin', '2025-11-26 17:51:00', '', '2025-11-26 17:55:20', NULL);
INSERT INTO `gen_table` VALUES (17, 'perf_performance', '绩效实例表', NULL, NULL, 'PerfPerformance', 'crud', 'element-plus', 'com.ruoyi.perf', 'perf', 'performance', '绩效实例', 'liudahua', '0', '/', '{\"parentMenuId\":2000}', 'admin', '2025-11-26 17:51:00', '', '2025-11-26 17:54:54', NULL);
INSERT INTO `gen_table` VALUES (18, 'perf_performance_content', '绩效内容表', NULL, NULL, 'PerfPerformanceContent', 'crud', 'element-plus', 'com.ruoyi.perf', 'perf', 'content', '绩效内容', 'liudahua', '0', '/', '{\"parentMenuId\":2000}', 'admin', '2025-11-26 17:51:00', '', '2025-11-26 17:54:11', NULL);
INSERT INTO `gen_table` VALUES (19, 'perf_score_flow', '评分流程表', NULL, NULL, 'PerfScoreFlow', 'crud', 'element-plus', 'com.ruoyi.perf', 'perf', 'scoreFlow', '评分流程', 'liudahua', '0', '/', '{\"parentMenuId\":2000}', 'admin', '2025-11-26 17:51:00', '', '2025-11-26 17:53:38', NULL);
INSERT INTO `gen_table` VALUES (20, 'perf_workflow_config', '绩效流程配置表', NULL, NULL, 'PerfWorkflowConfig', 'crud', 'element-plus', 'com.ruoyi.perf', 'perf', 'flowConfig', '绩效流程配置', 'liudahua', '0', '/', '{\"parentMenuId\":2000}', 'admin', '2025-11-26 17:51:00', '', '2025-11-26 17:52:45', NULL);
INSERT INTO `gen_table` VALUES (21, 'perf_performance_content_score', '绩效指标评分表', NULL, NULL, 'PerfPerformanceContentScore', 'crud', 'element-plus', 'com.ruoyi.perf', 'perf', 'score', '绩效指标评分', 'liudahua', '0', '/', '{}', 'admin', '2025-12-02 16:13:50', '', '2025-12-02 16:16:24', NULL);

-- ----------------------------
-- Table structure for gen_table_column
-- ----------------------------
DROP TABLE IF EXISTS `gen_table_column`;
CREATE TABLE `gen_table_column`  (
  `column_id` bigint(20) NOT NULL AUTO_INCREMENT COMMENT '编号',
  `table_id` bigint(20) NULL DEFAULT NULL COMMENT '归属表编号',
  `column_name` varchar(200) CHARACTER SET utf8mb4 COLLATE utf8mb4_unicode_ci NULL DEFAULT NULL COMMENT '列名称',
  `column_comment` varchar(500) CHARACTER SET utf8mb4 COLLATE utf8mb4_unicode_ci NULL DEFAULT NULL COMMENT '列描述',
  `column_type` varchar(100) CHARACTER SET utf8mb4 COLLATE utf8mb4_unicode_ci NULL DEFAULT NULL COMMENT '列类型',
  `java_type` varchar(500) CHARACTER SET utf8mb4 COLLATE utf8mb4_unicode_ci NULL DEFAULT NULL COMMENT 'JAVA类型',
  `java_field` varchar(200) CHARACTER SET utf8mb4 COLLATE utf8mb4_unicode_ci NULL DEFAULT NULL COMMENT 'JAVA字段名',
  `is_pk` char(1) CHARACTER SET utf8mb4 COLLATE utf8mb4_unicode_ci NULL DEFAULT NULL COMMENT '是否主键（1是）',
  `is_increment` char(1) CHARACTER SET utf8mb4 COLLATE utf8mb4_unicode_ci NULL DEFAULT NULL COMMENT '是否自增（1是）',
  `is_required` char(1) CHARACTER SET utf8mb4 COLLATE utf8mb4_unicode_ci NULL DEFAULT NULL COMMENT '是否必填（1是）',
  `is_insert` char(1) CHARACTER SET utf8mb4 COLLATE utf8mb4_unicode_ci NULL DEFAULT NULL COMMENT '是否为插入字段（1是）',
  `is_edit` char(1) CHARACTER SET utf8mb4 COLLATE utf8mb4_unicode_ci NULL DEFAULT NULL COMMENT '是否编辑字段（1是）',
  `is_list` char(1) CHARACTER SET utf8mb4 COLLATE utf8mb4_unicode_ci NULL DEFAULT NULL COMMENT '是否列表字段（1是）',
  `is_query` char(1) CHARACTER SET utf8mb4 COLLATE utf8mb4_unicode_ci NULL DEFAULT NULL COMMENT '是否查询字段（1是）',
  `query_type` varchar(200) CHARACTER SET utf8mb4 COLLATE utf8mb4_unicode_ci NULL DEFAULT 'EQ' COMMENT '查询方式（等于、不等于、大于、小于、范围）',
  `html_type` varchar(200) CHARACTER SET utf8mb4 COLLATE utf8mb4_unicode_ci NULL DEFAULT NULL COMMENT '显示类型（文本框、文本域、下拉框、复选框、单选框、日期控件）',
  `dict_type` varchar(200) CHARACTER SET utf8mb4 COLLATE utf8mb4_unicode_ci NULL DEFAULT '' COMMENT '字典类型',
  `sort` int(11) NULL DEFAULT NULL COMMENT '排序',
  `create_by` varchar(64) CHARACTER SET utf8mb4 COLLATE utf8mb4_unicode_ci NULL DEFAULT '' COMMENT '创建者',
  `create_time` datetime NULL DEFAULT NULL COMMENT '创建时间',
  `update_by` varchar(64) CHARACTER SET utf8mb4 COLLATE utf8mb4_unicode_ci NULL DEFAULT '' COMMENT '更新者',
  `update_time` datetime NULL DEFAULT NULL COMMENT '更新时间',
  PRIMARY KEY (`column_id`) USING BTREE
) ENGINE = InnoDB AUTO_INCREMENT = 294 CHARACTER SET = utf8mb4 COLLATE = utf8mb4_unicode_ci COMMENT = '代码生成业务表字段' ROW_FORMAT = Dynamic;

-- ----------------------------
-- Records of gen_table_column
-- ----------------------------
INSERT INTO `gen_table_column` VALUES (127, 10, 'period_id', '绩效周期ID', 'bigint(20)', 'Long', 'periodId', '1', '1', '0', '1', NULL, NULL, NULL, 'EQ', 'input', '', 1, 'admin', '2025-11-25 10:02:05', '', '2025-11-25 10:04:35');
INSERT INTO `gen_table_column` VALUES (128, 10, 'period_name', '周期名称(如：2024年Q1)', 'varchar(100)', 'String', 'periodName', '0', '0', '1', '1', '1', '1', '1', 'LIKE', 'input', '', 2, 'admin', '2025-11-25 10:02:05', '', '2025-11-25 10:04:35');
INSERT INTO `gen_table_column` VALUES (129, 10, 'period_type', '周期类型(MONTH:月度, QUARTER:季度, HALF_YEAR:半年度, YEAR:年度)', 'varchar(20)', 'String', 'periodType', '0', '0', '0', '1', '1', '1', '1', 'EQ', 'select', '', 3, 'admin', '2025-11-25 10:02:05', '', '2025-11-25 10:04:35');
INSERT INTO `gen_table_column` VALUES (130, 10, 'submit_deadline', '提交截止时间', 'datetime', 'Date', 'submitDeadline', '0', '0', '1', '1', '1', '1', '1', 'EQ', 'datetime', '', 4, 'admin', '2025-11-25 10:02:05', '', '2025-11-25 10:04:35');
INSERT INTO `gen_table_column` VALUES (131, 10, 'score_deadline', '评分截止时间', 'datetime', 'Date', 'scoreDeadline', '0', '0', '1', '1', '1', '1', '1', 'EQ', 'datetime', '', 5, 'admin', '2025-11-25 10:02:05', '', '2025-11-25 10:04:35');
INSERT INTO `gen_table_column` VALUES (132, 10, 'status', '状态(0:准备中 1:进行中 2:已结束)', 'char(1)', 'String', 'status', '0', '0', '1', '1', '1', '1', '1', 'EQ', 'radio', '', 6, 'admin', '2025-11-25 10:02:05', '', '2025-11-25 10:04:35');
INSERT INTO `gen_table_column` VALUES (133, 10, 'remark', '备注', 'varchar(500)', 'String', 'remark', '0', '0', '0', '1', '1', '1', NULL, 'EQ', 'textarea', '', 7, 'admin', '2025-11-25 10:02:05', '', '2025-11-25 10:04:35');
INSERT INTO `gen_table_column` VALUES (134, 10, 'del_flag', '删除标志（0:存在 1:删除）', 'char(1)', 'String', 'delFlag', '0', '0', '0', '1', NULL, NULL, NULL, 'EQ', 'input', '', 8, 'admin', '2025-11-25 10:02:05', '', '2025-11-25 10:04:35');
INSERT INTO `gen_table_column` VALUES (135, 10, 'create_by', '创建者', 'varchar(64)', 'String', 'createBy', '0', '0', '0', '1', NULL, NULL, NULL, 'EQ', 'input', '', 9, 'admin', '2025-11-25 10:02:05', '', '2025-11-25 10:04:35');
INSERT INTO `gen_table_column` VALUES (136, 10, 'create_time', '创建时间', 'datetime', 'Date', 'createTime', '0', '0', '0', '1', NULL, NULL, NULL, 'EQ', 'datetime', '', 10, 'admin', '2025-11-25 10:02:05', '', '2025-11-25 10:04:35');
INSERT INTO `gen_table_column` VALUES (137, 10, 'update_by', '更新者', 'varchar(64)', 'String', 'updateBy', '0', '0', '0', '1', '1', NULL, NULL, 'EQ', 'input', '', 11, 'admin', '2025-11-25 10:02:05', '', '2025-11-25 10:04:35');
INSERT INTO `gen_table_column` VALUES (138, 10, 'update_time', '更新时间', 'datetime', 'Date', 'updateTime', '0', '0', '0', '1', '1', NULL, NULL, 'EQ', 'datetime', '', 12, 'admin', '2025-11-25 10:02:05', '', '2025-11-25 10:04:35');
INSERT INTO `gen_table_column` VALUES (172, 13, 'template_id', '模板ID', 'bigint(20)', 'Long', 'templateId', '1', '1', '0', '1', NULL, NULL, NULL, 'EQ', 'input', '', 1, 'admin', '2025-11-25 15:36:57', '', '2025-11-25 15:40:24');
INSERT INTO `gen_table_column` VALUES (173, 13, 'template_name', '模板名称', 'varchar(100)', 'String', 'templateName', '0', '0', '1', '1', '1', '1', '1', 'LIKE', 'input', '', 2, 'admin', '2025-11-25 15:36:57', '', '2025-11-25 15:40:24');
INSERT INTO `gen_table_column` VALUES (174, 13, 'template_type', '模板类型(KPI:关键指标, OKR:目标与成果, COMPETENCY:能力素质)', 'varchar(20)', 'String', 'templateType', '0', '0', '1', '1', '1', '1', '1', 'EQ', 'select', '', 3, 'admin', '2025-11-25 15:36:57', '', '2025-11-25 15:40:24');
INSERT INTO `gen_table_column` VALUES (175, 13, 'dept_id', '适用部门ID', 'bigint(20)', 'Long', 'deptId', '0', '0', '0', '1', '1', '1', '1', 'EQ', 'input', '', 4, 'admin', '2025-11-25 15:36:57', '', '2025-11-25 15:40:24');
INSERT INTO `gen_table_column` VALUES (176, 13, 'post_ids', '适用岗位IDS', 'varchar(255)', 'String', 'postIds', '0', '0', '0', '1', '1', '1', '1', 'EQ', 'input', '', 5, 'admin', '2025-11-25 15:36:57', '', '2025-11-25 15:40:24');
INSERT INTO `gen_table_column` VALUES (177, 13, 'status', '状态(0:正常 1:停用)', 'char(1)', 'String', 'status', '0', '0', '1', '1', '1', '1', '1', 'EQ', 'radio', '', 6, 'admin', '2025-11-25 15:36:57', '', '2025-11-25 15:40:24');
INSERT INTO `gen_table_column` VALUES (178, 13, 'remark', '备注', 'varchar(500)', 'String', 'remark', '0', '0', '0', '1', '1', '1', NULL, 'EQ', 'textarea', '', 7, 'admin', '2025-11-25 15:36:57', '', '2025-11-25 15:40:24');
INSERT INTO `gen_table_column` VALUES (179, 13, 'del_flag', '删除标志（0:存在 1:删除）', 'char(1)', 'String', 'delFlag', '0', '0', '0', '1', NULL, NULL, NULL, 'EQ', 'input', '', 8, 'admin', '2025-11-25 15:36:57', '', '2025-11-25 15:40:24');
INSERT INTO `gen_table_column` VALUES (180, 13, 'create_by', '创建者', 'varchar(64)', 'String', 'createBy', '0', '0', '0', '1', NULL, NULL, NULL, 'EQ', 'input', '', 9, 'admin', '2025-11-25 15:36:57', '', '2025-11-25 15:40:24');
INSERT INTO `gen_table_column` VALUES (181, 13, 'create_time', '创建时间', 'datetime', 'Date', 'createTime', '0', '0', '0', '1', NULL, NULL, NULL, 'EQ', 'datetime', '', 10, 'admin', '2025-11-25 15:36:57', '', '2025-11-25 15:40:24');
INSERT INTO `gen_table_column` VALUES (182, 13, 'update_by', '更新者', 'varchar(64)', 'String', 'updateBy', '0', '0', '0', '1', '1', NULL, NULL, 'EQ', 'input', '', 11, 'admin', '2025-11-25 15:36:57', '', '2025-11-25 15:40:24');
INSERT INTO `gen_table_column` VALUES (183, 13, 'update_time', '更新时间', 'datetime', 'Date', 'updateTime', '0', '0', '0', '1', '1', NULL, NULL, 'EQ', 'datetime', '', 12, 'admin', '2025-11-25 15:36:57', '', '2025-11-25 15:40:24');
INSERT INTO `gen_table_column` VALUES (184, 14, 'item_id', '指标项ID', 'bigint(20)', 'Long', 'itemId', '1', '1', '0', '1', NULL, NULL, NULL, 'EQ', 'input', '', 1, 'admin', '2025-11-25 15:36:57', '', '2025-11-25 15:41:25');
INSERT INTO `gen_table_column` VALUES (185, 14, 'template_id', '模板ID', 'bigint(20)', 'Long', 'templateId', '0', '0', '1', '1', '1', '1', '1', 'EQ', 'input', '', 2, 'admin', '2025-11-25 15:36:57', '', '2025-11-25 15:41:25');
INSERT INTO `gen_table_column` VALUES (186, 14, 'parent_id', '父指标ID', 'bigint(20)', 'Long', 'parentId', '0', '0', '0', '1', '1', '1', '1', 'EQ', 'input', '', 3, 'admin', '2025-11-25 15:36:57', '', '2025-11-25 15:41:25');
INSERT INTO `gen_table_column` VALUES (187, 14, 'item_name', '指标名称', 'varchar(200)', 'String', 'itemName', '0', '0', '1', '1', '1', '1', '1', 'LIKE', 'input', '', 4, 'admin', '2025-11-25 15:36:57', '', '2025-11-25 15:41:25');
INSERT INTO `gen_table_column` VALUES (188, 14, 'item_type', '指标类型(OBJECTIVE:目标, KEY_RESULT:关键成果, COMPETENCY:能力项)', 'varchar(20)', 'String', 'itemType', '0', '0', '1', '1', '1', '1', '1', 'EQ', 'select', '', 5, 'admin', '2025-11-25 15:36:57', '', '2025-11-25 15:41:25');
INSERT INTO `gen_table_column` VALUES (189, 14, 'weight', '权重(0-100)', 'decimal(5,2)', 'BigDecimal', 'weight', '0', '0', '1', '1', '1', '1', '1', 'EQ', 'input', '', 6, 'admin', '2025-11-25 15:36:57', '', '2025-11-25 15:41:25');
INSERT INTO `gen_table_column` VALUES (190, 14, 'score_standard', '评分标准描述', 'text', 'String', 'scoreStandard', '0', '0', '0', '1', '1', '1', '1', 'EQ', 'textarea', '', 7, 'admin', '2025-11-25 15:36:57', '', '2025-11-25 15:41:25');
INSERT INTO `gen_table_column` VALUES (191, 14, 'min_score', '最低分', 'decimal(5,2)', 'BigDecimal', 'minScore', '0', '0', '0', '1', '1', '1', '1', 'EQ', 'input', '', 8, 'admin', '2025-11-25 15:36:57', '', '2025-11-25 15:41:25');
INSERT INTO `gen_table_column` VALUES (192, 14, 'max_score', '最高分', 'decimal(5,2)', 'BigDecimal', 'maxScore', '0', '0', '0', '1', '1', '1', '1', 'EQ', 'input', '', 9, 'admin', '2025-11-25 15:36:57', '', '2025-11-25 15:41:25');
INSERT INTO `gen_table_column` VALUES (193, 14, 'sort_order', '排序', 'int(11)', 'Long', 'sortOrder', '0', '0', '0', '1', '1', '1', '1', 'EQ', 'input', '', 10, 'admin', '2025-11-25 15:36:57', '', '2025-11-25 15:41:25');
INSERT INTO `gen_table_column` VALUES (194, 14, 'remark', '备注', 'varchar(500)', 'String', 'remark', '0', '0', '0', '1', '1', '1', NULL, 'EQ', 'textarea', '', 11, 'admin', '2025-11-25 15:36:57', '', '2025-11-25 15:41:25');
INSERT INTO `gen_table_column` VALUES (195, 14, 'del_flag', '删除标志（0:存在 1:删除）', 'char(1)', 'String', 'delFlag', '0', '0', '0', '1', NULL, NULL, NULL, 'EQ', 'input', '', 12, 'admin', '2025-11-25 15:36:57', '', '2025-11-25 15:41:25');
INSERT INTO `gen_table_column` VALUES (196, 14, 'create_by', '创建者', 'varchar(64)', 'String', 'createBy', '0', '0', '0', '1', NULL, NULL, NULL, 'EQ', 'input', '', 13, 'admin', '2025-11-25 15:36:57', '', '2025-11-25 15:41:25');
INSERT INTO `gen_table_column` VALUES (197, 14, 'create_time', '创建时间', 'datetime', 'Date', 'createTime', '0', '0', '0', '1', NULL, NULL, NULL, 'EQ', 'datetime', '', 14, 'admin', '2025-11-25 15:36:57', '', '2025-11-25 15:41:25');
INSERT INTO `gen_table_column` VALUES (198, 14, 'update_by', '更新者', 'varchar(64)', 'String', 'updateBy', '0', '0', '0', '1', '1', NULL, NULL, 'EQ', 'input', '', 15, 'admin', '2025-11-25 15:36:57', '', '2025-11-25 15:41:25');
INSERT INTO `gen_table_column` VALUES (199, 14, 'update_time', '更新时间', 'datetime', 'Date', 'updateTime', '0', '0', '0', '1', '1', NULL, NULL, 'EQ', 'datetime', '', 16, 'admin', '2025-11-25 15:36:57', '', '2025-11-25 15:41:25');
INSERT INTO `gen_table_column` VALUES (200, 15, 'id', '申诉ID', 'bigint(20)', 'Long', 'id', '1', '1', '0', '1', NULL, NULL, NULL, 'EQ', 'input', '', 1, 'admin', '2025-11-26 17:51:00', '', '2025-11-26 17:55:40');
INSERT INTO `gen_table_column` VALUES (201, 15, 'performance_id', '绩效ID', 'bigint(20)', 'Long', 'performanceId', '0', '0', '1', '1', '1', '1', '1', 'EQ', 'input', '', 2, 'admin', '2025-11-26 17:51:00', '', '2025-11-26 17:55:40');
INSERT INTO `gen_table_column` VALUES (202, 15, 'appeal_reason', '申诉理由', 'text', 'String', 'appealReason', '0', '0', '1', '1', '1', '1', '1', 'EQ', 'textarea', '', 3, 'admin', '2025-11-26 17:51:00', '', '2025-11-26 17:55:40');
INSERT INTO `gen_table_column` VALUES (203, 15, 'appeal_status', '申诉状态(PENDING:待处理, PROCESSING:处理中, RESOLVED:已处理, REJECTED:已驳回)', 'varchar(20)', 'String', 'appealStatus', '0', '0', '1', '1', '1', '1', '1', 'EQ', 'radio', '', 4, 'admin', '2025-11-26 17:51:00', '', '2025-11-26 17:55:40');
INSERT INTO `gen_table_column` VALUES (204, 15, 'processor_id', '处理人ID', 'bigint(20)', 'Long', 'processorId', '0', '0', '0', '1', '1', '1', '1', 'EQ', 'input', '', 5, 'admin', '2025-11-26 17:51:00', '', '2025-11-26 17:55:40');
INSERT INTO `gen_table_column` VALUES (205, 15, 'process_comment', '处理意见', 'text', 'String', 'processComment', '0', '0', '0', '1', '1', '1', '1', 'EQ', 'textarea', '', 6, 'admin', '2025-11-26 17:51:00', '', '2025-11-26 17:55:40');
INSERT INTO `gen_table_column` VALUES (206, 15, 'process_result', '处理结果', 'varchar(500)', 'String', 'processResult', '0', '0', '0', '1', '1', '1', '1', 'EQ', 'textarea', '', 7, 'admin', '2025-11-26 17:51:00', '', '2025-11-26 17:55:40');
INSERT INTO `gen_table_column` VALUES (207, 15, 'adjust_score', '调整分数', 'decimal(5,2)', 'BigDecimal', 'adjustScore', '0', '0', '0', '1', '1', '1', '1', 'EQ', 'input', '', 8, 'admin', '2025-11-26 17:51:00', '', '2025-11-26 17:55:40');
INSERT INTO `gen_table_column` VALUES (208, 15, 'appeal_time', '申诉时间', 'datetime', 'Date', 'appealTime', '0', '0', '0', '1', '1', '1', '1', 'EQ', 'datetime', '', 9, 'admin', '2025-11-26 17:51:00', '', '2025-11-26 17:55:40');
INSERT INTO `gen_table_column` VALUES (209, 15, 'process_time', '处理时间', 'datetime', 'Date', 'processTime', '0', '0', '0', '1', '1', '1', '1', 'EQ', 'datetime', '', 10, 'admin', '2025-11-26 17:51:00', '', '2025-11-26 17:55:40');
INSERT INTO `gen_table_column` VALUES (210, 15, 'del_flag', '删除标志（0:存在 1:删除）', 'char(1)', 'String', 'delFlag', '0', '0', '0', '1', NULL, NULL, NULL, 'EQ', 'input', '', 11, 'admin', '2025-11-26 17:51:00', '', '2025-11-26 17:55:40');
INSERT INTO `gen_table_column` VALUES (211, 15, 'create_time', '创建时间', 'datetime', 'Date', 'createTime', '0', '0', '0', '1', NULL, NULL, NULL, 'EQ', 'datetime', '', 12, 'admin', '2025-11-26 17:51:00', '', '2025-11-26 17:55:40');
INSERT INTO `gen_table_column` VALUES (212, 15, 'update_time', '更新时间', 'datetime', 'Date', 'updateTime', '0', '0', '0', '1', '1', NULL, NULL, 'EQ', 'datetime', '', 13, 'admin', '2025-11-26 17:51:00', '', '2025-11-26 17:55:40');
INSERT INTO `gen_table_column` VALUES (213, 16, 'id', '面谈ID', 'bigint(20)', 'Long', 'id', '1', '1', '0', '1', NULL, NULL, NULL, 'EQ', 'input', '', 1, 'admin', '2025-11-26 17:51:00', '', '2025-11-26 17:55:20');
INSERT INTO `gen_table_column` VALUES (214, 16, 'performance_id', '绩效ID', 'bigint(20)', 'Long', 'performanceId', '0', '0', '1', '1', '1', '1', '1', 'EQ', 'input', '', 2, 'admin', '2025-11-26 17:51:00', '', '2025-11-26 17:55:20');
INSERT INTO `gen_table_column` VALUES (215, 16, 'interviewer_id', '面谈人ID', 'bigint(20)', 'Long', 'interviewerId', '0', '0', '1', '1', '1', '1', '1', 'EQ', 'input', '', 3, 'admin', '2025-11-26 17:51:00', '', '2025-11-26 17:55:20');
INSERT INTO `gen_table_column` VALUES (216, 16, 'interviewee_id', '被面谈人ID', 'bigint(20)', 'Long', 'intervieweeId', '0', '0', '1', '1', '1', '1', '1', 'EQ', 'input', '', 4, 'admin', '2025-11-26 17:51:00', '', '2025-11-26 17:55:20');
INSERT INTO `gen_table_column` VALUES (217, 16, 'interview_time', '面谈时间', 'datetime', 'Date', 'interviewTime', '0', '0', '0', '1', '1', '1', '1', 'EQ', 'datetime', '', 5, 'admin', '2025-11-26 17:51:00', '', '2025-11-26 17:55:20');
INSERT INTO `gen_table_column` VALUES (218, 16, 'key_points', '面谈要点', 'text', 'String', 'keyPoints', '0', '0', '0', '1', '1', '1', '1', 'EQ', 'textarea', '', 6, 'admin', '2025-11-26 17:51:00', '', '2025-11-26 17:55:20');
INSERT INTO `gen_table_column` VALUES (219, 16, 'strengths', '优点与成绩', 'text', 'String', 'strengths', '0', '0', '0', '1', '1', '1', '1', 'EQ', 'textarea', '', 7, 'admin', '2025-11-26 17:51:00', '', '2025-11-26 17:55:20');
INSERT INTO `gen_table_column` VALUES (220, 16, 'improvements', '待改进点', 'text', 'String', 'improvements', '0', '0', '0', '1', '1', '1', '1', 'EQ', 'textarea', '', 8, 'admin', '2025-11-26 17:51:00', '', '2025-11-26 17:55:20');
INSERT INTO `gen_table_column` VALUES (221, 16, 'action_plan', '行动计划', 'text', 'String', 'actionPlan', '0', '0', '0', '1', '1', '1', '1', 'EQ', 'textarea', '', 9, 'admin', '2025-11-26 17:51:00', '', '2025-11-26 17:55:20');
INSERT INTO `gen_table_column` VALUES (222, 16, 'feedback', '员工反馈', 'text', 'String', 'feedback', '0', '0', '0', '1', '1', '1', '1', 'EQ', 'textarea', '', 10, 'admin', '2025-11-26 17:51:00', '', '2025-11-26 17:55:20');
INSERT INTO `gen_table_column` VALUES (223, 16, 'del_flag', '删除标志（0:存在 1:删除）', 'char(1)', 'String', 'delFlag', '0', '0', '0', '1', NULL, NULL, NULL, 'EQ', 'input', '', 11, 'admin', '2025-11-26 17:51:00', '', '2025-11-26 17:55:20');
INSERT INTO `gen_table_column` VALUES (224, 16, 'create_time', '创建时间', 'datetime', 'Date', 'createTime', '0', '0', '0', '1', NULL, NULL, NULL, 'EQ', 'datetime', '', 12, 'admin', '2025-11-26 17:51:00', '', '2025-11-26 17:55:20');
INSERT INTO `gen_table_column` VALUES (225, 16, 'update_time', '更新时间', 'datetime', 'Date', 'updateTime', '0', '0', '0', '1', '1', NULL, NULL, 'EQ', 'datetime', '', 13, 'admin', '2025-11-26 17:51:00', '', '2025-11-26 17:55:20');
INSERT INTO `gen_table_column` VALUES (226, 17, 'id', '绩效ID', 'bigint(20)', 'Long', 'id', '1', '1', '0', '1', NULL, NULL, NULL, 'EQ', 'input', '', 1, 'admin', '2025-11-26 17:51:00', '', '2025-11-26 17:54:54');
INSERT INTO `gen_table_column` VALUES (227, 17, 'performance_no', '绩效编号', 'varchar(50)', 'String', 'performanceNo', '0', '0', '1', '1', '1', '1', '1', 'EQ', 'input', '', 2, 'admin', '2025-11-26 17:51:00', '', '2025-11-26 17:54:54');
INSERT INTO `gen_table_column` VALUES (228, 17, 'period_id', '绩效周期ID', 'bigint(20)', 'Long', 'periodId', '0', '0', '1', '1', '1', '1', '1', 'EQ', 'input', '', 3, 'admin', '2025-11-26 17:51:00', '', '2025-11-26 17:54:54');
INSERT INTO `gen_table_column` VALUES (229, 17, 'template_id', '模板ID', 'bigint(20)', 'Long', 'templateId', '0', '0', '1', '1', '1', '1', '1', 'EQ', 'input', '', 4, 'admin', '2025-11-26 17:51:00', '', '2025-11-26 17:54:54');
INSERT INTO `gen_table_column` VALUES (230, 17, 'user_id', '员工ID', 'bigint(20)', 'Long', 'userId', '0', '0', '1', '1', '1', '1', '1', 'EQ', 'input', '', 5, 'admin', '2025-11-26 17:51:00', '', '2025-11-26 17:54:54');
INSERT INTO `gen_table_column` VALUES (231, 17, 'dept_id', '部门ID', 'bigint(20)', 'Long', 'deptId', '0', '0', '1', '1', '1', '1', '1', 'EQ', 'input', '', 6, 'admin', '2025-11-26 17:51:00', '', '2025-11-26 17:54:54');
INSERT INTO `gen_table_column` VALUES (232, 17, 'self_score', '自评总分', 'decimal(5,2)', 'BigDecimal', 'selfScore', '0', '0', '0', '1', '1', '1', '1', 'EQ', 'input', '', 7, 'admin', '2025-11-26 17:51:00', '', '2025-11-26 17:54:54');
INSERT INTO `gen_table_column` VALUES (233, 17, 'final_score', '最终得分', 'decimal(5,2)', 'BigDecimal', 'finalScore', '0', '0', '0', '1', '1', '1', '1', 'EQ', 'input', '', 8, 'admin', '2025-11-26 17:51:00', '', '2025-11-26 17:54:54');
INSERT INTO `gen_table_column` VALUES (234, 17, 'current_step', '当前步骤', 'int(11)', 'Long', 'currentStep', '0', '0', '0', '1', '1', '1', '1', 'EQ', 'input', '', 9, 'admin', '2025-11-26 17:51:00', '', '2025-11-26 17:54:54');
INSERT INTO `gen_table_column` VALUES (235, 17, 'status', '状态(DRAFT:草稿, PENDING_SCORE:待评分, PENDING_HR:待HR确认, CONFIRMED:已确认, REJECTED:已驳回, APPEAL:申诉中)', 'varchar(20)', 'String', 'status', '0', '0', '1', '1', '1', '1', '1', 'EQ', 'radio', '', 10, 'admin', '2025-11-26 17:51:00', '', '2025-11-26 17:54:54');
INSERT INTO `gen_table_column` VALUES (236, 17, 'reject_reason', '驳回原因', 'varchar(500)', 'String', 'rejectReason', '0', '0', '0', '1', '1', '1', '1', 'EQ', 'textarea', '', 11, 'admin', '2025-11-26 17:51:00', '', '2025-11-26 17:54:54');
INSERT INTO `gen_table_column` VALUES (237, 17, 'submit_time', '提交时间', 'datetime', 'Date', 'submitTime', '0', '0', '0', '1', '1', '1', '1', 'EQ', 'datetime', '', 12, 'admin', '2025-11-26 17:51:00', '', '2025-11-26 17:54:54');
INSERT INTO `gen_table_column` VALUES (238, 17, 'confirm_time', '确认时间', 'datetime', 'Date', 'confirmTime', '0', '0', '0', '1', '1', '1', '1', 'EQ', 'datetime', '', 13, 'admin', '2025-11-26 17:51:00', '', '2025-11-26 17:54:54');
INSERT INTO `gen_table_column` VALUES (239, 17, 'del_flag', '删除标志（0:存在 1:删除）', 'char(1)', 'String', 'delFlag', '0', '0', '0', '1', NULL, NULL, NULL, 'EQ', 'input', '', 14, 'admin', '2025-11-26 17:51:00', '', '2025-11-26 17:54:54');
INSERT INTO `gen_table_column` VALUES (240, 17, 'create_by', '创建者', 'varchar(64)', 'String', 'createBy', '0', '0', '0', '1', NULL, NULL, NULL, 'EQ', 'input', '', 15, 'admin', '2025-11-26 17:51:00', '', '2025-11-26 17:54:54');
INSERT INTO `gen_table_column` VALUES (241, 17, 'create_time', '创建时间', 'datetime', 'Date', 'createTime', '0', '0', '0', '1', NULL, NULL, NULL, 'EQ', 'datetime', '', 16, 'admin', '2025-11-26 17:51:00', '', '2025-11-26 17:54:54');
INSERT INTO `gen_table_column` VALUES (242, 17, 'update_by', '更新者', 'varchar(64)', 'String', 'updateBy', '0', '0', '0', '1', '1', NULL, NULL, 'EQ', 'input', '', 17, 'admin', '2025-11-26 17:51:00', '', '2025-11-26 17:54:54');
INSERT INTO `gen_table_column` VALUES (243, 17, 'update_time', '更新时间', 'datetime', 'Date', 'updateTime', '0', '0', '0', '1', '1', NULL, NULL, 'EQ', 'datetime', '', 18, 'admin', '2025-11-26 17:51:00', '', '2025-11-26 17:54:54');
INSERT INTO `gen_table_column` VALUES (244, 18, 'id', '内容ID', 'bigint(20)', 'Long', 'id', '1', '1', '0', '1', NULL, NULL, NULL, 'EQ', 'input', '', 1, 'admin', '2025-11-26 17:51:00', '', '2025-11-26 17:54:11');
INSERT INTO `gen_table_column` VALUES (245, 18, 'performance_id', '绩效ID', 'bigint(20)', 'Long', 'performanceId', '0', '0', '1', '1', '1', '1', '1', 'EQ', 'input', '', 2, 'admin', '2025-11-26 17:51:00', '', '2025-11-26 17:54:11');
INSERT INTO `gen_table_column` VALUES (246, 18, 'item_id', '指标项ID', 'bigint(20)', 'Long', 'itemId', '0', '0', '1', '1', '1', '1', '1', 'EQ', 'input', '', 3, 'admin', '2025-11-26 17:51:00', '', '2025-11-26 17:54:11');
INSERT INTO `gen_table_column` VALUES (247, 18, 'self_target', '自评目标', 'text', 'String', 'selfTarget', '0', '0', '0', '1', '1', '1', '1', 'EQ', 'textarea', '', 4, 'admin', '2025-11-26 17:51:00', '', '2025-11-26 17:54:11');
INSERT INTO `gen_table_column` VALUES (248, 18, 'self_result', '自评成果', 'text', 'String', 'selfResult', '0', '0', '0', '1', '1', '1', '1', 'EQ', 'textarea', '', 5, 'admin', '2025-11-26 17:51:00', '', '2025-11-26 17:54:11');
INSERT INTO `gen_table_column` VALUES (249, 18, 'self_score', '自评分数', 'decimal(5,2)', 'BigDecimal', 'selfScore', '0', '0', '0', '1', '1', '1', '1', 'EQ', 'input', '', 6, 'admin', '2025-11-26 17:51:00', '', '2025-11-26 17:54:11');
INSERT INTO `gen_table_column` VALUES (250, 18, 'self_comment', '自评评语', 'text', 'String', 'selfComment', '0', '0', '0', '1', '1', '1', '1', 'EQ', 'textarea', '', 7, 'admin', '2025-11-26 17:51:00', '', '2025-11-26 17:54:11');
INSERT INTO `gen_table_column` VALUES (251, 18, 'final_score', '最终评分', 'decimal(5,2)', 'BigDecimal', 'finalScore', '0', '0', '0', '1', '1', '1', '1', 'EQ', 'input', '', 8, 'admin', '2025-11-26 17:51:00', '', '2025-11-26 17:54:11');
INSERT INTO `gen_table_column` VALUES (252, 18, 'final_comment', '最终评语', 'text', 'String', 'finalComment', '0', '0', '0', '1', '1', '1', '1', 'EQ', 'textarea', '', 9, 'admin', '2025-11-26 17:51:00', '', '2025-11-26 17:54:11');
INSERT INTO `gen_table_column` VALUES (253, 18, 'sort_order', '排序', 'int(11)', 'Long', 'sortOrder', '0', '0', '0', '1', '1', '1', '1', 'EQ', 'input', '', 10, 'admin', '2025-11-26 17:51:00', '', '2025-11-26 17:54:11');
INSERT INTO `gen_table_column` VALUES (254, 18, 'del_flag', '删除标志（0:存在 1:删除）', 'char(1)', 'String', 'delFlag', '0', '0', '0', '1', NULL, NULL, NULL, 'EQ', 'input', '', 11, 'admin', '2025-11-26 17:51:00', '', '2025-11-26 17:54:11');
INSERT INTO `gen_table_column` VALUES (255, 18, 'create_by', '创建者', 'varchar(64)', 'String', 'createBy', '0', '0', '0', '1', NULL, NULL, NULL, 'EQ', 'input', '', 12, 'admin', '2025-11-26 17:51:00', '', '2025-11-26 17:54:11');
INSERT INTO `gen_table_column` VALUES (256, 18, 'create_time', '创建时间', 'datetime', 'Date', 'createTime', '0', '0', '0', '1', NULL, NULL, NULL, 'EQ', 'datetime', '', 13, 'admin', '2025-11-26 17:51:00', '', '2025-11-26 17:54:11');
INSERT INTO `gen_table_column` VALUES (257, 18, 'update_by', '更新者', 'varchar(64)', 'String', 'updateBy', '0', '0', '0', '1', '1', NULL, NULL, 'EQ', 'input', '', 14, 'admin', '2025-11-26 17:51:00', '', '2025-11-26 17:54:11');
INSERT INTO `gen_table_column` VALUES (258, 18, 'update_time', '更新时间', 'datetime', 'Date', 'updateTime', '0', '0', '0', '1', '1', NULL, NULL, 'EQ', 'datetime', '', 15, 'admin', '2025-11-26 17:51:00', '', '2025-11-26 17:54:11');
INSERT INTO `gen_table_column` VALUES (259, 19, 'id', '流程ID', 'bigint(20)', 'Long', 'id', '1', '1', '0', '1', NULL, NULL, NULL, 'EQ', 'input', '', 1, 'admin', '2025-11-26 17:51:00', '', '2025-11-26 17:53:38');
INSERT INTO `gen_table_column` VALUES (260, 19, 'performance_id', '绩效ID', 'bigint(20)', 'Long', 'performanceId', '0', '0', '1', '1', '1', '1', '1', 'EQ', 'input', '', 2, 'admin', '2025-11-26 17:51:00', '', '2025-11-26 17:53:38');
INSERT INTO `gen_table_column` VALUES (261, 19, 'step', '步骤序号', 'int(11)', 'Long', 'step', '0', '0', '1', '1', '1', '1', '1', 'EQ', 'input', '', 3, 'admin', '2025-11-26 17:51:00', '', '2025-11-26 17:53:38');
INSERT INTO `gen_table_column` VALUES (262, 19, 'step_name', '步骤名称', 'varchar(100)', 'String', 'stepName', '0', '0', '1', '1', '1', '1', '1', 'LIKE', 'input', '', 4, 'admin', '2025-11-26 17:51:00', '', '2025-11-26 17:53:38');
INSERT INTO `gen_table_column` VALUES (263, 19, 'scorer_id', '评分人ID', 'bigint(20)', 'Long', 'scorerId', '0', '0', '1', '1', '1', '1', '1', 'EQ', 'input', '', 5, 'admin', '2025-11-26 17:51:00', '', '2025-11-26 17:53:38');
INSERT INTO `gen_table_column` VALUES (264, 19, 'scorer_type', '评分人类型(DIRECT_LEADER:直属上级, DEPT_HEAD:部门负责人, HR:HR)', 'varchar(20)', 'String', 'scorerType', '0', '0', '1', '1', '1', '1', '1', 'EQ', 'select', '', 6, 'admin', '2025-11-26 17:51:00', '', '2025-11-26 17:53:39');
INSERT INTO `gen_table_column` VALUES (265, 19, 'score', '评分', 'decimal(5,2)', 'BigDecimal', 'score', '0', '0', '0', '1', '1', '1', '1', 'EQ', 'input', '', 7, 'admin', '2025-11-26 17:51:00', '', '2025-11-26 17:53:39');
INSERT INTO `gen_table_column` VALUES (266, 19, 'comment', '评语', 'text', 'String', 'comment', '0', '0', '0', '1', '1', '1', '1', 'EQ', 'textarea', '', 8, 'admin', '2025-11-26 17:51:00', '', '2025-11-26 17:53:39');
INSERT INTO `gen_table_column` VALUES (267, 19, 'status', '状态(PENDING:待处理, SCORED:已评分, SKIPPED:已跳过)', 'varchar(20)', 'String', 'status', '0', '0', '1', '1', '1', '1', '1', 'EQ', 'radio', '', 9, 'admin', '2025-11-26 17:51:00', '', '2025-11-26 17:53:39');
INSERT INTO `gen_table_column` VALUES (268, 19, 'submit_time', '提交时间', 'datetime', 'Date', 'submitTime', '0', '0', '0', '1', '1', '1', '1', 'EQ', 'datetime', '', 10, 'admin', '2025-11-26 17:51:00', '', '2025-11-26 17:53:39');
INSERT INTO `gen_table_column` VALUES (269, 19, 'del_flag', '删除标志（0:存在 1:删除）', 'char(1)', 'String', 'delFlag', '0', '0', '0', '1', NULL, NULL, NULL, 'EQ', 'input', '', 11, 'admin', '2025-11-26 17:51:00', '', '2025-11-26 17:53:39');
INSERT INTO `gen_table_column` VALUES (270, 19, 'create_time', '创建时间', 'datetime', 'Date', 'createTime', '0', '0', '0', '1', NULL, NULL, NULL, 'EQ', 'datetime', '', 12, 'admin', '2025-11-26 17:51:00', '', '2025-11-26 17:53:39');
INSERT INTO `gen_table_column` VALUES (271, 19, 'update_time', '更新时间', 'datetime', 'Date', 'updateTime', '0', '0', '0', '1', '1', NULL, NULL, 'EQ', 'datetime', '', 13, 'admin', '2025-11-26 17:51:00', '', '2025-11-26 17:53:39');
INSERT INTO `gen_table_column` VALUES (272, 20, 'id', '配置ID', 'bigint(20)', 'Long', 'id', '1', '1', '0', '1', NULL, NULL, NULL, 'EQ', 'input', '', 1, 'admin', '2025-11-26 17:51:00', '', '2025-11-26 17:52:45');
INSERT INTO `gen_table_column` VALUES (273, 20, 'config_name', '配置名称', 'varchar(100)', 'String', 'configName', '0', '0', '1', '1', '1', '1', '1', 'LIKE', 'input', '', 2, 'admin', '2025-11-26 17:51:00', '', '2025-11-26 17:52:45');
INSERT INTO `gen_table_column` VALUES (274, 20, 'template_id', '模板ID', 'bigint(20)', 'Long', 'templateId', '0', '0', '1', '1', '1', '1', '1', 'EQ', 'input', '', 3, 'admin', '2025-11-26 17:51:00', '', '2025-11-26 17:52:45');
INSERT INTO `gen_table_column` VALUES (275, 20, 'dept_id', '适用部门ID', 'bigint(20)', 'Long', 'deptId', '0', '0', '0', '1', '1', '1', '1', 'EQ', 'input', '', 4, 'admin', '2025-11-26 17:51:00', '', '2025-11-26 17:52:45');
INSERT INTO `gen_table_column` VALUES (276, 20, 'workflow_steps', '流程步骤配置', 'json', 'String', 'workflowSteps', '0', '0', '1', '1', '1', '1', '1', 'EQ', NULL, '', 5, 'admin', '2025-11-26 17:51:00', '', '2025-11-26 17:52:45');
INSERT INTO `gen_table_column` VALUES (277, 20, 'status', '状态(0:正常 1:停用)', 'char(1)', 'String', 'status', '0', '0', '1', '1', '1', '1', '1', 'EQ', 'radio', '', 6, 'admin', '2025-11-26 17:51:00', '', '2025-11-26 17:52:45');
INSERT INTO `gen_table_column` VALUES (278, 20, 'remark', '备注', 'varchar(500)', 'String', 'remark', '0', '0', '0', '1', '1', '1', NULL, 'EQ', 'textarea', '', 7, 'admin', '2025-11-26 17:51:00', '', '2025-11-26 17:52:45');
INSERT INTO `gen_table_column` VALUES (279, 20, 'del_flag', '删除标志（0:存在 1:删除）', 'char(1)', 'String', 'delFlag', '0', '0', '0', '1', NULL, NULL, NULL, 'EQ', 'input', '', 8, 'admin', '2025-11-26 17:51:00', '', '2025-11-26 17:52:45');
INSERT INTO `gen_table_column` VALUES (280, 20, 'create_by', '创建者', 'varchar(64)', 'String', 'createBy', '0', '0', '0', '1', NULL, NULL, NULL, 'EQ', 'input', '', 9, 'admin', '2025-11-26 17:51:00', '', '2025-11-26 17:52:45');
INSERT INTO `gen_table_column` VALUES (281, 20, 'create_time', '创建时间', 'datetime', 'Date', 'createTime', '0', '0', '0', '1', NULL, NULL, NULL, 'EQ', 'datetime', '', 10, 'admin', '2025-11-26 17:51:00', '', '2025-11-26 17:52:45');
INSERT INTO `gen_table_column` VALUES (282, 20, 'update_by', '更新者', 'varchar(64)', 'String', 'updateBy', '0', '0', '0', '1', '1', NULL, NULL, 'EQ', 'input', '', 11, 'admin', '2025-11-26 17:51:00', '', '2025-11-26 17:52:45');
INSERT INTO `gen_table_column` VALUES (283, 20, 'update_time', '更新时间', 'datetime', 'Date', 'updateTime', '0', '0', '0', '1', '1', NULL, NULL, 'EQ', 'datetime', '', 12, 'admin', '2025-11-26 17:51:00', '', '2025-11-26 17:52:45');
INSERT INTO `gen_table_column` VALUES (284, 21, 'id', '绩效ID', 'bigint(20)', 'Long', 'id', '1', '1', '0', '1', NULL, NULL, NULL, 'EQ', 'input', '', 1, 'admin', '2025-12-02 16:13:50', '', '2025-12-02 16:16:24');
INSERT INTO `gen_table_column` VALUES (285, 21, 'content_id', '绩效内容id', 'bigint(20)', 'Long', 'contentId', '0', '0', '1', '1', '1', '1', '1', 'EQ', 'input', '', 2, 'admin', '2025-12-02 16:13:50', '', '2025-12-02 16:16:24');
INSERT INTO `gen_table_column` VALUES (286, 21, 'score_user_id', '评分人ID', 'bigint(20)', 'Long', 'scoreUserId', '0', '0', '1', '1', '1', '1', '1', 'EQ', 'input', '', 3, 'admin', '2025-12-02 16:13:50', '', '2025-12-02 16:16:24');
INSERT INTO `gen_table_column` VALUES (287, 21, 'score', '得分', 'decimal(5,2)', 'BigDecimal', 'score', '0', '0', '0', '1', '1', '1', '1', 'EQ', 'input', '', 4, 'admin', '2025-12-02 16:13:50', '', '2025-12-02 16:16:24');
INSERT INTO `gen_table_column` VALUES (288, 21, 'remark', '备注', 'varchar(500)', 'String', 'remark', '0', '0', '0', '1', '1', '1', NULL, 'EQ', 'textarea', '', 5, 'admin', '2025-12-02 16:13:50', '', '2025-12-02 16:16:24');
INSERT INTO `gen_table_column` VALUES (289, 21, 'del_flag', '删除标志（0:存在 1:删除）', 'char(1)', 'String', 'delFlag', '0', '0', '0', '1', NULL, NULL, NULL, 'EQ', 'input', '', 6, 'admin', '2025-12-02 16:13:50', '', '2025-12-02 16:16:24');
INSERT INTO `gen_table_column` VALUES (290, 21, 'create_by', '创建者', 'varchar(64)', 'String', 'createBy', '0', '0', '0', '1', NULL, NULL, NULL, 'EQ', 'input', '', 7, 'admin', '2025-12-02 16:13:50', '', '2025-12-02 16:16:24');
INSERT INTO `gen_table_column` VALUES (291, 21, 'create_time', '创建时间', 'datetime', 'Date', 'createTime', '0', '0', '0', '1', NULL, NULL, NULL, 'EQ', 'datetime', '', 8, 'admin', '2025-12-02 16:13:50', '', '2025-12-02 16:16:24');
INSERT INTO `gen_table_column` VALUES (292, 21, 'update_by', '更新者', 'varchar(64)', 'String', 'updateBy', '0', '0', '0', '1', '1', NULL, NULL, 'EQ', 'input', '', 9, 'admin', '2025-12-02 16:13:50', '', '2025-12-02 16:16:24');
INSERT INTO `gen_table_column` VALUES (293, 21, 'update_time', '更新时间', 'datetime', 'Date', 'updateTime', '0', '0', '0', '1', '1', NULL, NULL, 'EQ', 'datetime', '', 10, 'admin', '2025-12-02 16:13:50', '', '2025-12-02 16:16:24');

-- ----------------------------
-- Table structure for perf_appeal
-- ----------------------------
DROP TABLE IF EXISTS `perf_appeal`;
CREATE TABLE `perf_appeal`  (
  `id` bigint(20) NOT NULL AUTO_INCREMENT COMMENT '申诉ID',
  `performance_id` bigint(20) NOT NULL COMMENT '绩效ID',
  `appeal_reason` text CHARACTER SET utf8mb4 COLLATE utf8mb4_unicode_ci NOT NULL COMMENT '申诉理由',
  `appeal_status` varchar(20) CHARACTER SET utf8mb4 COLLATE utf8mb4_unicode_ci NOT NULL COMMENT '申诉状态(PENDING:待处理, RESOLVED:已处理)',
  `processor_id` bigint(20) NULL DEFAULT NULL COMMENT '处理人ID',
  `process_comment` text CHARACTER SET utf8mb4 COLLATE utf8mb4_unicode_ci NULL COMMENT '处理意见',
  `process_result` varchar(500) CHARACTER SET utf8mb4 COLLATE utf8mb4_unicode_ci NULL DEFAULT NULL COMMENT '处理结果',
  `if_adjust_score` int(11) NULL DEFAULT NULL COMMENT '是否调整分值：0-否 1-是',
  `adjust_score` decimal(5, 2) NULL DEFAULT NULL COMMENT '调整分数',
  `appeal_time` datetime NULL DEFAULT NULL COMMENT '申诉时间',
  `process_time` datetime NULL DEFAULT NULL COMMENT '处理时间',
  `remark` varchar(255) CHARACTER SET utf8mb4 COLLATE utf8mb4_unicode_ci NULL DEFAULT NULL COMMENT '备注',
  `del_flag` char(1) CHARACTER SET utf8mb4 COLLATE utf8mb4_unicode_ci NULL DEFAULT '0' COMMENT '删除标志（0:存在 1:删除）',
  `create_by` varchar(64) CHARACTER SET utf8mb4 COLLATE utf8mb4_unicode_ci NULL DEFAULT '' COMMENT '创建者',
  `create_time` datetime NULL DEFAULT NULL COMMENT '创建时间',
  `update_by` varchar(64) CHARACTER SET utf8mb4 COLLATE utf8mb4_unicode_ci NULL DEFAULT '' COMMENT '更新者',
  `update_time` datetime NULL DEFAULT NULL COMMENT '更新时间',
  PRIMARY KEY (`id`) USING BTREE,
  INDEX `idx_performance_id`(`performance_id`) USING BTREE,
  INDEX `idx_appeal_status`(`appeal_status`) USING BTREE
) ENGINE = InnoDB AUTO_INCREMENT = 5 CHARACTER SET = utf8mb4 COLLATE = utf8mb4_unicode_ci COMMENT = '绩效申诉表' ROW_FORMAT = Dynamic;

-- ----------------------------
-- Records of perf_appeal
-- ----------------------------
INSERT INTO `perf_appeal` VALUES (3, 1014, '分布式', 'RESOLVED', 1, '666', NULL, NULL, NULL, '2025-12-05 18:30:16', '2025-12-08 14:00:38', NULL, '0', '1', '2025-12-05 18:30:16', '', NULL);
INSERT INTO `perf_appeal` VALUES (4, 1014, '999', 'PENDING', 1, '66666', NULL, 1, 99.00, '2025-12-08 14:01:10', '2025-12-08 14:04:38', NULL, '0', '1', '2025-12-08 14:01:10', '', NULL);

-- ----------------------------
-- Table structure for perf_interview
-- ----------------------------
DROP TABLE IF EXISTS `perf_interview`;
CREATE TABLE `perf_interview`  (
  `id` bigint(20) NOT NULL AUTO_INCREMENT COMMENT '面谈ID',
  `performance_id` bigint(20) NOT NULL COMMENT '绩效ID',
  `interviewer_id` bigint(20) NOT NULL COMMENT '面谈人ID',
  `interviewee_id` bigint(20) NOT NULL COMMENT '被面谈人ID',
  `interview_time` datetime NULL DEFAULT NULL COMMENT '面谈时间',
  `key_points` text CHARACTER SET utf8mb4 COLLATE utf8mb4_unicode_ci NULL COMMENT '面谈要点',
  `strengths` text CHARACTER SET utf8mb4 COLLATE utf8mb4_unicode_ci NULL COMMENT '优点与成绩',
  `improvements` text CHARACTER SET utf8mb4 COLLATE utf8mb4_unicode_ci NULL COMMENT '待改进点',
  `action_plan` text CHARACTER SET utf8mb4 COLLATE utf8mb4_unicode_ci NULL COMMENT '行动计划',
  `feedback` text CHARACTER SET utf8mb4 COLLATE utf8mb4_unicode_ci NULL COMMENT '员工反馈',
  `if_interview` int(11) NULL DEFAULT 0 COMMENT '是否已面谈：0-否 1-是',
  `del_flag` char(1) CHARACTER SET utf8mb4 COLLATE utf8mb4_unicode_ci NULL DEFAULT '0' COMMENT '删除标志（0:存在 1:删除）',
  `create_by` varchar(64) CHARACTER SET utf8mb4 COLLATE utf8mb4_unicode_ci NULL DEFAULT '' COMMENT '创建者',
  `create_time` datetime NULL DEFAULT NULL COMMENT '创建时间',
  `update_by` varchar(64) CHARACTER SET utf8mb4 COLLATE utf8mb4_unicode_ci NULL DEFAULT '' COMMENT '更新者',
  `update_time` datetime NULL DEFAULT NULL COMMENT '更新时间',
  PRIMARY KEY (`id`) USING BTREE,
  UNIQUE INDEX `uk_performance_id`(`performance_id`) USING BTREE,
  INDEX `idx_interviewer_id`(`interviewer_id`) USING BTREE,
  INDEX `idx_interviewee_id`(`interviewee_id`) USING BTREE
) ENGINE = InnoDB AUTO_INCREMENT = 4 CHARACTER SET = utf8mb4 COLLATE = utf8mb4_unicode_ci COMMENT = '绩效面谈表' ROW_FORMAT = Dynamic;

-- ----------------------------
-- Records of perf_interview
-- ----------------------------

-- ----------------------------
-- Table structure for perf_performance
-- ----------------------------
DROP TABLE IF EXISTS `perf_performance`;
CREATE TABLE `perf_performance`  (
  `id` bigint(20) NOT NULL AUTO_INCREMENT COMMENT '绩效ID',
  `performance_no` varchar(50) CHARACTER SET utf8mb4 COLLATE utf8mb4_unicode_ci NOT NULL COMMENT '绩效编号',
  `period_id` bigint(20) NOT NULL COMMENT '绩效周期ID',
  `template_id` bigint(20) NOT NULL COMMENT '模板ID',
  `user_id` bigint(20) NOT NULL COMMENT '员工ID',
  `dept_id` bigint(20) NOT NULL COMMENT '部门ID',
  `self_score` decimal(5, 2) NULL DEFAULT NULL COMMENT '自评总分',
  `final_score` decimal(5, 2) NULL DEFAULT NULL COMMENT '最终得分',
  `current_step` int(11) NULL DEFAULT 0 COMMENT '当前步骤：0-草稿状态 / 员工自评中 1-待直属上级评分 2-待部门负责人评分  3-待审核人确认 4-已完成所有步骤',
  `status` varchar(20) CHARACTER SET utf8mb4 COLLATE utf8mb4_unicode_ci NOT NULL COMMENT '状态(DRAFT:草稿, PENDING_SCORE:待评分, PENDING_HR:待HR确认, CONFIRMED:已确认, REJECTED:已驳回, APPEAL:申诉中)',
  `reject_reason` varchar(500) CHARACTER SET utf8mb4 COLLATE utf8mb4_unicode_ci NULL DEFAULT NULL COMMENT '驳回原因',
  `submit_time` datetime NULL DEFAULT NULL COMMENT '提交时间',
  `confirm_time` datetime NULL DEFAULT NULL COMMENT '确认时间',
  `scoring_time` datetime NULL DEFAULT NULL COMMENT '评分时间',
  `audit_confirm_time` datetime NULL DEFAULT NULL COMMENT '审核人员确认时间',
  `remark` varchar(500) CHARACTER SET utf8mb4 COLLATE utf8mb4_unicode_ci NULL DEFAULT NULL COMMENT '备注',
  `del_flag` char(1) CHARACTER SET utf8mb4 COLLATE utf8mb4_unicode_ci NULL DEFAULT '0' COMMENT '删除标志（0:存在 1:删除）',
  `create_by` varchar(64) CHARACTER SET utf8mb4 COLLATE utf8mb4_unicode_ci NULL DEFAULT '' COMMENT '创建者',
  `create_time` datetime NULL DEFAULT NULL COMMENT '创建时间',
  `update_by` varchar(64) CHARACTER SET utf8mb4 COLLATE utf8mb4_unicode_ci NULL DEFAULT '' COMMENT '更新者',
  `update_time` datetime NULL DEFAULT NULL COMMENT '更新时间',
  PRIMARY KEY (`id`) USING BTREE,
  UNIQUE INDEX `uk_performance_no`(`performance_no`) USING BTREE,
  INDEX `idx_period_user`(`period_id`, `user_id`) USING BTREE,
  INDEX `idx_user_status`(`user_id`, `status`) USING BTREE,
  INDEX `idx_dept_period`(`dept_id`, `period_id`) USING BTREE,
  INDEX `idx_status`(`status`) USING BTREE
) ENGINE = InnoDB AUTO_INCREMENT = 1018 CHARACTER SET = utf8mb4 COLLATE = utf8mb4_unicode_ci COMMENT = '绩效实例表' ROW_FORMAT = Dynamic;

-- ----------------------------
-- Records of perf_performance
-- ----------------------------
INSERT INTO `perf_performance` VALUES (1012, 'PERF202512041354541313', 112, 106, 1, 103, 96.50, 0.00, 1, 'PENDING_SCORE', '不行啊', '2025-12-05 17:00:01', NULL, NULL, NULL, NULL, '2', '1', '2025-12-04 13:54:54', '1', '2025-12-05 17:00:01');
INSERT INTO `perf_performance` VALUES (1013, 'PERF202512041723399031', 113, 106, 1, 103, 100.00, 87.50, 2, 'PENDING_AUDIT', NULL, '2025-12-05 10:10:44', NULL, '2025-12-05 11:07:55', NULL, NULL, '2', '1', '2025-12-04 17:23:40', '1', '2025-12-05 11:07:55');
INSERT INTO `perf_performance` VALUES (1014, 'PERF202512051112529761', 110, 106, 1, 103, 100.00, 99.00, 2, 'CONFIRMED', NULL, '2025-12-05 11:13:27', '2025-12-05 16:19:02', '2025-12-05 11:15:00', NULL, NULL, '2', '1', '2025-12-05 11:12:52', '1', '2025-12-08 14:04:38');
INSERT INTO `perf_performance` VALUES (1015, 'PERF202512101655035163', 121, 109, 101, 103, 100.00, 99.50, 2, 'CONFIRMED', NULL, '2025-12-10 17:33:36', '2025-12-10 18:03:33', '2025-12-10 18:02:58', NULL, NULL, '0', '1', '2025-12-10 16:55:04', '101', '2025-12-10 18:03:33');
INSERT INTO `perf_performance` VALUES (1016, 'PERF202512101714113784', 122, 112, 105, 104, 100.00, 0.00, 1, 'PENDING_SCORE', NULL, '2025-12-10 17:49:22', NULL, NULL, NULL, NULL, '0', '105', '2025-12-10 17:14:11', '105', '2025-12-10 17:49:22');
INSERT INTO `perf_performance` VALUES (1017, 'PERF202512101719246807', 121, 107, 110, 101, NULL, NULL, 0, 'PENDING_SUBMISSION', NULL, NULL, NULL, NULL, NULL, NULL, '0', '110', '2025-12-10 17:19:25', '', NULL);

-- ----------------------------
-- Table structure for perf_performance_content
-- ----------------------------
DROP TABLE IF EXISTS `perf_performance_content`;
CREATE TABLE `perf_performance_content`  (
  `id` bigint(20) NOT NULL AUTO_INCREMENT COMMENT '内容ID',
  `performance_id` bigint(20) NOT NULL COMMENT '绩效ID',
  `item_id` bigint(20) NOT NULL COMMENT '指标项ID',
  `self_target` text CHARACTER SET utf8mb4 COLLATE utf8mb4_unicode_ci NULL COMMENT '自评目标',
  `self_result` text CHARACTER SET utf8mb4 COLLATE utf8mb4_unicode_ci NULL COMMENT '自评成果',
  `self_score` decimal(5, 2) NULL DEFAULT 0.00 COMMENT '自评分数',
  `self_comment` text CHARACTER SET utf8mb4 COLLATE utf8mb4_unicode_ci NULL COMMENT '自评评语',
  `final_score` decimal(5, 2) NULL DEFAULT 0.00 COMMENT '最终评分',
  `final_comment` text CHARACTER SET utf8mb4 COLLATE utf8mb4_unicode_ci NULL COMMENT '最终评语',
  `sort_order` int(11) NULL DEFAULT 0 COMMENT '排序',
  `del_flag` char(1) CHARACTER SET utf8mb4 COLLATE utf8mb4_unicode_ci NULL DEFAULT '0' COMMENT '删除标志（0:存在 1:删除）',
  `create_by` varchar(64) CHARACTER SET utf8mb4 COLLATE utf8mb4_unicode_ci NULL DEFAULT '' COMMENT '创建者',
  `create_time` datetime NULL DEFAULT NULL COMMENT '创建时间',
  `update_by` varchar(64) CHARACTER SET utf8mb4 COLLATE utf8mb4_unicode_ci NULL DEFAULT '' COMMENT '更新者',
  `update_time` datetime NULL DEFAULT NULL COMMENT '更新时间',
  PRIMARY KEY (`id`) USING BTREE,
  INDEX `idx_performance_id`(`performance_id`) USING BTREE,
  INDEX `idx_item_id`(`item_id`) USING BTREE
) ENGINE = InnoDB AUTO_INCREMENT = 249 CHARACTER SET = utf8mb4 COLLATE = utf8mb4_unicode_ci COMMENT = '绩效内容表' ROW_FORMAT = Dynamic;

-- ----------------------------
-- Records of perf_performance_content
-- ----------------------------
INSERT INTO `perf_performance_content` VALUES (171, 1012, 101, NULL, NULL, 0.00, NULL, 0.00, NULL, 0, '0', '1', '2025-12-04 13:54:54', '', '2025-12-05 09:43:28');
INSERT INTO `perf_performance_content` VALUES (172, 1012, 102, '文档基本完整，部分细节待补充', '文档基本完整', 30.00, '部分细节待补充', 29.00, NULL, 0, '0', '1', '2025-12-04 13:54:54', '1', '2025-12-05 17:00:01');
INSERT INTO `perf_performance_content` VALUES (173, 1012, 105, '提升代码质量，减少线上缺陷', '提升代码质量，减少线上缺陷', 10.00, '66', 10.00, NULL, 0, '0', '1', '2025-12-04 13:54:54', '1', '2025-12-05 17:00:01');
INSERT INTO `perf_performance_content` VALUES (174, 1012, 110, NULL, NULL, 0.00, NULL, 0.00, NULL, 0, '0', '1', '2025-12-04 13:54:54', '', '2025-12-05 09:43:28');
INSERT INTO `perf_performance_content` VALUES (175, 1012, 111, '核心业务逻辑测试覆盖良好', '核心业务逻辑测试', 9.50, '测试', 9.00, NULL, 0, '0', '1', '2025-12-04 13:54:54', '1', '2025-12-05 17:00:01');
INSERT INTO `perf_performance_content` VALUES (176, 1012, 112, '缺陷控制较好，但仍有改进空间', '但仍有改进空间', 9.00, '空间', 9.00, NULL, 0, '0', '1', '2025-12-04 13:54:54', '1', '2025-12-05 17:00:01');
INSERT INTO `perf_performance_content` VALUES (177, 1012, 113, '项目进度控制良好', '项目进度控制良好', 9.00, '良好', 10.00, NULL, 0, '0', '1', '2025-12-04 13:54:54', '1', '2025-12-05 17:00:01');
INSERT INTO `perf_performance_content` VALUES (178, 1012, 114, '代码质量有明显提升', '代码质量有明显提升', 19.00, '代码质量有明显提升', 18.50, NULL, 0, '0', '1', '2025-12-04 13:54:54', '1', '2025-12-05 17:00:01');
INSERT INTO `perf_performance_content` VALUES (179, 1012, 121, '积极参与代码审查，提出建设性意见', '积极参与代码审查，提出建设性意见', 10.00, '提出建设性意见', 9.50, NULL, 0, '0', '1', '2025-12-04 13:54:54', '1', '2025-12-05 17:00:01');
INSERT INTO `perf_performance_content` VALUES (180, 1012, 127, NULL, NULL, 0.00, NULL, 0.00, NULL, 0, '0', '1', '2025-12-04 13:54:54', '', '2025-12-05 09:43:28');
INSERT INTO `perf_performance_content` VALUES (181, 1013, 101, NULL, NULL, 0.00, NULL, 0.00, NULL, 0, '0', '1', '2025-12-04 17:23:40', '', '2025-12-05 11:07:55');
INSERT INTO `perf_performance_content` VALUES (182, 1013, 102, '自评', '自评', 30.00, NULL, 29.50, NULL, 0, '0', '1', '2025-12-04 17:23:40', '1', '2025-12-05 11:07:55');
INSERT INTO `perf_performance_content` VALUES (183, 1013, 105, '自评', '自评', 10.00, NULL, 9.60, NULL, 0, '0', '1', '2025-12-04 17:23:40', '1', '2025-12-05 11:07:55');
INSERT INTO `perf_performance_content` VALUES (184, 1013, 110, NULL, NULL, 0.00, NULL, 0.00, NULL, 0, '0', '1', '2025-12-04 17:23:40', '', '2025-12-05 11:07:55');
INSERT INTO `perf_performance_content` VALUES (185, 1013, 111, '自评', '自评', 10.00, NULL, 9.50, NULL, 0, '0', '1', '2025-12-04 17:23:40', '1', '2025-12-05 11:07:55');
INSERT INTO `perf_performance_content` VALUES (186, 1013, 112, '自评', '自评', 10.00, NULL, 10.00, NULL, 0, '0', '1', '2025-12-04 17:23:40', '1', '2025-12-05 11:07:55');
INSERT INTO `perf_performance_content` VALUES (187, 1013, 113, '自评', '自评', 10.00, NULL, 10.00, NULL, 0, '0', '1', '2025-12-04 17:23:40', '1', '2025-12-05 11:07:55');
INSERT INTO `perf_performance_content` VALUES (188, 1013, 114, '自评', '自评', 20.00, NULL, 19.10, NULL, 0, '0', '1', '2025-12-04 17:23:40', '1', '2025-12-05 11:07:55');
INSERT INTO `perf_performance_content` VALUES (189, 1013, 121, '自评', '自评', 10.00, '自评', 9.50, NULL, 0, '0', '1', '2025-12-04 17:23:40', '1', '2025-12-05 11:07:55');
INSERT INTO `perf_performance_content` VALUES (190, 1013, 127, NULL, NULL, 0.00, NULL, 0.00, NULL, 0, '0', '1', '2025-12-04 17:23:40', '', '2025-12-05 11:07:55');
INSERT INTO `perf_performance_content` VALUES (191, 1014, 101, NULL, NULL, 0.00, NULL, 0.00, NULL, 0, '0', '1', '2025-12-05 11:12:52', '', '2025-12-05 11:15:00');
INSERT INTO `perf_performance_content` VALUES (192, 1014, 102, '完整性', '完整性', 30.00, '完整性', 19.55, NULL, 0, '0', '1', '2025-12-05 11:12:52', '1', '2025-12-05 11:15:00');
INSERT INTO `perf_performance_content` VALUES (193, 1014, 105, '完整性', '完整性', 10.00, '完整性', 9.30, NULL, 0, '0', '1', '2025-12-05 11:12:52', '1', '2025-12-05 11:15:00');
INSERT INTO `perf_performance_content` VALUES (194, 1014, 110, NULL, NULL, 0.00, NULL, 0.00, NULL, 0, '0', '1', '2025-12-05 11:12:52', '', '2025-12-05 11:15:00');
INSERT INTO `perf_performance_content` VALUES (195, 1014, 111, '完整性', '完整性', 10.00, '完整性', 10.00, NULL, 0, '0', '1', '2025-12-05 11:12:52', '1', '2025-12-05 11:15:00');
INSERT INTO `perf_performance_content` VALUES (196, 1014, 112, '完整性', '完整性', 10.00, '完整性', 10.00, NULL, 0, '0', '1', '2025-12-05 11:12:52', '1', '2025-12-05 11:15:00');
INSERT INTO `perf_performance_content` VALUES (197, 1014, 113, '完整性', '完整性', 10.00, '完整性', 10.00, NULL, 0, '0', '1', '2025-12-05 11:12:52', '1', '2025-12-05 11:15:00');
INSERT INTO `perf_performance_content` VALUES (198, 1014, 114, '完整性', '完整性', 20.00, '完整性', 19.55, NULL, 0, '0', '1', '2025-12-05 11:12:52', '1', '2025-12-05 11:15:00');
INSERT INTO `perf_performance_content` VALUES (199, 1014, 121, '完整性', '完整性', 10.00, '完整性', 9.55, NULL, 0, '0', '1', '2025-12-05 11:12:52', '1', '2025-12-05 11:15:00');
INSERT INTO `perf_performance_content` VALUES (200, 1014, 127, NULL, NULL, 0.00, NULL, 0.00, NULL, 0, '0', '1', '2025-12-05 11:12:52', '', '2025-12-05 11:15:00');
INSERT INTO `perf_performance_content` VALUES (201, 1015, 171, NULL, NULL, 0.00, NULL, 0.00, NULL, 0, '0', '1', '2025-12-10 16:55:04', '', '2025-12-10 18:02:58');
INSERT INTO `perf_performance_content` VALUES (202, 1015, 172, '将P0/P1级关键缺陷占总缺陷的比例控制在0.1%以内', '本季度共产生125个缺陷，其中P0级0个，P1级1个，关键缺陷率为0.8%（1/125），未能达到目标', 15.00, '虽然整体缺陷数量有所减少，但出现了一次P1级线上问题。已制定专项改进措施，加强代码review和测试用例覆盖，预计下季度能够达标。', 15.00, NULL, 0, '0', '1', '2025-12-10 16:55:04', '101', '2025-12-10 18:02:58');
INSERT INTO `perf_performance_content` VALUES (203, 1015, 173, '确保季度内线上P1级事故数为0，最多不超过1次', '发生1次P1级事故（数据库连接池满导致服务不可用持续15分钟）', 10.00, '事故发生后迅速响应恢复，并在24小时内完成了根因分析和整改方案。已完成连接池监控告警优化和容量规划，建立了应急预案。', 10.00, NULL, 0, '0', '1', '2025-12-10 16:55:04', '101', '2025-12-10 18:02:58');
INSERT INTO `perf_performance_content` VALUES (204, 1015, 174, '核心业务代码单元测试覆盖率达到80%以上', '核心业务模块覆盖率从68%提升至82%，新增单元测试用例156个', 15.00, '超额完成目标，通过引入测试框架和建立持续集成流水线，确保了新增代码的测试覆盖。后续将重点关注集成测试和端到端测试的完善。', 15.00, NULL, 0, '0', '1', '2025-12-10 16:55:04', '101', '2025-12-10 18:02:58');
INSERT INTO `perf_performance_content` VALUES (205, 1015, 175, NULL, NULL, 0.00, NULL, 0.00, NULL, 0, '0', '1', '2025-12-10 16:55:04', '', '2025-12-10 18:02:58');
INSERT INTO `perf_performance_content` VALUES (206, 1015, 176, '将需求从评审到上线的平均周期从15天缩短至12天', '平均交付周期从15天降至11.5天，缩短了23.3%', 12.00, '通过优化需求评审流程、引入敏捷开发实践和建立并行开发机制，显著提升了交付速度。团队成员配合默契，流程优化初见成效。', 12.00, NULL, 0, '0', '1', '2025-12-10 16:55:04', '101', '2025-12-10 18:02:58');
INSERT INTO `perf_performance_content` VALUES (207, 1015, 177, '实现构建、部署、测试环节90%以上的自动化', '构建自动化100%，部署自动化95%，测试自动化85%，综合自动化率93%', 12.00, '成功搭建了完整的CI/CD流水线，减少了人工干预。UI自动化测试覆盖率仍需提升，计划在下季度引入更完善的测试框架。', 12.00, NULL, 0, '0', '1', '2025-12-10 16:55:04', '101', '2025-12-10 18:02:58');
INSERT INTO `perf_performance_content` VALUES (208, 1015, 178, '清理现有技术债务的30%以上', ' 共识别技术债务58项，已完成清理21项，清理率36.2%', 11.00, '设立了专门的技术债务清理周，团队共同解决了多个历史遗留问题。剩余债务已制定分期清理计划，预计半年内全部解决。', 11.00, NULL, 0, '0', '1', '2025-12-10 16:55:04', '101', '2025-12-10 18:02:58');
INSERT INTO `perf_performance_content` VALUES (209, 1015, 179, NULL, NULL, 0.00, NULL, 0.00, NULL, 0, '0', '1', '2025-12-10 16:55:04', '', '2025-12-10 18:02:58');
INSERT INTO `perf_performance_content` VALUES (210, 1015, 180, '每月组织不少于1次技术分享，参与率不低于80%', '本季度举办4次技术分享会，平均参与率92%，主题涵盖微服务架构、性能优化、新技术实践等', 8.00, '分享会质量较高，团队成员积极参与讨论和互动。已建立分享材料库，方便后续学习和参考。', 7.50, NULL, 0, '0', '1', '2025-12-10 16:55:04', '101', '2025-12-10 18:02:58');
INSERT INTO `perf_performance_content` VALUES (211, 1015, 181, '在至少2个项目中应用新技术框架或工具', ' 在3个项目中分别引入了GraphQL API网关、Redis Streams消息队列和容器化部署', 9.00, '新技术应用带来了明显的性能提升和开发效率改善，特别是在API响应速度和部署灵活性方面。', 9.00, NULL, 0, '0', '1', '2025-12-10 16:55:04', '101', '2025-12-10 18:02:58');
INSERT INTO `perf_performance_content` VALUES (212, 1015, 182, '确保新入职员工的培养计划100%完成', '本季度入职的3名新员工均按计划完成培养，2人已独立承担开发任务', 8.00, '建立了导师制度和阶段性考核机制，新人成长速度超出预期。将继续优化培养体系，加速人才梯队建设。', 8.00, NULL, 0, '0', '1', '2025-12-10 16:55:04', '101', '2025-12-10 18:02:58');
INSERT INTO `perf_performance_content` VALUES (213, 1016, 199, NULL, NULL, 0.00, NULL, 0.00, NULL, 0, '0', '105', '2025-12-10 17:14:11', '', NULL);
INSERT INTO `perf_performance_content` VALUES (214, 1016, 200, '完成招聘目标100%-120%（4分标准）', '​ 计划招聘45人，实际到岗52人，完成率115.6%，获得4分', 10.00, '通过优化招聘渠道和加强雇主品牌建设，超额完成招聘目标。特别是技术岗位招聘效率显著提升，满足了业务快速发展需求。', 0.00, NULL, 0, '0', '105', '2025-12-10 17:14:11', '105', '2025-12-10 17:49:22');
INSERT INTO `perf_performance_content` VALUES (215, 1016, 201, '招聘周期缩短20%-30%（4分标准）', '平均招聘周期从32天缩短至24天，缩短25%，获得4分', 10.00, '建立了标准化的面试流程和快速决策机制，通过数字化工具提升面试安排效率。加强了人才库建设和内部推荐激励。', 0.00, NULL, 0, '0', '105', '2025-12-10 17:14:11', '105', '2025-12-10 17:49:22');
INSERT INTO `perf_performance_content` VALUES (216, 1016, 202, '试用期通过率达到90%-95%（4分标准）', '试用期员工52人中48人通过，通过率92.3%，获得4分', 10.00, '优化了新员工入职引导和导师制度，建立了试用期目标管理和定期沟通机制。候选人质量把控严格，人岗匹配度较高。', 0.00, NULL, 0, '0', '105', '2025-12-10 17:14:11', '105', '2025-12-10 17:49:22');
INSERT INTO `perf_performance_content` VALUES (217, 1016, 203, NULL, NULL, 0.00, NULL, 0.00, NULL, 0, '0', '105', '2025-12-10 17:14:11', '', NULL);
INSERT INTO `perf_performance_content` VALUES (218, 1016, 204, '员工流失率控制在5%-8%（4分标准）', '季度主动离职员工12人，总人数320人，流失率3.75%，获得5分', 9.00, '通过完善的职业发展通道、有竞争力的薪酬体系和良好的企业文化，员工稳定性显著提升。建立了离职预警和挽留机制。', 0.00, NULL, 0, '0', '105', '2025-12-10 17:14:11', '105', '2025-12-10 17:49:22');
INSERT INTO `perf_performance_content` VALUES (219, 1016, 205, '核心员工保留率90%-95%（4分标准）', '核心员工45人中42人保留，保留率93.3%，获得4分', 8.00, '实施了核心员工激励计划，包括股权激励、专项培训和发展机会。定期与核心员工沟通职业发展需求，满意度较高。', 0.00, NULL, 0, '0', '105', '2025-12-10 17:14:11', '105', '2025-12-10 17:49:22');
INSERT INTO `perf_performance_content` VALUES (220, 1016, 206, '内部晋升率达到10%-15%（4分标准）', '季度内部晋升28人，总人数320人，晋升率8.75%，获得3分', 8.00, '虽然建立了清晰的晋升通道，但在实际执行中部分岗位晋升节奏偏慢。下季度将加强人才盘点和发展计划落地。', 0.00, NULL, 0, '0', '105', '2025-12-10 17:14:11', '105', '2025-12-10 17:49:22');
INSERT INTO `perf_performance_content` VALUES (221, 1016, 207, NULL, NULL, 0.00, NULL, 0.00, NULL, 0, '0', '105', '2025-12-10 17:14:11', '', NULL);
INSERT INTO `perf_performance_content` VALUES (222, 1016, 208, '培训计划完成率90%-100%（4分标准）', '计划培训18场，实际完成16场，完成率88.9%，获得3分', 7.00, '由于业务繁忙，部分培训安排被推迟。已调整培训计划，增加线上培训和灵活学习方式，确保培训覆盖。', 0.00, NULL, 0, '0', '105', '2025-12-10 17:14:11', '105', '2025-12-10 17:49:22');
INSERT INTO `perf_performance_content` VALUES (223, 1016, 209, '培训满意度达到4.0-4.5分（4分标准）', '培训平均满意度4.3分，获得4分', 7.00, '培训内容更加贴近业务需求，讲师质量有所提升。建立了培训效果评估机制，确保学以致用。', 0.00, NULL, 0, '0', '105', '2025-12-10 17:14:11', '105', '2025-12-10 17:49:22');
INSERT INTO `perf_performance_content` VALUES (224, 1016, 210, '人均培训时长30-40小时（4分标准）', '人均培训时长28小时，获得3分', 6.00, '受工作安排影响，部分员工培训时间不足。将推出微课和碎片化学习内容，方便员工灵活安排学习时间。', 0.00, NULL, 0, '0', '105', '2025-12-10 17:14:11', '105', '2025-12-10 17:49:22');
INSERT INTO `perf_performance_content` VALUES (225, 1016, 211, NULL, NULL, 0.00, NULL, 0.00, NULL, 0, '0', '105', '2025-12-10 17:14:11', '', NULL);
INSERT INTO `perf_performance_content` VALUES (226, 1016, 212, '薪酬满意度达到4.0-4.5分（4分标准）', '薪酬满意度调研得分4.2分，获得4分', 5.00, ' 进行了薪酬结构优化和市场对标，建立了更加公平透明的薪酬体系。绩效与薪酬挂钩更加紧密。', 0.00, NULL, 0, '0', '105', '2025-12-10 17:14:11', '105', '2025-12-10 17:49:22');
INSERT INTO `perf_performance_content` VALUES (227, 1016, 213, '绩效考核完成率100%有延迟（4分标准）', '绩效考核100%完成，但部分部门有3天延迟，获得4分', 5.00, '优化了绩效考核流程，通过系统化工具提升了效率。建立了绩效考核提醒和督促机制。', 0.00, NULL, 0, '0', '105', '2025-12-10 17:14:11', '105', '2025-12-10 17:49:22');
INSERT INTO `perf_performance_content` VALUES (228, 1016, 214, '薪酬预算控制±5%内（4分标准）', '实际薪酬支出比预算高2.8%，获得5分', 5.00, '薪酬预算管理精细，通过动态调整和成本控制，确保在预算范围内。建立了薪酬数据分析体系。', 0.00, NULL, 0, '0', '105', '2025-12-10 17:14:11', '105', '2025-12-10 17:49:22');
INSERT INTO `perf_performance_content` VALUES (229, 1016, 215, NULL, NULL, 0.00, NULL, 0.00, NULL, 0, '0', '105', '2025-12-10 17:14:11', '', NULL);
INSERT INTO `perf_performance_content` VALUES (230, 1016, 216, '员工满意度达到4.0-4.5分（4分标准）', '年度员工满意度调研得分4.3分，获得4分', 4.00, '通过员工关怀、沟通渠道畅通和文化建设，员工整体满意度较高。定期组织管理层与员工沟通会。', 0.00, NULL, 0, '0', '105', '2025-12-10 17:14:11', '105', '2025-12-10 17:49:22');
INSERT INTO `perf_performance_content` VALUES (231, 1016, 217, '​ 文化活动参与率70%-80%（4分标准）', '文化活动平均参与率72.5%，获得4分', 3.00, '活动形式更加多样化，包括团队建设、节日庆祝、兴趣小组等。增强了员工归属感和团队凝聚力。', 0.00, NULL, 0, '0', '105', '2025-12-10 17:14:11', '105', '2025-12-10 17:49:22');
INSERT INTO `perf_performance_content` VALUES (232, 1016, 218, '无劳动纠纷（5分标准）', '本季度无劳动纠纷，获得5分', 3.00, '劳动用工管理规范，建立了完善的员工关系处理机制。定期进行劳动法规培训，确保合法合规。', 0.00, NULL, 0, '0', '105', '2025-12-10 17:14:11', '105', '2025-12-10 17:49:22');
INSERT INTO `perf_performance_content` VALUES (233, 1017, 183, NULL, NULL, 0.00, NULL, 0.00, NULL, 0, '0', '110', '2025-12-10 17:19:25', '', NULL);
INSERT INTO `perf_performance_content` VALUES (234, 1017, 184, '季度新增注册用户数达到5万人，完成目标120%以上（4分标准）', '实际新增用户6.2万人，完成目标124%，获得4分', 10.00, '通过精准渠道投放和内容营销组合，用户增长超出预期。其中社交媒体渠道贡献40%，SEO自然流量增长明显。下季度将重点优化注册转化漏斗。', 0.00, NULL, 0, '0', '110', '2025-12-10 17:19:25', '110', '2025-12-10 17:44:02');
INSERT INTO `perf_performance_content` VALUES (235, 1017, 185, '将平均获客成本控制在50元/人以内，相比预算降低10%以上（4分标准）', ' 实际CAC为45元/人，相比预算55元降低18%，获得5分', 10.00, '通过数据分析和渠道优化，淘汰了低效投放渠道，重点投入高ROI渠道。建立了动态预算分配机制，实现成本最优。', 0.00, NULL, 0, '0', '110', '2025-12-10 17:19:25', '110', '2025-12-10 17:44:02');
INSERT INTO `perf_performance_content` VALUES (236, 1017, 186, '月活跃用户环比增长达到15%以上（4分标准）', 'MAU从85万增长至98万，环比增长15.3%，获得4分', 10.00, '用户增长与活跃度同步提升，通过精细化运营和用户分层策略，实现了健康增长。新增用户质量较高，7日留存表现良好。', 0.00, NULL, 0, '0', '110', '2025-12-10 17:19:25', '110', '2025-12-10 17:44:02');
INSERT INTO `perf_performance_content` VALUES (237, 1017, 187, NULL, NULL, 0.00, NULL, 0.00, NULL, 0, '0', '110', '2025-12-10 17:19:25', '', NULL);
INSERT INTO `perf_performance_content` VALUES (238, 1017, 188, 'DAU增长10%-15%（4分标准）', 'DAU从12.5万增长至14.1万，增长12.8%，获得4分', 9.00, '通过push推送优化、内容推荐算法升级和签到活动，有效提升了日活。重点加强了核心用户的促活策略，用户粘性增强。', 0.00, NULL, 0, '0', '110', '2025-12-10 17:19:25', '110', '2025-12-10 17:44:02');
INSERT INTO `perf_performance_content` VALUES (239, 1017, 189, '30日留存率达到30%-40%（4分标准）', '30日留存率从28%提升至33%，获得4分', 8.00, '新用户引导流程优化效果显著，通过个性化内容和精准推送，提升了用户生命周期价值。7日留存率同步提升至45%。', 0.00, NULL, 0, '0', '110', '2025-12-10 17:19:25', '110', '2025-12-10 17:44:02');
INSERT INTO `perf_performance_content` VALUES (240, 1017, 190, '用户平均单次使用时长增长10%-20%（4分标准）', '人均使用时长相较上季度增长18.5%，获得5分', 8.00, '内容质量提升和用户体验优化取得成效，特别是视频内容和社区互动的时长增长明显。建立了内容质量评估体系。', 0.00, NULL, 0, '0', '110', '2025-12-10 17:19:25', '110', '2025-12-10 17:44:02');
INSERT INTO `perf_performance_content` VALUES (241, 1017, 191, NULL, NULL, 0.00, NULL, 0.00, NULL, 0, '0', '110', '2025-12-10 17:19:25', '', NULL);
INSERT INTO `perf_performance_content` VALUES (242, 1017, 192, '注册到付费转化率提升10%-20%（4分标准）', '转化率从2.8%提升至3.4%，提升21.4%，获得5分', 9.00, '优化了付费引导流程，推出了试用期和阶梯式定价策略。通过A/B测试确定了最优转化路径，付费用户质量同步提升。', 0.00, NULL, 0, '0', '110', '2025-12-10 17:19:25', '110', '2025-12-10 17:44:02');
INSERT INTO `perf_performance_content` VALUES (243, 1017, 193, 'ARPU增长8%-15%（4分标准）', ' ARPU从156元提升至178元，增长14.1%，获得4分', 8.00, '通过交叉销售和向上销售策略，提升了用户付费深度。推出了会员体系和增值服务包，用户付费意愿增强。', 0.00, NULL, 0, '0', '110', '2025-12-10 17:19:25', '110', '2025-12-10 17:44:02');
INSERT INTO `perf_performance_content` VALUES (244, 1017, 194, ' 完成运营活动营收目标100%-120%（4分标准）', '运营活动带来营收850万元，完成目标113%，获得4分', 8.00, '成功策划了季度大促和专题活动，通过精准营销和用户分层触达，实现了营收目标。活动转化效率持续提升。', 0.00, NULL, 0, '0', '110', '2025-12-10 17:19:25', '110', '2025-12-10 17:44:02');
INSERT INTO `perf_performance_content` VALUES (245, 1017, 195, NULL, NULL, 0.00, NULL, 0.00, NULL, 0, '0', '110', '2025-12-10 17:19:25', '', NULL);
INSERT INTO `perf_performance_content` VALUES (246, 1017, 196, '策划方案创新性强、目标明确、方案完整（5分标准）', '完成3个大型活动策划，方案完整度评分4.8/5分，获得5分', 7.00, '建立了标准化的活动策划流程，创新性地融入了社交裂变和内容营销元素。活动目标设定清晰，执行路径明确。', 0.00, NULL, 0, '0', '110', '2025-12-10 17:19:25', '110', '2025-12-10 17:44:02');
INSERT INTO `perf_performance_content` VALUES (247, 1017, 197, '活动按时完成，质量良好（4分标准）', ' 4个主要活动均按时上线，2个提前完成，执行质量评分4.5/5分，获得5分', 7.00, '建立了跨部门协作机制，资源协调顺畅。风险管理到位，提前识别并解决了潜在问题，确保活动顺利执行。', 0.00, NULL, 0, '0', '110', '2025-12-10 17:19:25', '110', '2025-12-10 17:44:02');
INSERT INTO `perf_performance_content` VALUES (248, 1017, 198, '活动ROI达到2-3（4分标准）', '季度活动平均ROI为2.8，最高达到3.5，获得4分', 6.00, '通过数据驱动的优化和精细化运营，活动投入产出比保持较高水平。建立了活动效果实时监控体系，及时调整策略。', 0.00, NULL, 0, '0', '110', '2025-12-10 17:19:25', '110', '2025-12-10 17:44:02');

-- ----------------------------
-- Table structure for perf_performance_content_score
-- ----------------------------
DROP TABLE IF EXISTS `perf_performance_content_score`;
CREATE TABLE `perf_performance_content_score`  (
  `id` bigint(20) NOT NULL AUTO_INCREMENT COMMENT '绩效ID',
  `performance_id` bigint(20) NOT NULL COMMENT '绩效ID',
  `content_id` bigint(20) NOT NULL COMMENT '绩效内容id',
  `item_id` bigint(20) NOT NULL COMMENT '模版指标id',
  `score_user_id` bigint(20) NOT NULL COMMENT '评分人ID',
  `score` decimal(5, 2) NULL DEFAULT NULL COMMENT '得分',
  `if_score` int(11) NULL DEFAULT NULL COMMENT '是否评分：0-否 1-是',
  `remark` varchar(500) CHARACTER SET utf8mb4 COLLATE utf8mb4_unicode_ci NULL DEFAULT NULL COMMENT '备注',
  `del_flag` char(1) CHARACTER SET utf8mb4 COLLATE utf8mb4_unicode_ci NULL DEFAULT '0' COMMENT '删除标志（0:存在 1:删除）',
  `create_by` varchar(64) CHARACTER SET utf8mb4 COLLATE utf8mb4_unicode_ci NULL DEFAULT '' COMMENT '创建者',
  `create_time` datetime NULL DEFAULT NULL COMMENT '创建时间',
  `update_by` varchar(64) CHARACTER SET utf8mb4 COLLATE utf8mb4_unicode_ci NULL DEFAULT '' COMMENT '更新者',
  `update_time` datetime NULL DEFAULT NULL COMMENT '更新时间',
  PRIMARY KEY (`id`) USING BTREE
) ENGINE = InnoDB AUTO_INCREMENT = 149 CHARACTER SET = utf8mb4 COLLATE = utf8mb4_unicode_ci COMMENT = '绩效指标评分表' ROW_FORMAT = Dynamic;

-- ----------------------------
-- Records of perf_performance_content_score
-- ----------------------------
INSERT INTO `perf_performance_content_score` VALUES (21, 1012, 173, 105, 100, 10.00, 1, '代码', '2', '1', '2025-12-04 13:59:07', '100', '2025-12-04 20:07:50');
INSERT INTO `perf_performance_content_score` VALUES (22, 1012, 178, 114, 1, 18.00, 1, '明显提升', '2', '1', '2025-12-04 13:59:07', '1', '2025-12-05 09:43:28');
INSERT INTO `perf_performance_content_score` VALUES (23, 1012, 178, 114, 101, 19.00, 1, '质量', '2', '1', '2025-12-04 13:59:07', '101', '2025-12-04 20:25:50');
INSERT INTO `perf_performance_content_score` VALUES (24, 1012, 179, 121, 1, 10.00, 1, '意见', '2', '1', '2025-12-04 13:59:07', '1', '2025-12-05 09:43:28');
INSERT INTO `perf_performance_content_score` VALUES (25, 1012, 179, 121, 101, 9.00, 1, '提出', '2', '1', '2025-12-04 13:59:07', '101', '2025-12-04 20:25:50');
INSERT INTO `perf_performance_content_score` VALUES (26, 1012, 175, 111, 1, 9.00, 1, '逻辑', '2', '1', '2025-12-04 13:59:07', '1', '2025-12-05 09:43:28');
INSERT INTO `perf_performance_content_score` VALUES (27, 1012, 176, 112, 1, 9.00, 1, '但仍有改', '2', '1', '2025-12-04 13:59:07', '1', '2025-12-05 09:43:28');
INSERT INTO `perf_performance_content_score` VALUES (28, 1012, 172, 102, 1, 29.00, 1, '基本完整', '2', '1', '2025-12-04 13:59:07', '1', '2025-12-05 09:43:28');
INSERT INTO `perf_performance_content_score` VALUES (29, 1012, 172, 102, 101, 29.00, 1, '部分', '2', '1', '2025-12-04 13:59:07', '101', '2025-12-04 20:25:50');
INSERT INTO `perf_performance_content_score` VALUES (30, 1012, 177, 113, 1, 10.00, 1, '项目进', '2', '1', '2025-12-04 13:59:07', '1', '2025-12-05 09:43:28');
INSERT INTO `perf_performance_content_score` VALUES (31, 1013, 183, 105, 100, 9.60, 1, '分范围:', '0', '1', '2025-12-05 10:10:44', '100', '2025-12-05 11:04:35');
INSERT INTO `perf_performance_content_score` VALUES (32, 1013, 188, 114, 1, 19.00, 1, '评分范', '0', '1', '2025-12-05 10:10:44', '1', '2025-12-05 11:07:55');
INSERT INTO `perf_performance_content_score` VALUES (33, 1013, 188, 114, 101, 19.20, 1, '评分', '0', '1', '2025-12-05 10:10:44', '101', '2025-12-05 11:05:35');
INSERT INTO `perf_performance_content_score` VALUES (34, 1013, 189, 121, 1, 9.00, 1, '低于80%:1分', '0', '1', '2025-12-05 10:10:44', '1', '2025-12-05 11:07:55');
INSERT INTO `perf_performance_content_score` VALUES (35, 1013, 189, 121, 101, 10.00, 1, NULL, '0', '1', '2025-12-05 10:10:44', '101', '2025-12-05 11:05:35');
INSERT INTO `perf_performance_content_score` VALUES (36, 1013, 185, 111, 1, 9.50, 1, '掌握并', '0', '1', '2025-12-05 10:10:44', '1', '2025-12-05 11:07:55');
INSERT INTO `perf_performance_content_score` VALUES (37, 1013, 186, 112, 1, 10.00, 1, '标准\n2次以上', '0', '1', '2025-12-05 10:10:44', '1', '2025-12-05 11:07:55');
INSERT INTO `perf_performance_content_score` VALUES (38, 1013, 182, 102, 1, 30.00, 1, '各个', '0', '1', '2025-12-05 10:10:44', '1', '2025-12-05 11:07:55');
INSERT INTO `perf_performance_content_score` VALUES (39, 1013, 182, 102, 101, 29.00, 1, '自评评语\n', '0', '1', '2025-12-05 10:10:44', '101', '2025-12-05 11:05:35');
INSERT INTO `perf_performance_content_score` VALUES (40, 1013, 187, 113, 1, 10.00, 1, '良好', '0', '1', '2025-12-05 10:10:44', '1', '2025-12-05 11:07:55');
INSERT INTO `perf_performance_content_score` VALUES (41, 1014, 193, 105, 100, 9.30, 1, '技术文档', '0', '1', '2025-12-05 11:13:27', '100', '2025-12-05 11:14:23');
INSERT INTO `perf_performance_content_score` VALUES (42, 1014, 198, 114, 1, 20.00, 1, '完整性', '0', '1', '2025-12-05 11:13:27', '1', '2025-12-05 11:14:06');
INSERT INTO `perf_performance_content_score` VALUES (43, 1014, 198, 114, 101, 19.10, 1, '产品质量', '0', '1', '2025-12-05 11:13:27', '101', '2025-12-05 11:15:00');
INSERT INTO `perf_performance_content_score` VALUES (44, 1014, 199, 121, 1, 10.00, 1, '完整性', '0', '1', '2025-12-05 11:13:27', '1', '2025-12-05 11:14:06');
INSERT INTO `perf_performance_content_score` VALUES (45, 1014, 199, 121, 101, 9.10, 1, '产品质量', '0', '1', '2025-12-05 11:13:27', '101', '2025-12-05 11:15:00');
INSERT INTO `perf_performance_content_score` VALUES (46, 1014, 195, 111, 1, 10.00, 1, '完整性', '0', '1', '2025-12-05 11:13:27', '1', '2025-12-05 11:14:06');
INSERT INTO `perf_performance_content_score` VALUES (47, 1014, 196, 112, 1, 10.00, 1, '完整性', '0', '1', '2025-12-05 11:13:27', '1', '2025-12-05 11:14:06');
INSERT INTO `perf_performance_content_score` VALUES (48, 1014, 192, 102, 1, 10.00, 1, '完整性', '0', '1', '2025-12-05 11:13:27', '1', '2025-12-05 11:14:06');
INSERT INTO `perf_performance_content_score` VALUES (49, 1014, 192, 102, 101, 29.10, 1, '产品质量', '0', '1', '2025-12-05 11:13:27', '101', '2025-12-05 11:15:00');
INSERT INTO `perf_performance_content_score` VALUES (50, 1014, 197, 113, 1, 10.00, 1, '完整性', '0', '1', '2025-12-05 11:13:27', '1', '2025-12-05 11:14:06');
INSERT INTO `perf_performance_content_score` VALUES (51, 1012, 173, 105, 100, NULL, 0, NULL, '2', '1', '2025-12-05 16:49:03', '', NULL);
INSERT INTO `perf_performance_content_score` VALUES (52, 1012, 178, 114, 1, NULL, 0, NULL, '2', '1', '2025-12-05 16:49:03', '', NULL);
INSERT INTO `perf_performance_content_score` VALUES (53, 1012, 178, 114, 101, NULL, 0, NULL, '2', '1', '2025-12-05 16:49:03', '', NULL);
INSERT INTO `perf_performance_content_score` VALUES (54, 1012, 179, 121, 1, NULL, 0, NULL, '2', '1', '2025-12-05 16:49:03', '', NULL);
INSERT INTO `perf_performance_content_score` VALUES (55, 1012, 179, 121, 101, NULL, 0, NULL, '2', '1', '2025-12-05 16:49:03', '', NULL);
INSERT INTO `perf_performance_content_score` VALUES (56, 1012, 175, 111, 1, NULL, 0, NULL, '2', '1', '2025-12-05 16:49:03', '', NULL);
INSERT INTO `perf_performance_content_score` VALUES (57, 1012, 176, 112, 1, NULL, 0, NULL, '2', '1', '2025-12-05 16:49:03', '', NULL);
INSERT INTO `perf_performance_content_score` VALUES (58, 1012, 172, 102, 1, NULL, 0, NULL, '2', '1', '2025-12-05 16:49:03', '', NULL);
INSERT INTO `perf_performance_content_score` VALUES (59, 1012, 172, 102, 101, NULL, 0, NULL, '2', '1', '2025-12-05 16:49:03', '', NULL);
INSERT INTO `perf_performance_content_score` VALUES (60, 1012, 177, 113, 1, NULL, 0, NULL, '2', '1', '2025-12-05 16:49:03', '', NULL);
INSERT INTO `perf_performance_content_score` VALUES (61, 1012, 173, 105, 100, NULL, 0, NULL, '2', '1', '2025-12-05 16:50:44', '', NULL);
INSERT INTO `perf_performance_content_score` VALUES (62, 1012, 178, 114, 1, NULL, 0, NULL, '2', '1', '2025-12-05 16:50:44', '', NULL);
INSERT INTO `perf_performance_content_score` VALUES (63, 1012, 178, 114, 101, NULL, 0, NULL, '2', '1', '2025-12-05 16:50:44', '', NULL);
INSERT INTO `perf_performance_content_score` VALUES (64, 1012, 179, 121, 1, NULL, 0, NULL, '2', '1', '2025-12-05 16:50:44', '', NULL);
INSERT INTO `perf_performance_content_score` VALUES (65, 1012, 179, 121, 101, NULL, 0, NULL, '2', '1', '2025-12-05 16:50:44', '', NULL);
INSERT INTO `perf_performance_content_score` VALUES (66, 1012, 175, 111, 1, NULL, 0, NULL, '2', '1', '2025-12-05 16:50:44', '', NULL);
INSERT INTO `perf_performance_content_score` VALUES (67, 1012, 176, 112, 1, NULL, 0, NULL, '2', '1', '2025-12-05 16:50:44', '', NULL);
INSERT INTO `perf_performance_content_score` VALUES (68, 1012, 172, 102, 1, NULL, 0, NULL, '2', '1', '2025-12-05 16:50:44', '', NULL);
INSERT INTO `perf_performance_content_score` VALUES (69, 1012, 172, 102, 101, NULL, 0, NULL, '2', '1', '2025-12-05 16:50:44', '', NULL);
INSERT INTO `perf_performance_content_score` VALUES (70, 1012, 177, 113, 1, NULL, 0, NULL, '2', '1', '2025-12-05 16:50:44', '', NULL);
INSERT INTO `perf_performance_content_score` VALUES (71, 1012, 173, 105, 100, NULL, 0, NULL, '2', '1', '2025-12-05 16:56:16', '', NULL);
INSERT INTO `perf_performance_content_score` VALUES (72, 1012, 178, 114, 1, NULL, 0, NULL, '2', '1', '2025-12-05 16:56:16', '', NULL);
INSERT INTO `perf_performance_content_score` VALUES (73, 1012, 178, 114, 101, NULL, 0, NULL, '2', '1', '2025-12-05 16:56:16', '', NULL);
INSERT INTO `perf_performance_content_score` VALUES (74, 1012, 179, 121, 1, NULL, 0, NULL, '2', '1', '2025-12-05 16:56:16', '', NULL);
INSERT INTO `perf_performance_content_score` VALUES (75, 1012, 179, 121, 101, NULL, 0, NULL, '2', '1', '2025-12-05 16:56:16', '', NULL);
INSERT INTO `perf_performance_content_score` VALUES (76, 1012, 175, 111, 1, NULL, 0, NULL, '2', '1', '2025-12-05 16:56:16', '', NULL);
INSERT INTO `perf_performance_content_score` VALUES (77, 1012, 176, 112, 1, NULL, 0, NULL, '2', '1', '2025-12-05 16:56:16', '', NULL);
INSERT INTO `perf_performance_content_score` VALUES (78, 1012, 172, 102, 1, NULL, 0, NULL, '2', '1', '2025-12-05 16:56:16', '', NULL);
INSERT INTO `perf_performance_content_score` VALUES (79, 1012, 172, 102, 101, NULL, 0, NULL, '2', '1', '2025-12-05 16:56:16', '', NULL);
INSERT INTO `perf_performance_content_score` VALUES (80, 1012, 177, 113, 1, NULL, 0, NULL, '2', '1', '2025-12-05 16:56:16', '', NULL);
INSERT INTO `perf_performance_content_score` VALUES (81, 1012, 173, 105, 100, NULL, 0, NULL, '2', '1', '2025-12-05 16:58:43', '', NULL);
INSERT INTO `perf_performance_content_score` VALUES (82, 1012, 178, 114, 1, NULL, 0, NULL, '2', '1', '2025-12-05 16:58:43', '', NULL);
INSERT INTO `perf_performance_content_score` VALUES (83, 1012, 178, 114, 101, NULL, 0, NULL, '2', '1', '2025-12-05 16:58:43', '', NULL);
INSERT INTO `perf_performance_content_score` VALUES (84, 1012, 179, 121, 1, NULL, 0, NULL, '2', '1', '2025-12-05 16:58:43', '', NULL);
INSERT INTO `perf_performance_content_score` VALUES (85, 1012, 179, 121, 101, NULL, 0, NULL, '2', '1', '2025-12-05 16:58:43', '', NULL);
INSERT INTO `perf_performance_content_score` VALUES (86, 1012, 175, 111, 1, NULL, 0, NULL, '2', '1', '2025-12-05 16:58:43', '', NULL);
INSERT INTO `perf_performance_content_score` VALUES (87, 1012, 176, 112, 1, NULL, 0, NULL, '2', '1', '2025-12-05 16:58:43', '', NULL);
INSERT INTO `perf_performance_content_score` VALUES (88, 1012, 172, 102, 1, NULL, 0, NULL, '2', '1', '2025-12-05 16:58:43', '', NULL);
INSERT INTO `perf_performance_content_score` VALUES (89, 1012, 172, 102, 101, NULL, 0, NULL, '2', '1', '2025-12-05 16:58:43', '', NULL);
INSERT INTO `perf_performance_content_score` VALUES (90, 1012, 177, 113, 1, NULL, 0, NULL, '2', '1', '2025-12-05 16:58:43', '', NULL);
INSERT INTO `perf_performance_content_score` VALUES (91, 1012, 173, 105, 100, NULL, 0, NULL, '0', '1', '2025-12-05 17:00:01', '', NULL);
INSERT INTO `perf_performance_content_score` VALUES (92, 1012, 178, 114, 1, NULL, 0, NULL, '0', '1', '2025-12-05 17:00:01', '', NULL);
INSERT INTO `perf_performance_content_score` VALUES (93, 1012, 178, 114, 101, NULL, 0, NULL, '0', '1', '2025-12-05 17:00:01', '', NULL);
INSERT INTO `perf_performance_content_score` VALUES (94, 1012, 179, 121, 1, NULL, 0, NULL, '0', '1', '2025-12-05 17:00:01', '', NULL);
INSERT INTO `perf_performance_content_score` VALUES (95, 1012, 179, 121, 101, NULL, 0, NULL, '0', '1', '2025-12-05 17:00:01', '', NULL);
INSERT INTO `perf_performance_content_score` VALUES (96, 1012, 175, 111, 1, NULL, 0, NULL, '0', '1', '2025-12-05 17:00:01', '', NULL);
INSERT INTO `perf_performance_content_score` VALUES (97, 1012, 176, 112, 1, NULL, 0, NULL, '0', '1', '2025-12-05 17:00:01', '', NULL);
INSERT INTO `perf_performance_content_score` VALUES (98, 1012, 172, 102, 1, NULL, 0, NULL, '0', '1', '2025-12-05 17:00:01', '', NULL);
INSERT INTO `perf_performance_content_score` VALUES (99, 1012, 172, 102, 101, NULL, 0, NULL, '0', '1', '2025-12-05 17:00:01', '', NULL);
INSERT INTO `perf_performance_content_score` VALUES (100, 1012, 177, 113, 1, NULL, 0, NULL, '0', '1', '2025-12-05 17:00:01', '', NULL);
INSERT INTO `perf_performance_content_score` VALUES (101, 1015, 202, 172, 2, 15.00, 1, '大佬厉害', '0', '101', '2025-12-10 17:33:36', '2', '2025-12-10 18:02:58');
INSERT INTO `perf_performance_content_score` VALUES (102, 1015, 202, 172, 1, 15.00, 1, '非常不错', '0', '101', '2025-12-10 17:33:36', '1', '2025-12-10 17:51:43');
INSERT INTO `perf_performance_content_score` VALUES (103, 1015, 203, 173, 2, 10.00, 1, NULL, '0', '101', '2025-12-10 17:33:36', '2', '2025-12-10 18:02:58');
INSERT INTO `perf_performance_content_score` VALUES (104, 1015, 203, 173, 1, 10.00, 1, '继续加油', '0', '101', '2025-12-10 17:33:36', '1', '2025-12-10 17:51:43');
INSERT INTO `perf_performance_content_score` VALUES (105, 1015, 204, 174, 2, 15.00, 1, NULL, '0', '101', '2025-12-10 17:33:36', '2', '2025-12-10 18:02:58');
INSERT INTO `perf_performance_content_score` VALUES (106, 1015, 204, 174, 1, 15.00, 1, '非常不错', '0', '101', '2025-12-10 17:33:36', '1', '2025-12-10 17:51:43');
INSERT INTO `perf_performance_content_score` VALUES (107, 1015, 206, 176, 2, 12.00, 1, '大佬厉害', '0', '101', '2025-12-10 17:33:36', '2', '2025-12-10 18:02:58');
INSERT INTO `perf_performance_content_score` VALUES (108, 1015, 206, 176, 1, 12.00, 1, NULL, '0', '101', '2025-12-10 17:33:36', '1', '2025-12-10 17:51:43');
INSERT INTO `perf_performance_content_score` VALUES (109, 1015, 207, 177, 2, 12.00, 1, NULL, '0', '101', '2025-12-10 17:33:36', '2', '2025-12-10 18:02:58');
INSERT INTO `perf_performance_content_score` VALUES (110, 1015, 207, 177, 1, 12.00, 1, '很棒', '0', '101', '2025-12-10 17:33:36', '1', '2025-12-10 17:51:43');
INSERT INTO `perf_performance_content_score` VALUES (111, 1015, 208, 178, 2, 11.00, 1, '大佬厉害', '0', '101', '2025-12-10 17:33:36', '2', '2025-12-10 18:02:58');
INSERT INTO `perf_performance_content_score` VALUES (112, 1015, 208, 178, 1, 11.00, 1, NULL, '0', '101', '2025-12-10 17:33:36', '1', '2025-12-10 17:51:43');
INSERT INTO `perf_performance_content_score` VALUES (113, 1015, 210, 180, 2, 7.00, 1, '继续加油', '0', '101', '2025-12-10 17:33:36', '2', '2025-12-10 18:02:58');
INSERT INTO `perf_performance_content_score` VALUES (114, 1015, 210, 180, 1, 8.00, 1, NULL, '0', '101', '2025-12-10 17:33:36', '1', '2025-12-10 17:51:43');
INSERT INTO `perf_performance_content_score` VALUES (115, 1015, 211, 181, 2, 9.00, 1, NULL, '0', '101', '2025-12-10 17:33:36', '2', '2025-12-10 18:02:58');
INSERT INTO `perf_performance_content_score` VALUES (116, 1015, 211, 181, 1, 9.00, 1, NULL, '0', '101', '2025-12-10 17:33:36', '1', '2025-12-10 17:51:43');
INSERT INTO `perf_performance_content_score` VALUES (117, 1015, 212, 182, 2, 8.00, 1, NULL, '0', '101', '2025-12-10 17:33:36', '2', '2025-12-10 18:02:58');
INSERT INTO `perf_performance_content_score` VALUES (118, 1015, 212, 182, 1, 8.00, 1, NULL, '0', '101', '2025-12-10 17:33:36', '1', '2025-12-10 17:51:43');
INSERT INTO `perf_performance_content_score` VALUES (119, 1016, 214, 200, 1, NULL, 0, NULL, '0', '105', '2025-12-10 17:49:22', '', NULL);
INSERT INTO `perf_performance_content_score` VALUES (120, 1016, 214, 200, 2, NULL, 0, NULL, '0', '105', '2025-12-10 17:49:22', '', NULL);
INSERT INTO `perf_performance_content_score` VALUES (121, 1016, 215, 201, 1, NULL, 0, NULL, '0', '105', '2025-12-10 17:49:22', '', NULL);
INSERT INTO `perf_performance_content_score` VALUES (122, 1016, 215, 201, 2, NULL, 0, NULL, '0', '105', '2025-12-10 17:49:22', '', NULL);
INSERT INTO `perf_performance_content_score` VALUES (123, 1016, 216, 202, 1, NULL, 0, NULL, '0', '105', '2025-12-10 17:49:22', '', NULL);
INSERT INTO `perf_performance_content_score` VALUES (124, 1016, 216, 202, 2, NULL, 0, NULL, '0', '105', '2025-12-10 17:49:22', '', NULL);
INSERT INTO `perf_performance_content_score` VALUES (125, 1016, 218, 204, 1, NULL, 0, NULL, '0', '105', '2025-12-10 17:49:22', '', NULL);
INSERT INTO `perf_performance_content_score` VALUES (126, 1016, 218, 204, 2, NULL, 0, NULL, '0', '105', '2025-12-10 17:49:22', '', NULL);
INSERT INTO `perf_performance_content_score` VALUES (127, 1016, 219, 205, 1, NULL, 0, NULL, '0', '105', '2025-12-10 17:49:22', '', NULL);
INSERT INTO `perf_performance_content_score` VALUES (128, 1016, 219, 205, 2, NULL, 0, NULL, '0', '105', '2025-12-10 17:49:22', '', NULL);
INSERT INTO `perf_performance_content_score` VALUES (129, 1016, 220, 206, 1, NULL, 0, NULL, '0', '105', '2025-12-10 17:49:22', '', NULL);
INSERT INTO `perf_performance_content_score` VALUES (130, 1016, 220, 206, 2, NULL, 0, NULL, '0', '105', '2025-12-10 17:49:22', '', NULL);
INSERT INTO `perf_performance_content_score` VALUES (131, 1016, 222, 208, 1, NULL, 0, NULL, '0', '105', '2025-12-10 17:49:22', '', NULL);
INSERT INTO `perf_performance_content_score` VALUES (132, 1016, 222, 208, 2, NULL, 0, NULL, '0', '105', '2025-12-10 17:49:22', '', NULL);
INSERT INTO `perf_performance_content_score` VALUES (133, 1016, 223, 209, 1, NULL, 0, NULL, '0', '105', '2025-12-10 17:49:22', '', NULL);
INSERT INTO `perf_performance_content_score` VALUES (134, 1016, 223, 209, 2, NULL, 0, NULL, '0', '105', '2025-12-10 17:49:22', '', NULL);
INSERT INTO `perf_performance_content_score` VALUES (135, 1016, 224, 210, 1, NULL, 0, NULL, '0', '105', '2025-12-10 17:49:22', '', NULL);
INSERT INTO `perf_performance_content_score` VALUES (136, 1016, 224, 210, 2, NULL, 0, NULL, '0', '105', '2025-12-10 17:49:22', '', NULL);
INSERT INTO `perf_performance_content_score` VALUES (137, 1016, 226, 212, 1, NULL, 0, NULL, '0', '105', '2025-12-10 17:49:22', '', NULL);
INSERT INTO `perf_performance_content_score` VALUES (138, 1016, 226, 212, 2, NULL, 0, NULL, '0', '105', '2025-12-10 17:49:22', '', NULL);
INSERT INTO `perf_performance_content_score` VALUES (139, 1016, 227, 213, 1, NULL, 0, NULL, '0', '105', '2025-12-10 17:49:22', '', NULL);
INSERT INTO `perf_performance_content_score` VALUES (140, 1016, 227, 213, 2, NULL, 0, NULL, '0', '105', '2025-12-10 17:49:22', '', NULL);
INSERT INTO `perf_performance_content_score` VALUES (141, 1016, 228, 214, 1, NULL, 0, NULL, '0', '105', '2025-12-10 17:49:22', '', NULL);
INSERT INTO `perf_performance_content_score` VALUES (142, 1016, 228, 214, 2, NULL, 0, NULL, '0', '105', '2025-12-10 17:49:22', '', NULL);
INSERT INTO `perf_performance_content_score` VALUES (143, 1016, 230, 216, 1, NULL, 0, NULL, '0', '105', '2025-12-10 17:49:22', '', NULL);
INSERT INTO `perf_performance_content_score` VALUES (144, 1016, 230, 216, 2, NULL, 0, NULL, '0', '105', '2025-12-10 17:49:22', '', NULL);
INSERT INTO `perf_performance_content_score` VALUES (145, 1016, 231, 217, 1, NULL, 0, NULL, '0', '105', '2025-12-10 17:49:22', '', NULL);
INSERT INTO `perf_performance_content_score` VALUES (146, 1016, 231, 217, 2, NULL, 0, NULL, '0', '105', '2025-12-10 17:49:22', '', NULL);
INSERT INTO `perf_performance_content_score` VALUES (147, 1016, 232, 218, 1, NULL, 0, NULL, '0', '105', '2025-12-10 17:49:22', '', NULL);
INSERT INTO `perf_performance_content_score` VALUES (148, 1016, 232, 218, 2, NULL, 0, NULL, '0', '105', '2025-12-10 17:49:22', '', NULL);

-- ----------------------------
-- Table structure for perf_period
-- ----------------------------
DROP TABLE IF EXISTS `perf_period`;
CREATE TABLE `perf_period`  (
  `period_id` bigint(20) NOT NULL AUTO_INCREMENT COMMENT '绩效周期ID',
  `period_name` varchar(100) CHARACTER SET utf8mb4 COLLATE utf8mb4_unicode_ci NOT NULL COMMENT '周期名称(如：2024年Q1)',
  `period_type` varchar(20) CHARACTER SET utf8mb4 COLLATE utf8mb4_unicode_ci NULL DEFAULT NULL COMMENT '周期类型(MONTH:月度, QUARTER:季度, HALF_YEAR:半年度, YEAR:年度)',
  `submit_deadline` datetime NOT NULL COMMENT '提交截止时间',
  `score_deadline` datetime NOT NULL COMMENT '评分截止时间',
  `status` char(1) CHARACTER SET utf8mb4 COLLATE utf8mb4_unicode_ci NOT NULL DEFAULT '0' COMMENT '状态(0:准备中 1:进行中 2:已结束)',
  `remark` varchar(500) CHARACTER SET utf8mb4 COLLATE utf8mb4_unicode_ci NULL DEFAULT NULL COMMENT '备注',
  `del_flag` char(1) CHARACTER SET utf8mb4 COLLATE utf8mb4_unicode_ci NULL DEFAULT '0' COMMENT '删除标志（0:存在 1:删除）',
  `create_by` varchar(64) CHARACTER SET utf8mb4 COLLATE utf8mb4_unicode_ci NULL DEFAULT '' COMMENT '创建者',
  `create_time` datetime NULL DEFAULT NULL COMMENT '创建时间',
  `update_by` varchar(64) CHARACTER SET utf8mb4 COLLATE utf8mb4_unicode_ci NULL DEFAULT '' COMMENT '更新者',
  `update_time` datetime NULL DEFAULT NULL COMMENT '更新时间',
  PRIMARY KEY (`period_id`) USING BTREE
) ENGINE = InnoDB AUTO_INCREMENT = 133 CHARACTER SET = utf8mb4 COLLATE = utf8mb4_unicode_ci COMMENT = '绩效周期表' ROW_FORMAT = Dynamic;

-- ----------------------------
-- Records of perf_period
-- ----------------------------
INSERT INTO `perf_period` VALUES (110, '2025年10月', 'MONTH', '2025-12-01 00:00:00', '2025-12-15 00:00:00', '0', NULL, '2', '', '2025-11-21 16:46:42', '', '2025-11-25 11:29:21');
INSERT INTO `perf_period` VALUES (112, '2025年11月', 'MONTH', '2025-12-15 00:00:00', '2025-12-30 00:00:00', '1', NULL, '2', '', '2025-11-21 16:46:42', '1', '2025-12-01 17:05:53');
INSERT INTO `perf_period` VALUES (113, '2025第3季度', 'QUARTER', '2025-12-15 00:00:00', '2025-11-30 00:00:00', '1', NULL, '2', '1', '2025-11-26 15:42:11', '1', '2025-12-01 17:05:32');
INSERT INTO `perf_period` VALUES (114, '2025年1月', 'MONTH', '2025-02-05 18:00:00', '2025-02-10 18:00:00', '2', '1月份绩效周期', '0', '1', '2024-12-20 10:00:00', '1', '2024-12-20 10:00:00');
INSERT INTO `perf_period` VALUES (115, '2025年2月', 'MONTH', '2025-03-05 18:00:00', '2025-03-10 18:00:00', '2', '2月份绩效周期（春节月）', '0', '1', '2025-01-20 10:00:00', '1', '2025-01-20 10:00:00');
INSERT INTO `perf_period` VALUES (116, '2025年3月', 'MONTH', '2025-04-05 18:00:00', '2025-04-10 18:00:00', '2', '3月份绩效周期', '0', '1', '2025-02-20 10:00:00', '1', '2025-02-20 10:00:00');
INSERT INTO `perf_period` VALUES (117, '2025年4月', 'MONTH', '2025-05-05 18:00:00', '2025-05-10 18:00:00', '2', '4月份绩效周期（清明假期）', '0', '1', '2025-03-20 10:00:00', '1', '2025-03-20 10:00:00');
INSERT INTO `perf_period` VALUES (118, '2025年5月', 'MONTH', '2025-06-05 18:00:00', '2025-06-10 18:00:00', '2', '5月份绩效周期（劳动节）', '0', '1', '2025-04-20 10:00:00', '1', '2025-04-20 10:00:00');
INSERT INTO `perf_period` VALUES (119, '2025年6月', 'MONTH', '2025-07-05 18:00:00', '2025-07-10 18:00:00', '2', '6月份绩效周期（年中）', '0', '1', '2025-05-20 10:00:00', '1', '2025-05-20 10:00:00');
INSERT INTO `perf_period` VALUES (120, '2025年7月', 'MONTH', '2025-08-05 18:00:00', '2025-08-10 18:00:00', '2', '7月份绩效周期（下半年开始）', '0', '1', '2025-06-20 10:00:00', '1', '2025-06-20 10:00:00');
INSERT INTO `perf_period` VALUES (121, '2025年8月', 'MONTH', '2025-09-05 18:00:00', '2025-09-10 18:00:00', '1', '8月份绩效周期', '0', '1', '2025-07-20 10:00:00', '1', '2025-07-20 10:00:00');
INSERT INTO `perf_period` VALUES (122, '2025年9月', 'MONTH', '2025-10-05 18:00:00', '2025-10-10 18:00:00', '1', '9月份绩效周期（中秋国庆前）', '0', '1', '2025-08-20 10:00:00', '1', '2025-08-20 10:00:00');
INSERT INTO `perf_period` VALUES (123, '2025年10月', 'MONTH', '2025-11-05 18:00:00', '2025-11-10 18:00:00', '1', '10月份绩效周期（国庆后）', '0', '1', '2025-09-20 10:00:00', '1', '2025-09-20 10:00:00');
INSERT INTO `perf_period` VALUES (124, '2025年11月', 'MONTH', '2025-12-05 18:00:00', '2025-12-10 18:00:00', '1', '11月份绩效周期（年末冲刺）', '0', '1', '2025-10-20 10:00:00', '1', '2025-10-20 10:00:00');
INSERT INTO `perf_period` VALUES (125, '2025年12月', 'MONTH', '2026-01-05 18:00:00', '2026-01-10 18:00:00', '1', '12月份绩效周期（年终）', '0', '1', '2025-11-20 10:00:00', '1', '2025-11-20 10:00:00');
INSERT INTO `perf_period` VALUES (126, '2025年Q1', 'QUARTER', '2025-04-10 18:00:00', '2025-04-20 18:00:00', '2', '第一季度绩效周期（1-3月）', '0', '1', '2025-01-10 10:00:00', '1', '2025-01-10 10:00:00');
INSERT INTO `perf_period` VALUES (127, '2025年Q2', 'QUARTER', '2025-07-10 18:00:00', '2025-07-20 18:00:00', '2', '第二季度绩效周期（4-6月）', '0', '1', '2025-04-10 10:00:00', '1', '2025-04-10 10:00:00');
INSERT INTO `perf_period` VALUES (128, '2025年Q3', 'QUARTER', '2025-10-10 18:00:00', '2025-10-20 18:00:00', '1', '第三季度绩效周期（7-9月）', '0', '1', '2025-07-10 10:00:00', '1', '2025-07-10 10:00:00');
INSERT INTO `perf_period` VALUES (129, '2025年Q4', 'QUARTER', '2026-01-10 18:00:00', '2026-01-20 18:00:00', '1', '第四季度绩效周期（10-12月）', '0', '1', '2025-10-10 10:00:00', '1', '2025-10-10 10:00:00');
INSERT INTO `perf_period` VALUES (130, '2025年上半年度', 'HALF_YEAR', '2025-07-15 18:00:00', '2025-07-25 18:00:00', '2', '上半年绩效周期（1-6月）', '0', '1', '2025-01-15 10:00:00', '1', '2025-01-15 10:00:00');
INSERT INTO `perf_period` VALUES (131, '2025年下半年度', 'HALF_YEAR', '2026-01-15 18:00:00', '2026-01-25 18:00:00', '1', '下半年绩效周期（7-12月）', '0', '1', '2025-07-15 10:00:00', '1', '2025-07-15 10:00:00');
INSERT INTO `perf_period` VALUES (132, '2025年度', 'YEAR', '2026-02-10 18:00:00', '2026-02-28 18:00:00', '1', '2025年全年绩效周期', '0', '1', '2025-01-01 10:00:00', '1', '2025-01-01 10:00:00');

-- ----------------------------
-- Table structure for perf_template
-- ----------------------------
DROP TABLE IF EXISTS `perf_template`;
CREATE TABLE `perf_template`  (
  `id` bigint(20) NOT NULL AUTO_INCREMENT COMMENT '模板ID',
  `template_name` varchar(100) CHARACTER SET utf8mb4 COLLATE utf8mb4_unicode_ci NOT NULL COMMENT '模板名称',
  `template_type` varchar(20) CHARACTER SET utf8mb4 COLLATE utf8mb4_unicode_ci NOT NULL COMMENT '模板类型(KPI:关键指标, OKR:目标与成果, COMPETENCY:能力素质)',
  `default_score_id` bigint(20) NOT NULL COMMENT '默认评分人ID',
  `dept_id` bigint(20) NULL DEFAULT NULL COMMENT '适用部门ID',
  `post_ids` varchar(255) CHARACTER SET utf8mb4 COLLATE utf8mb4_unicode_ci NULL DEFAULT NULL COMMENT '适用岗位IDS',
  `status` char(1) CHARACTER SET utf8mb4 COLLATE utf8mb4_unicode_ci NOT NULL DEFAULT '0' COMMENT '状态(0:正常 1:停用)',
  `remark` varchar(500) CHARACTER SET utf8mb4 COLLATE utf8mb4_unicode_ci NULL DEFAULT NULL COMMENT '备注',
  `del_flag` char(1) CHARACTER SET utf8mb4 COLLATE utf8mb4_unicode_ci NULL DEFAULT '0' COMMENT '删除标志（0:存在 1:删除）',
  `create_by` varchar(64) CHARACTER SET utf8mb4 COLLATE utf8mb4_unicode_ci NULL DEFAULT '' COMMENT '创建者',
  `create_time` datetime NULL DEFAULT NULL COMMENT '创建时间',
  `update_by` varchar(64) CHARACTER SET utf8mb4 COLLATE utf8mb4_unicode_ci NULL DEFAULT '' COMMENT '更新者',
  `update_time` datetime NULL DEFAULT NULL COMMENT '更新时间',
  PRIMARY KEY (`id`) USING BTREE,
  INDEX `idx_dept_id`(`dept_id`) USING BTREE
) ENGINE = InnoDB AUTO_INCREMENT = 125 CHARACTER SET = utf8mb4 COLLATE = utf8mb4_unicode_ci COMMENT = '绩效模板表' ROW_FORMAT = Dynamic;

-- ----------------------------
-- Records of perf_template
-- ----------------------------
INSERT INTO `perf_template` VALUES (1, '技术研发部绩效模板', 'OKR', 0, 100, '2,3,1', '1', '适用于开发工程师、技术经理等岗位', '2', '', '2025-11-26 14:53:19', '1', '2025-11-25 18:30:31');
INSERT INTO `perf_template` VALUES (100, '开发部', 'OKR', 0, 103, '2', '0', NULL, '2', '', '2025-11-25 16:21:55', '', NULL);
INSERT INTO `perf_template` VALUES (101, '市场部', 'KPI', 0, 104, '2,3', '0', NULL, '2', '', '2025-11-25 16:22:25', '', NULL);
INSERT INTO `perf_template` VALUES (105, '新人模版', 'OKR', 0, 106, '4', '0', NULL, '2', '1', '2025-11-28 15:29:09', '', NULL);
INSERT INTO `perf_template` VALUES (106, 'IT绩效模版', 'KPI', 1, 103, '4,2', '0', NULL, '2', '1', '2025-12-01 13:41:11', '1', '2025-12-02 18:16:27');
INSERT INTO `perf_template` VALUES (107, '运营部KPI考核模板', 'KPI', 1, 101, '4', '0', '运营部门通用KPI考核模板，包含用户增长、活跃度、转化率等指标', '0', '1', '2024-12-01 10:00:00', '1', '2025-12-10 17:11:52');
INSERT INTO `perf_template` VALUES (109, 'IT部OKR考核模板', 'OKR', 1, 103, '4,2', '0', '技术部门目标与关键成果考核模板，适合技术团队', '0', '1', '2024-12-02 09:00:00', '1', '2024-12-02 09:00:00');
INSERT INTO `perf_template` VALUES (112, '人事部KPI考核模板', 'KPI', 1, 104, '4', '0', '人事部门招聘完成率、员工留存率、培训满意度等指标', '0', '1', '2024-12-01 13:00:00', '1', '2025-12-10 17:11:47');
INSERT INTO `perf_template` VALUES (113, 'HRBP能力评估模板', 'COMPETENCY', 1, 103, '4', '0', '人力资源业务伙伴沟通协调、业务理解、员工关系处理能力', '2', '1', '2024-12-06 10:15:00', '1', '2024-12-06 10:15:00');
INSERT INTO `perf_template` VALUES (114, '采购部KPI考核模板', 'KPI', 1, 103, '4', '0', '采购成本控制、供应商管理、采购及时率等指标', '2', '1', '2024-12-02 16:00:00', '1', '2024-12-02 16:00:00');
INSERT INTO `perf_template` VALUES (115, '采购专员能力评估', 'COMPETENCY', 1, 103, '4', '0', '谈判能力、市场分析能力、合规意识评估', '2', '1', '2024-12-07 14:20:00', '1', '2024-12-07 14:20:00');
INSERT INTO `perf_template` VALUES (116, '财务部KPI考核模板', 'KPI', 1, 103, '4', '0', '财务报表准确率、成本控制、资金管理效率等指标', '2', '1', '2024-12-03 09:30:00', '1', '2024-12-03 09:30:00');
INSERT INTO `perf_template` VALUES (117, '财务分析OKR模板', 'OKR', 1, 103, '4', '0', '财务分析部门目标与关键成果考核', '2', '1', '2024-12-08 11:00:00', '1', '2025-12-10 16:39:20');
INSERT INTO `perf_template` VALUES (118, '财务专员能力评估', 'COMPETENCY', 1, 103, '4', '0', '财务专业能力、风险控制意识、合规性评估', '2', '1', '2024-12-09 16:40:00', '1', '2025-12-10 16:39:15');
INSERT INTO `perf_template` VALUES (119, '产品部OKR考核模板', 'OKR', 1, 103, '4', '0', '产品部门产品规划、市场表现、用户满意度考核', '2', '1', '2024-12-04 10:00:00', '1', '2024-12-04 10:00:00');
INSERT INTO `perf_template` VALUES (120, '产品经理KPI模板', 'KPI', 1, 103, '4', '0', '产品经理产品迭代、需求完成、团队协作考核', '2', '1', '2024-12-05 15:20:00', '1', '2024-12-05 15:20:00');
INSERT INTO `perf_template` VALUES (121, '产品设计能力评估', 'COMPETENCY', 1, 103, '4', '0', '产品设计用户体验、创新思维、需求分析能力', '2', '1', '2024-12-10 09:45:00', '1', '2025-12-10 16:39:11');
INSERT INTO `perf_template` VALUES (122, '管理者领导力评估模板', 'COMPETENCY', 1, 103, '4', '0', '适用于各部门管理者的领导力、团队管理、决策能力评估', '2', '1', '2024-12-15 13:30:00', '1', '2024-12-15 13:30:00');
INSERT INTO `perf_template` VALUES (123, '全员通用OKR模板', 'OKR', 1, 103, '4', '0', '全公司通用目标与关键成果考核模板', '2', '1', '2024-12-20 10:00:00', '1', '2025-12-10 16:38:58');
INSERT INTO `perf_template` VALUES (124, '新员工试用期评估', 'COMPETENCY', 1, 103, '4', '0', '新员工试用期工作态度、学习能力、适应性评估', '2', '1', '2024-12-25 14:00:00', '1', '2025-12-10 16:38:55');

-- ----------------------------
-- Table structure for perf_template_item
-- ----------------------------
DROP TABLE IF EXISTS `perf_template_item`;
CREATE TABLE `perf_template_item`  (
  `id` bigint(20) NOT NULL AUTO_INCREMENT COMMENT '指标项ID',
  `template_id` bigint(20) NOT NULL COMMENT '模板ID',
  `parent_id` bigint(20) NULL DEFAULT 0 COMMENT '父指标ID',
  `default_score_id` bigint(20) NOT NULL COMMENT '默认评分人ID',
  `score_user_ids` varchar(200) CHARACTER SET utf8mb4 COLLATE utf8mb4_unicode_ci NOT NULL COMMENT '评分人IDS',
  `item_name` varchar(200) CHARACTER SET utf8mb4 COLLATE utf8mb4_unicode_ci NOT NULL COMMENT '指标名称',
  `item_type` varchar(20) CHARACTER SET utf8mb4 COLLATE utf8mb4_unicode_ci NOT NULL COMMENT '指标类型(OBJECTIVE:目标, KEY_RESULT:关键成果, COMPETENCY:能力项)',
  `weight` decimal(5, 2) NOT NULL COMMENT '权重(0-100)',
  `score_standard` text CHARACTER SET utf8mb4 COLLATE utf8mb4_unicode_ci NULL COMMENT '评分标准描述',
  `min_score` decimal(5, 2) NULL DEFAULT 0.00 COMMENT '最低分',
  `max_score` decimal(5, 2) NULL DEFAULT 5.00 COMMENT '最高分',
  `sort_order` int(11) NULL DEFAULT 0 COMMENT '排序',
  `remark` varchar(500) CHARACTER SET utf8mb4 COLLATE utf8mb4_unicode_ci NULL DEFAULT NULL COMMENT '备注',
  `del_flag` char(1) CHARACTER SET utf8mb4 COLLATE utf8mb4_unicode_ci NULL DEFAULT '0' COMMENT '删除标志（0:存在 1:删除）',
  `create_by` varchar(64) CHARACTER SET utf8mb4 COLLATE utf8mb4_unicode_ci NULL DEFAULT '' COMMENT '创建者',
  `create_time` datetime NULL DEFAULT NULL COMMENT '创建时间',
  `update_by` varchar(64) CHARACTER SET utf8mb4 COLLATE utf8mb4_unicode_ci NULL DEFAULT '' COMMENT '更新者',
  `update_time` datetime NULL DEFAULT NULL COMMENT '更新时间',
  PRIMARY KEY (`id`) USING BTREE,
  INDEX `idx_template_id`(`template_id`) USING BTREE,
  INDEX `idx_parent_id`(`parent_id`) USING BTREE
) ENGINE = InnoDB AUTO_INCREMENT = 219 CHARACTER SET = utf8mb4 COLLATE = utf8mb4_unicode_ci COMMENT = '模板指标表' ROW_FORMAT = Dynamic;

-- ----------------------------
-- Records of perf_template_item
-- ----------------------------
INSERT INTO `perf_template_item` VALUES (101, 106, 0, 0, '', '产品质量提升', 'OBJECTIVE', 40.00, '代码质量、测试覆盖、线上稳定性', 1.00, 5.00, 1, NULL, '0', '', '2025-11-26 14:53:19', '1', '2025-12-02 10:14:48');
INSERT INTO `perf_template_item` VALUES (102, 106, 127, 1, '1,101', '代码Review通过率', 'KEY_RESULT', 30.00, '95%以上:5分, 90-95%:4分, 85-90%:3分, 80-85%:2分, 低于80%:1分', 1.00, 30.00, 1, NULL, '0', '', '2025-11-26 14:53:19', '1', '2025-12-02 18:18:29');
INSERT INTO `perf_template_item` VALUES (103, 104, 106, 0, '', '单元测试覆盖率', 'KEY_RESULT', 10.00, '85%以上:5分, 80-85%:4分, 75-80%:3分, 70-75%:2分, 低于70%:1分', 1.00, 10.00, 2, NULL, '0', '', '2025-11-26 14:53:19', '1', '2025-11-26 15:21:51');
INSERT INTO `perf_template_item` VALUES (105, 106, 101, 1, '100', '技术文档完整性', 'KEY_RESULT', 10.00, '文档齐全规范:5分, 基本完整:4分, 部分缺失:3分, 严重缺失:2分, 无文档:1分', 1.00, 10.00, 4, NULL, '0', '', '2025-11-26 14:53:19', '1', '2025-12-02 18:19:01');
INSERT INTO `perf_template_item` VALUES (106, 1, 0, 0, '', '项目按时交付', 'OBJECTIVE', 35.00, '项目进度、功能完成度', 0.00, 5.00, 2, NULL, '0', '', '2025-11-26 14:53:19', '', NULL);
INSERT INTO `perf_template_item` VALUES (107, 1, 106, 0, '', '项目按时完成率', 'KEY_RESULT', 15.00, '100%按时:5分, 延迟<1天:4分, 延迟1-3天:3分, 延迟4-7天:2分, 延迟>7天:1分', 1.00, 5.00, 1, NULL, '0', '', '2025-11-26 14:53:19', '', NULL);
INSERT INTO `perf_template_item` VALUES (108, 1, 106, 0, '', '需求功能完成度', 'COMPETENCY', 10.00, '100%完成:5分, 95-100%:4分, 90-95%:3分, 85-90%:2分, 低于85%:1分', 1.00, 5.00, 2, NULL, '0', '', '2025-11-26 14:53:19', '', NULL);
INSERT INTO `perf_template_item` VALUES (109, 1, 106, 0, '', '技术方案合理性', 'KEY_RESULT', 10.00, '方案优秀:5分, 良好:4分, 一般:3分, 较差:2分, 差:1分', 1.00, 5.00, 3, NULL, '0', '', '2025-11-26 14:53:19', '', NULL);
INSERT INTO `perf_template_item` VALUES (110, 106, 0, 0, '', '个人技术成长', 'OBJECTIVE', 20.00, '技术学习、知识分享', 1.00, 5.00, 3, NULL, '0', '', '2025-11-26 14:53:19', '1', '2025-12-02 15:13:14');
INSERT INTO `perf_template_item` VALUES (111, 106, 110, 1, '1', '新技术学习应用', 'KEY_RESULT', 10.00, '掌握并应用新技术:5分, 学习但未应用:4分, 学习进度良好:3分, 一般:2分, 较差:1分', 1.00, 10.00, 1, NULL, '0', '', '2025-11-26 14:53:19', '1', '2025-12-02 18:19:09');
INSERT INTO `perf_template_item` VALUES (112, 106, 110, 1, '', '技术分享次数', 'KEY_RESULT', 10.00, '2次以上:5分, 2次:4分, 1次:3分, 准备中:2分, 无:1分', 1.00, 10.00, 2, NULL, '0', '', '2025-11-26 14:53:19', '1', '2025-12-02 18:19:12');
INSERT INTO `perf_template_item` VALUES (113, 106, 127, 1, '', '团队协作能力', 'KEY_RESULT', 10.00, '优秀:5分, 良好:4分, 一般:3分, 较差:2分, 差:1分', 1.00, 10.00, 3, NULL, '0', '', '2025-11-26 14:53:19', '1', '2025-12-02 18:18:41');
INSERT INTO `perf_template_item` VALUES (114, 106, 101, 1, '1,101', '运营产品质量', 'KEY_RESULT', 20.00, NULL, 1.00, 20.00, 0, NULL, '0', '', '2025-11-26 14:53:19', '1', '2025-12-02 18:19:05');
INSERT INTO `perf_template_item` VALUES (121, 106, 101, 1, '1,101', '提升代码质量，减少线上缺陷', 'COMPETENCY', 10.00, '95%以上:5分, 90-95%:4分, 85-90%:3分, 80-85%:2分, 低于80%:1分', 1.00, 10.00, 0, '', '0', '1', '2025-12-01 13:43:26', '1', '2025-12-02 18:18:56');
INSERT INTO `perf_template_item` VALUES (127, 106, 0, 1, '', '代码质量', 'OBJECTIVE', 40.00, NULL, 1.00, 1.00, 0, NULL, '0', '1', '2025-12-02 10:13:31', '1', '2025-12-02 18:18:14');
INSERT INTO `perf_template_item` VALUES (171, 109, 0, 2, '2,1', '提升产品质量', 'OBJECTIVE', 40.00, '核心目标：提高系统稳定性，降低线上缺陷率', 0.00, 40.00, 1, '季度核心目标', '0', 'admin', '2024-12-02 09:00:00', 'admin', '2024-12-02 09:00:00');
INSERT INTO `perf_template_item` VALUES (172, 109, 171, 2, '2,1', '关键缺陷率降低至0.1%以下', 'KEY_RESULT', 15.00, 'P0/P1级缺陷数/总缺陷数 ≤ 0.1%', 0.00, 15.00, 1, '质量指标', '0', 'admin', '2024-12-02 09:00:00', 'admin', '2024-12-02 09:00:00');
INSERT INTO `perf_template_item` VALUES (173, 109, 171, 2, '2,1', '线上事故数不超过1次', 'KEY_RESULT', 10.00, '线上P1级事故数 ≤ 1次', 0.00, 10.00, 2, '稳定性指标', '0', 'admin', '2024-12-02 09:00:00', 'admin', '2024-12-02 09:00:00');
INSERT INTO `perf_template_item` VALUES (174, 109, 171, 2, '2,1', '单元测试覆盖率提升至80%', 'KEY_RESULT', 15.00, '核心业务代码单元测试覆盖率 ≥ 80%', 0.00, 15.00, 3, '测试覆盖指标', '0', 'admin', '2024-12-02 09:00:00', 'admin', '2024-12-02 09:00:00');
INSERT INTO `perf_template_item` VALUES (175, 109, 0, 2, '2,1', '提高研发效率', 'OBJECTIVE', 35.00, '缩短交付周期，提升开发效率', 0.00, 35.00, 2, '效率目标', '0', 'admin', '2024-12-02 09:00:00', 'admin', '2024-12-02 09:00:00');
INSERT INTO `perf_template_item` VALUES (176, 109, 175, 2, '2,1', '需求平均交付周期缩短20%', 'KEY_RESULT', 12.00, '从需求评审到上线时间缩短20%', 0.00, 12.00, 1, '交付效率', '0', 'admin', '2024-12-02 09:00:00', 'admin', '2024-12-02 09:00:00');
INSERT INTO `perf_template_item` VALUES (177, 109, 175, 2, '2,1', 'CI/CD自动化率达到90%', 'KEY_RESULT', 12.00, '自动化构建、部署、测试覆盖率 ≥ 90%', 0.00, 12.00, 2, '自动化水平', '0', 'admin', '2024-12-02 09:00:00', 'admin', '2024-12-02 09:00:00');
INSERT INTO `perf_template_item` VALUES (178, 109, 175, 2, '2,1', '技术债务清理率达到30%', 'KEY_RESULT', 11.00, '季度清理技术债务占比 ≥ 30%', 0.00, 11.00, 3, '技术债管理', '0', 'admin', '2024-12-02 09:00:00', 'admin', '2024-12-02 09:00:00');
INSERT INTO `perf_template_item` VALUES (179, 109, 0, 2, '2,1', '团队能力建设', 'OBJECTIVE', 25.00, '提升团队技术能力和知识沉淀', 0.00, 25.00, 3, '团队建设目标', '0', 'admin', '2024-12-02 09:00:00', 'admin', '2024-12-02 09:00:00');
INSERT INTO `perf_template_item` VALUES (180, 109, 179, 2, '2,1', '技术分享会每月至少1次', 'KEY_RESULT', 8.00, '每月组织技术分享会 ≥ 1次，参与率 ≥ 80%', 0.00, 8.00, 1, '知识分享', '0', 'admin', '2024-12-02 09:00:00', 'admin', '2024-12-02 09:00:00');
INSERT INTO `perf_template_item` VALUES (181, 109, 179, 2, '2,1', '新技术应用项目至少2个', 'KEY_RESULT', 9.00, '在项目中应用新技术框架/工具 ≥ 2个', 0.00, 9.00, 2, '技术创新', '0', 'admin', '2024-12-02 09:00:00', 'admin', '2024-12-02 09:00:00');
INSERT INTO `perf_template_item` VALUES (182, 109, 179, 2, '2,1', '新人培养计划完成率100%', 'KEY_RESULT', 8.00, '新员工培养计划完成率 = 100%', 0.00, 8.00, 3, '人才培养', '0', 'admin', '2024-12-02 09:00:00', 'admin', '2024-12-02 09:00:00');
INSERT INTO `perf_template_item` VALUES (183, 107, 0, 1, '1,2', '用户增长指标', 'COMPETENCY', 30.00, '新用户获取数量、获客成本、用户增长率', 0.00, 30.00, 1, '核心增长指标，关注用户规模扩张', '0', 'admin', '2024-12-01 10:00:00', 'admin', '2024-12-01 10:00:00');
INSERT INTO `perf_template_item` VALUES (184, 107, 183, 1, '1,2', '新增用户数', 'COMPETENCY', 10.00, '5分：超额完成目标150%以上；4分：完成目标120%-150%；3分：完成目标100%-120%；2分：完成80%-100%；1分：低于80%', 0.00, 10.00, 1, '月度/季度新增注册用户数', '0', 'admin', '2024-12-01 10:00:00', 'admin', '2024-12-01 10:00:00');
INSERT INTO `perf_template_item` VALUES (185, 107, 183, 1, '1,2', '获客成本(CAC)', 'COMPETENCY', 10.00, '5分：成本低于预算20%以上；4分：成本低于预算10%-20%；3分：控制在预算±10%内；2分：超预算10%-20%；1分：超预算20%以上', 0.00, 10.00, 2, '平均每个新用户获取成本', '0', 'admin', '2024-12-01 10:00:00', 'admin', '2024-12-01 10:00:00');
INSERT INTO `perf_template_item` VALUES (186, 107, 183, 1, '1,2', '用户增长率', 'COMPETENCY', 10.00, '5分：增长率≥20%；4分：增长率15%-20%；3分：增长率10%-15%；2分：增长率5%-10%；1分：增长率<5%', 0.00, 10.00, 3, '月活跃用户环比增长率', '0', 'admin', '2024-12-01 10:00:00', 'admin', '2024-12-01 10:00:00');
INSERT INTO `perf_template_item` VALUES (187, 107, 0, 1, '1,2', '用户活跃度指标', 'COMPETENCY', 25.00, '用户参与度、留存率、使用频率', 0.00, 25.00, 2, '衡量用户粘性和平台价值', '0', 'admin', '2024-12-01 10:00:00', 'admin', '2024-12-01 10:00:00');
INSERT INTO `perf_template_item` VALUES (188, 107, 187, 1, '1,2', '日活跃用户(DAU)', 'COMPETENCY', 9.00, '5分：DAU增长≥15%；4分：DAU增长10%-15%；3分：DAU增长5%-10%；2分：DAU增长0-5%；1分：DAU下降', 0.00, 9.00, 1, '日活跃用户数及增长率', '0', 'admin', '2024-12-01 10:00:00', 'admin', '2024-12-01 10:00:00');
INSERT INTO `perf_template_item` VALUES (189, 107, 187, 1, '1,2', '用户留存率', 'COMPETENCY', 8.00, '5分：30日留存率≥40%；4分：留存率30%-40%；3分：留存率20%-30%；2分：留存率10%-20%；1分：留存率<10%', 0.00, 8.00, 2, '新用户次日、7日、30日留存', '0', 'admin', '2024-12-01 10:00:00', 'admin', '2024-12-01 10:00:00');
INSERT INTO `perf_template_item` VALUES (190, 107, 187, 1, '1,2', '人均使用时长', 'COMPETENCY', 8.00, '5分：时长增长≥20%；4分：时长增长10%-20%；3分：时长增长0-10%；2分：时长下降0-10%；1分：时长下降>10%', 0.00, 8.00, 3, '用户平均单次使用时长', '0', 'admin', '2024-12-01 10:00:00', 'admin', '2024-12-01 10:00:00');
INSERT INTO `perf_template_item` VALUES (191, 107, 0, 1, '1,2', '转化与收入指标', 'COMPETENCY', 25.00, '转化率、客单价、营收贡献', 0.00, 25.00, 3, '核心业务转化和商业价值', '0', 'admin', '2024-12-01 10:00:00', 'admin', '2024-12-01 10:00:00');
INSERT INTO `perf_template_item` VALUES (192, 107, 191, 1, '1,2', '转化率', 'COMPETENCY', 9.00, '5分：转化率提升≥20%；4分：提升10%-20%；3分：提升0-10%；2分：下降0-10%；1分：下降>10%', 0.00, 9.00, 1, '关键路径转化率（注册→付费）', '0', 'admin', '2024-12-01 10:00:00', 'admin', '2024-12-01 10:00:00');
INSERT INTO `perf_template_item` VALUES (193, 107, 191, 1, '1,2', '平均客单价(ARPU)', 'COMPETENCY', 8.00, '5分：ARPU增长≥15%；4分：增长8%-15%；3分：增长0-8%；2分：下降0-8%；1分：下降>8%', 0.00, 8.00, 2, '每用户平均收入', '0', 'admin', '2024-12-01 10:00:00', 'admin', '2024-12-01 10:00:00');
INSERT INTO `perf_template_item` VALUES (194, 107, 191, 1, '1,2', '营收贡献', 'COMPETENCY', 8.00, '5分：完成目标120%以上；4分：完成100%-120%；3分：完成80%-100%；2分：完成60%-80%；1分：低于60%', 0.00, 8.00, 3, '运营活动带来的直接收入', '0', 'admin', '2024-12-01 10:00:00', 'admin', '2024-12-01 10:00:00');
INSERT INTO `perf_template_item` VALUES (195, 107, 0, 1, '1,2', '活动运营效果', 'COMPETENCY', 20.00, '活动策划、执行、效果评估', 0.00, 20.00, 4, '运营活动质量和ROI', '0', 'admin', '2024-12-01 10:00:00', 'admin', '2024-12-01 10:00:00');
INSERT INTO `perf_template_item` VALUES (196, 107, 195, 1, '1,2', '活动策划质量', 'COMPETENCY', 7.00, '5分：创新性强，目标明确，方案完整；4分：方案合理，有亮点；3分：方案可行；2分：方案一般；1分：方案粗糙', 1.00, 7.00, 1, '活动创意、目标设定、方案完整性', '0', 'admin', '2024-12-01 10:00:00', 'admin', '2024-12-01 10:00:00');
INSERT INTO `perf_template_item` VALUES (197, 107, 195, 1, '1,2', '活动执行效率', 'COMPETENCY', 7.00, '5分：提前完成，质量优秀；4分：按时完成，质量良好；3分：基本按时完成；2分：有延期但影响小；1分：延期严重', 1.00, 7.00, 2, '按时完成率、资源协调、问题处理', '0', 'admin', '2024-12-01 10:00:00', 'admin', '2024-12-01 10:00:00');
INSERT INTO `perf_template_item` VALUES (198, 107, 195, 1, '1,2', '活动ROI', 'COMPETENCY', 6.00, '5分：ROI≥3；4分：ROI 2-3；3分：ROI 1-2；2分：ROI 0.5-1；1分：ROI<0.5', 0.00, 6.00, 3, '投入产出比，活动效果评估', '0', 'admin', '2024-12-01 10:00:00', 'admin', '2024-12-01 10:00:00');
INSERT INTO `perf_template_item` VALUES (199, 112, 0, 1, '1,2', '招聘与配置', 'COMPETENCY', 30.00, '招聘效率、质量、人才配置效果', 0.00, 30.00, 1, '人才引进与配置核心指标', '0', 'admin', '2024-12-01 13:00:00', 'admin', '2024-12-01 13:00:00');
INSERT INTO `perf_template_item` VALUES (200, 112, 199, 1, '1,2', '招聘完成率', 'COMPETENCY', 10.00, '5分：完成率≥120%；4分：100%-120%；3分：80%-100%；2分：60%-80%；1分：<60%', 0.00, 10.00, 1, '实际到岗人数/计划招聘人数', '0', 'admin', '2024-12-01 13:00:00', 'admin', '2024-12-01 13:00:00');
INSERT INTO `perf_template_item` VALUES (201, 112, 199, 1, '1,2', '平均招聘周期', 'COMPETENCY', 10.00, '5分：周期缩短≥30%；4分：缩短20%-30%；3分：缩短10%-20%；2分：缩短0-10%；1分：周期延长', 0.00, 10.00, 2, '从发布职位到录用时间', '0', 'admin', '2024-12-01 13:00:00', 'admin', '2024-12-01 13:00:00');
INSERT INTO `perf_template_item` VALUES (202, 112, 199, 1, '1,2', '试用期通过率', 'COMPETENCY', 10.00, '5分：通过率≥95%；4分：90%-95%；3分：85%-90%；2分：80%-85%；1分：<80%', 0.00, 10.00, 3, '新员工试用期转正比例', '0', 'admin', '2024-12-01 13:00:00', 'admin', '2024-12-01 13:00:00');
INSERT INTO `perf_template_item` VALUES (203, 112, 0, 1, '1,2', '员工留存与发展', 'COMPETENCY', 25.00, '员工稳定性、成长性、满意度', 0.00, 25.00, 2, '人才保留与发展指标', '0', 'admin', '2024-12-01 13:00:00', 'admin', '2024-12-01 13:00:00');
INSERT INTO `perf_template_item` VALUES (204, 112, 203, 1, '1,2', '员工流失率', 'COMPETENCY', 9.00, '5分：流失率≤5%；4分：5%-8%；3分：8%-12%；2分：12%-15%；1分：>15%', 0.00, 9.00, 1, '主动离职员工比例（不含试用期）', '0', 'admin', '2024-12-01 13:00:00', 'admin', '2024-12-01 13:00:00');
INSERT INTO `perf_template_item` VALUES (205, 112, 203, 1, '1,2', '核心员工保留率', 'COMPETENCY', 8.00, '5分：保留率≥95%；4分：90%-95%；3分：85%-90%；2分：80%-85%；1分：<80%', 0.00, 8.00, 2, '关键岗位/高绩效员工保留', '0', 'admin', '2024-12-01 13:00:00', 'admin', '2024-12-01 13:00:00');
INSERT INTO `perf_template_item` VALUES (206, 112, 203, 1, '1,2', '内部晋升率', 'COMPETENCY', 8.00, '5分：晋升率≥15%；4分：10%-15%；3分：5%-10%；2分：3%-5%；1分：<3%', 0.00, 8.00, 3, '内部员工晋升比例', '0', 'admin', '2024-12-01 13:00:00', 'admin', '2024-12-01 13:00:00');
INSERT INTO `perf_template_item` VALUES (207, 112, 0, 1, '1,2', '培训与发展', 'COMPETENCY', 20.00, '培训计划执行、效果评估、人才发展', 0.00, 20.00, 3, '员工能力提升与组织学习', '0', 'admin', '2024-12-01 13:00:00', 'admin', '2024-12-01 13:00:00');
INSERT INTO `perf_template_item` VALUES (208, 112, 207, 1, '1,2', '培训计划完成率', 'COMPETENCY', 7.00, '5分：完成率≥100%；4分：90%-100%；3分：80%-90%；2分：70%-80%；1分：<70%', 0.00, 7.00, 1, '实际培训场次/计划培训场次', '0', 'admin', '2024-12-01 13:00:00', 'admin', '2024-12-01 13:00:00');
INSERT INTO `perf_template_item` VALUES (209, 112, 207, 1, '1,2', '培训满意度', 'COMPETENCY', 7.00, '5分：满意度≥4.5分；4分：4.0-4.5分；3分：3.5-4.0分；2分：3.0-3.5分；1分：<3.0分', 0.00, 7.00, 2, '学员对培训内容的满意度评分', '0', 'admin', '2024-12-01 13:00:00', 'admin', '2024-12-01 13:00:00');
INSERT INTO `perf_template_item` VALUES (210, 112, 207, 1, '1,2', '人均培训时长', 'COMPETENCY', 6.00, '5分：时长≥40小时；4分：30-40小时；3分：20-30小时；2分：10-20小时；1分：<10小时', 0.00, 6.00, 3, '员工年度平均培训时长', '0', 'admin', '2024-12-01 13:00:00', 'admin', '2024-12-01 13:00:00');
INSERT INTO `perf_template_item` VALUES (211, 112, 0, 1, '1,2', '薪酬与绩效', 'COMPETENCY', 15.00, '薪酬管理、绩效考核、激励机制', 0.00, 15.00, 4, '薪酬绩效管理有效性', '0', 'admin', '2024-12-01 13:00:00', 'admin', '2024-12-01 13:00:00');
INSERT INTO `perf_template_item` VALUES (212, 112, 211, 1, '1,2', '薪酬满意度', 'COMPETENCY', 5.00, '5分：满意度≥4.5分；4分：4.0-4.5分；3分：3.5-4.0分；2分：3.0-3.5分；1分：<3.0分', 0.00, 5.00, 1, '员工对薪酬公平性满意度', '0', 'admin', '2024-12-01 13:00:00', 'admin', '2024-12-01 13:00:00');
INSERT INTO `perf_template_item` VALUES (213, 112, 211, 1, '1,2', '绩效考核完成率', 'COMPETENCY', 5.00, '5分：完成率100%且按时；4分：完成率100%有延迟；3分：完成率90%-100%；2分：80%-90%；1分：<80%', 0.00, 5.00, 2, '绩效评估按时完成比例', '0', 'admin', '2024-12-01 13:00:00', 'admin', '2024-12-01 13:00:00');
INSERT INTO `perf_template_item` VALUES (214, 112, 211, 1, '1,2', '薪酬预算控制', 'COMPETENCY', 5.00, '5分：预算控制±3%内；4分：控制±5%内；3分：控制±8%内；2分：控制±10%内；1分：超10%以上', 0.00, 5.00, 3, '实际薪酬支出与预算差异', '0', 'admin', '2024-12-01 13:00:00', 'admin', '2024-12-01 13:00:00');
INSERT INTO `perf_template_item` VALUES (215, 112, 0, 1, '1,2', '员工关系与企业文化', 'COMPETENCY', 10.00, '员工关怀、文化建设、劳动关系', 0.00, 10.00, 5, '员工体验与组织氛围', '0', 'admin', '2024-12-01 13:00:00', 'admin', '2024-12-01 13:00:00');
INSERT INTO `perf_template_item` VALUES (216, 112, 215, 1, '1,2', '员工满意度', 'COMPETENCY', 4.00, '5分：满意度≥4.5分；4分：4.0-4.5分；3分：3.5-4.0分；2分：3.0-3.5分；1分：<3.0分', 0.00, 4.00, 1, '年度员工满意度调研得分', '0', 'admin', '2024-12-01 13:00:00', 'admin', '2024-12-01 13:00:00');
INSERT INTO `perf_template_item` VALUES (217, 112, 215, 1, '1,2', '文化活动参与率', 'COMPETENCY', 3.00, '5分：参与率≥80%；4分：70%-80%；3分：60%-70%；2分：50%-60%；1分：<50%', 0.00, 3.00, 2, '员工参与企业文化活动比例', '0', 'admin', '2024-12-01 13:00:00', 'admin', '2024-12-01 13:00:00');
INSERT INTO `perf_template_item` VALUES (218, 112, 215, 1, '1,2', '劳动纠纷处理', 'COMPETENCY', 3.00, '5分：无纠纷；4分：及时处理无影响；3分：处理得当影响小；2分：处理一般有影响；1分：处理不当影响大', 1.00, 3.00, 3, '劳动争议处理及时性和效果', '0', 'admin', '2024-12-01 13:00:00', 'admin', '2024-12-01 13:00:00');

-- ----------------------------
-- Table structure for sys_config
-- ----------------------------
DROP TABLE IF EXISTS `sys_config`;
CREATE TABLE `sys_config`  (
  `config_id` int(5) NOT NULL AUTO_INCREMENT COMMENT '参数主键',
  `config_name` varchar(100) CHARACTER SET utf8mb4 COLLATE utf8mb4_unicode_ci NULL DEFAULT '' COMMENT '参数名称',
  `config_key` varchar(100) CHARACTER SET utf8mb4 COLLATE utf8mb4_unicode_ci NULL DEFAULT '' COMMENT '参数键名',
  `config_value` varchar(500) CHARACTER SET utf8mb4 COLLATE utf8mb4_unicode_ci NULL DEFAULT '' COMMENT '参数键值',
  `config_type` char(1) CHARACTER SET utf8mb4 COLLATE utf8mb4_unicode_ci NULL DEFAULT 'N' COMMENT '系统内置（Y是 N否）',
  `create_by` varchar(64) CHARACTER SET utf8mb4 COLLATE utf8mb4_unicode_ci NULL DEFAULT '' COMMENT '创建者',
  `create_time` datetime NULL DEFAULT NULL COMMENT '创建时间',
  `update_by` varchar(64) CHARACTER SET utf8mb4 COLLATE utf8mb4_unicode_ci NULL DEFAULT '' COMMENT '更新者',
  `update_time` datetime NULL DEFAULT NULL COMMENT '更新时间',
  `remark` varchar(500) CHARACTER SET utf8mb4 COLLATE utf8mb4_unicode_ci NULL DEFAULT NULL COMMENT '备注',
  PRIMARY KEY (`config_id`) USING BTREE
) ENGINE = InnoDB AUTO_INCREMENT = 9 CHARACTER SET = utf8mb4 COLLATE = utf8mb4_unicode_ci COMMENT = '参数配置表' ROW_FORMAT = Dynamic;

-- ----------------------------
-- Records of sys_config
-- ----------------------------
INSERT INTO `sys_config` VALUES (1, '主框架页-默认皮肤样式名称', 'sys.index.skinName', 'skin-purple', 'Y', 'admin', '2025-11-20 13:58:14', 'admin', '2025-11-20 17:30:04', '蓝色 skin-blue、绿色 skin-green、紫色 skin-purple、红色 skin-red、黄色 skin-yellow');
INSERT INTO `sys_config` VALUES (2, '用户管理-账号初始密码', 'sys.user.initPassword', '123456', 'Y', 'admin', '2025-11-20 13:58:14', '', NULL, '初始化密码 123456');
INSERT INTO `sys_config` VALUES (3, '主框架页-侧边栏主题', 'sys.index.sideTheme', 'theme-dark', 'Y', 'admin', '2025-11-20 13:58:14', '', NULL, '深色主题theme-dark，浅色主题theme-light');
INSERT INTO `sys_config` VALUES (4, '账号自助-验证码开关', 'sys.account.captchaEnabled', 'true', 'Y', 'admin', '2025-11-20 13:58:14', '', NULL, '是否开启验证码功能（true开启，false关闭）');
INSERT INTO `sys_config` VALUES (5, '账号自助-是否开启用户注册功能', 'sys.account.registerUser', 'false', 'Y', 'admin', '2025-11-20 13:58:14', '', NULL, '是否开启注册用户功能（true开启，false关闭）');
INSERT INTO `sys_config` VALUES (6, '用户登录-黑名单列表', 'sys.login.blackIPList', '', 'Y', 'admin', '2025-11-20 13:58:14', '', NULL, '设置登录IP黑名单限制，多个匹配项以;分隔，支持匹配（*通配、网段）');
INSERT INTO `sys_config` VALUES (7, '用户管理-初始密码修改策略', 'sys.account.initPasswordModify', '1', 'Y', 'admin', '2025-11-20 13:58:14', '', NULL, '0：初始密码修改策略关闭，没有任何提示，1：提醒用户，如果未修改初始密码，则在登录时就会提醒修改密码对话框');
INSERT INTO `sys_config` VALUES (8, '用户管理-账号密码更新周期', 'sys.account.passwordValidateDays', '0', 'Y', 'admin', '2025-11-20 13:58:14', '', NULL, '密码更新周期（填写数字，数据初始化值为0不限制，若修改必须为大于0小于365的正整数），如果超过这个周期登录系统时，则在登录时就会提醒修改密码对话框');

-- ----------------------------
-- Table structure for sys_dept
-- ----------------------------
DROP TABLE IF EXISTS `sys_dept`;
CREATE TABLE `sys_dept`  (
  `dept_id` bigint(20) NOT NULL AUTO_INCREMENT COMMENT '部门id',
  `parent_id` bigint(20) NULL DEFAULT 0 COMMENT '父部门id',
  `ancestors` varchar(50) CHARACTER SET utf8mb4 COLLATE utf8mb4_unicode_ci NULL DEFAULT '' COMMENT '祖级列表',
  `dept_name` varchar(30) CHARACTER SET utf8mb4 COLLATE utf8mb4_unicode_ci NULL DEFAULT '' COMMENT '部门名称',
  `order_num` int(4) NULL DEFAULT 0 COMMENT '显示顺序',
  `leader` varchar(20) CHARACTER SET utf8mb4 COLLATE utf8mb4_unicode_ci NULL DEFAULT NULL COMMENT '负责人',
  `phone` varchar(11) CHARACTER SET utf8mb4 COLLATE utf8mb4_unicode_ci NULL DEFAULT NULL COMMENT '联系电话',
  `email` varchar(50) CHARACTER SET utf8mb4 COLLATE utf8mb4_unicode_ci NULL DEFAULT NULL COMMENT '邮箱',
  `status` char(1) CHARACTER SET utf8mb4 COLLATE utf8mb4_unicode_ci NULL DEFAULT '0' COMMENT '部门状态（0正常 1停用）',
  `del_flag` char(1) CHARACTER SET utf8mb4 COLLATE utf8mb4_unicode_ci NULL DEFAULT '0' COMMENT '删除标志（0代表存在 2代表删除）',
  `create_by` varchar(64) CHARACTER SET utf8mb4 COLLATE utf8mb4_unicode_ci NULL DEFAULT '' COMMENT '创建者',
  `create_time` datetime NULL DEFAULT NULL COMMENT '创建时间',
  `update_by` varchar(64) CHARACTER SET utf8mb4 COLLATE utf8mb4_unicode_ci NULL DEFAULT '' COMMENT '更新者',
  `update_time` datetime NULL DEFAULT NULL COMMENT '更新时间',
  PRIMARY KEY (`dept_id`) USING BTREE
) ENGINE = InnoDB AUTO_INCREMENT = 115 CHARACTER SET = utf8mb4 COLLATE = utf8mb4_unicode_ci COMMENT = '部门表' ROW_FORMAT = Dynamic;

-- ----------------------------
-- Records of sys_dept
-- ----------------------------
INSERT INTO `sys_dept` VALUES (100, 0, '0', '底格里斯', 0, '柒喜', '15888888888', 'ry@qq.com', '0', '0', 'admin', '2025-11-20 13:58:13', 'admin', '2025-11-20 17:37:25');
INSERT INTO `sys_dept` VALUES (101, 100, '0,100', '运营部', 1, '柒喜', '15888888888', 'ry@qq.com', '0', '0', 'admin', '2025-11-20 13:58:13', 'admin', '2025-12-01 17:17:55');
INSERT INTO `sys_dept` VALUES (102, 100, '0,100', '广州分公司', 2, '柒喜', '15888888888', 'ry@qq.com', '0', '2', 'admin', '2025-11-20 13:58:13', 'admin', '2025-11-20 17:37:35');
INSERT INTO `sys_dept` VALUES (103, 100, '0,100', 'IT部', 6, '若依', '15888888888', 'ry@qq.com', '0', '0', 'admin', '2025-11-20 13:58:13', 'admin', '2025-12-01 17:18:38');
INSERT INTO `sys_dept` VALUES (104, 100, '0,100', '人事部', 3, '若依', '15888888888', 'ry@qq.com', '0', '0', 'admin', '2025-11-20 13:58:13', 'admin', '2025-12-01 17:18:17');
INSERT INTO `sys_dept` VALUES (105, 100, '0,100', '采购部', 7, '若依', '15888888888', 'ry@qq.com', '0', '0', 'admin', '2025-11-20 13:58:13', 'admin', '2025-12-01 17:18:34');
INSERT INTO `sys_dept` VALUES (106, 100, '0,100', '财务部门', 5, '若依', '15888888888', 'ry@qq.com', '0', '0', 'admin', '2025-11-20 13:58:13', 'admin', '2025-12-01 17:18:23');
INSERT INTO `sys_dept` VALUES (110, 100, '0,100', 'FWG', 2, NULL, NULL, NULL, '0', '2', 'admin', '2025-12-01 17:18:05', '', NULL);
INSERT INTO `sys_dept` VALUES (111, 100, '0,100', '产品部', 4, NULL, NULL, NULL, '0', '0', 'admin', '2025-12-01 17:18:59', '', NULL);
INSERT INTO `sys_dept` VALUES (112, 101, '0,100,101', '欧洲站', 1, NULL, NULL, NULL, '0', '0', 'admin', '2025-12-01 17:19:23', '', NULL);
INSERT INTO `sys_dept` VALUES (113, 101, '0,100,101', '北美站', 0, NULL, NULL, NULL, '0', '0', 'admin', '2025-12-01 17:19:32', '', NULL);
INSERT INTO `sys_dept` VALUES (114, 101, '0,100,101', '独立站', 0, NULL, NULL, NULL, '0', '0', 'admin', '2025-12-01 17:19:50', '', NULL);

-- ----------------------------
-- Table structure for sys_dict_data
-- ----------------------------
DROP TABLE IF EXISTS `sys_dict_data`;
CREATE TABLE `sys_dict_data`  (
  `dict_code` bigint(20) NOT NULL AUTO_INCREMENT COMMENT '字典编码',
  `dict_sort` int(4) NULL DEFAULT 0 COMMENT '字典排序',
  `dict_label` varchar(100) CHARACTER SET utf8mb4 COLLATE utf8mb4_unicode_ci NULL DEFAULT '' COMMENT '字典标签',
  `dict_value` varchar(100) CHARACTER SET utf8mb4 COLLATE utf8mb4_unicode_ci NULL DEFAULT '' COMMENT '字典键值',
  `dict_type` varchar(100) CHARACTER SET utf8mb4 COLLATE utf8mb4_unicode_ci NULL DEFAULT '' COMMENT '字典类型',
  `css_class` varchar(100) CHARACTER SET utf8mb4 COLLATE utf8mb4_unicode_ci NULL DEFAULT NULL COMMENT '样式属性（其他样式扩展）',
  `list_class` varchar(100) CHARACTER SET utf8mb4 COLLATE utf8mb4_unicode_ci NULL DEFAULT NULL COMMENT '表格回显样式',
  `is_default` char(1) CHARACTER SET utf8mb4 COLLATE utf8mb4_unicode_ci NULL DEFAULT 'N' COMMENT '是否默认（Y是 N否）',
  `status` char(1) CHARACTER SET utf8mb4 COLLATE utf8mb4_unicode_ci NULL DEFAULT '0' COMMENT '状态（0正常 1停用）',
  `create_by` varchar(64) CHARACTER SET utf8mb4 COLLATE utf8mb4_unicode_ci NULL DEFAULT '' COMMENT '创建者',
  `create_time` datetime NULL DEFAULT NULL COMMENT '创建时间',
  `update_by` varchar(64) CHARACTER SET utf8mb4 COLLATE utf8mb4_unicode_ci NULL DEFAULT '' COMMENT '更新者',
  `update_time` datetime NULL DEFAULT NULL COMMENT '更新时间',
  `remark` varchar(500) CHARACTER SET utf8mb4 COLLATE utf8mb4_unicode_ci NULL DEFAULT NULL COMMENT '备注',
  PRIMARY KEY (`dict_code`) USING BTREE
) ENGINE = InnoDB AUTO_INCREMENT = 30 CHARACTER SET = utf8mb4 COLLATE = utf8mb4_unicode_ci COMMENT = '字典数据表' ROW_FORMAT = Dynamic;

-- ----------------------------
-- Records of sys_dict_data
-- ----------------------------
INSERT INTO `sys_dict_data` VALUES (1, 1, '男', '0', 'sys_user_sex', '', '', 'Y', '0', 'admin', '2025-11-20 13:58:14', '', NULL, '性别男');
INSERT INTO `sys_dict_data` VALUES (2, 2, '女', '1', 'sys_user_sex', '', '', 'N', '0', 'admin', '2025-11-20 13:58:14', '', NULL, '性别女');
INSERT INTO `sys_dict_data` VALUES (3, 3, '未知', '2', 'sys_user_sex', '', '', 'N', '0', 'admin', '2025-11-20 13:58:14', '', NULL, '性别未知');
INSERT INTO `sys_dict_data` VALUES (4, 1, '显示', '0', 'sys_show_hide', '', 'primary', 'Y', '0', 'admin', '2025-11-20 13:58:14', '', NULL, '显示菜单');
INSERT INTO `sys_dict_data` VALUES (5, 2, '隐藏', '1', 'sys_show_hide', '', 'danger', 'N', '0', 'admin', '2025-11-20 13:58:14', '', NULL, '隐藏菜单');
INSERT INTO `sys_dict_data` VALUES (6, 1, '正常', '0', 'sys_normal_disable', '', 'primary', 'Y', '0', 'admin', '2025-11-20 13:58:14', '', NULL, '正常状态');
INSERT INTO `sys_dict_data` VALUES (7, 2, '停用', '1', 'sys_normal_disable', '', 'danger', 'N', '0', 'admin', '2025-11-20 13:58:14', '', NULL, '停用状态');
INSERT INTO `sys_dict_data` VALUES (8, 1, '正常', '0', 'sys_job_status', '', 'primary', 'Y', '0', 'admin', '2025-11-20 13:58:14', '', NULL, '正常状态');
INSERT INTO `sys_dict_data` VALUES (9, 2, '暂停', '1', 'sys_job_status', '', 'danger', 'N', '0', 'admin', '2025-11-20 13:58:14', '', NULL, '停用状态');
INSERT INTO `sys_dict_data` VALUES (10, 1, '默认', 'DEFAULT', 'sys_job_group', '', '', 'Y', '0', 'admin', '2025-11-20 13:58:14', '', NULL, '默认分组');
INSERT INTO `sys_dict_data` VALUES (11, 2, '系统', 'SYSTEM', 'sys_job_group', '', '', 'N', '0', 'admin', '2025-11-20 13:58:14', '', NULL, '系统分组');
INSERT INTO `sys_dict_data` VALUES (12, 1, '是', 'Y', 'sys_yes_no', '', 'primary', 'Y', '0', 'admin', '2025-11-20 13:58:14', '', NULL, '系统默认是');
INSERT INTO `sys_dict_data` VALUES (13, 2, '否', 'N', 'sys_yes_no', '', 'danger', 'N', '0', 'admin', '2025-11-20 13:58:14', '', NULL, '系统默认否');
INSERT INTO `sys_dict_data` VALUES (14, 1, '通知', '1', 'sys_notice_type', '', 'warning', 'Y', '0', 'admin', '2025-11-20 13:58:14', '', NULL, '通知');
INSERT INTO `sys_dict_data` VALUES (15, 2, '公告', '2', 'sys_notice_type', '', 'success', 'N', '0', 'admin', '2025-11-20 13:58:14', '', NULL, '公告');
INSERT INTO `sys_dict_data` VALUES (16, 1, '正常', '0', 'sys_notice_status', '', 'primary', 'Y', '0', 'admin', '2025-11-20 13:58:14', '', NULL, '正常状态');
INSERT INTO `sys_dict_data` VALUES (17, 2, '关闭', '1', 'sys_notice_status', '', 'danger', 'N', '0', 'admin', '2025-11-20 13:58:14', '', NULL, '关闭状态');
INSERT INTO `sys_dict_data` VALUES (18, 99, '其他', '0', 'sys_oper_type', '', 'info', 'N', '0', 'admin', '2025-11-20 13:58:14', '', NULL, '其他操作');
INSERT INTO `sys_dict_data` VALUES (19, 1, '新增', '1', 'sys_oper_type', '', 'info', 'N', '0', 'admin', '2025-11-20 13:58:14', '', NULL, '新增操作');
INSERT INTO `sys_dict_data` VALUES (20, 2, '修改', '2', 'sys_oper_type', '', 'info', 'N', '0', 'admin', '2025-11-20 13:58:14', '', NULL, '修改操作');
INSERT INTO `sys_dict_data` VALUES (21, 3, '删除', '3', 'sys_oper_type', '', 'danger', 'N', '0', 'admin', '2025-11-20 13:58:14', '', NULL, '删除操作');
INSERT INTO `sys_dict_data` VALUES (22, 4, '授权', '4', 'sys_oper_type', '', 'primary', 'N', '0', 'admin', '2025-11-20 13:58:14', '', NULL, '授权操作');
INSERT INTO `sys_dict_data` VALUES (23, 5, '导出', '5', 'sys_oper_type', '', 'warning', 'N', '0', 'admin', '2025-11-20 13:58:14', '', NULL, '导出操作');
INSERT INTO `sys_dict_data` VALUES (24, 6, '导入', '6', 'sys_oper_type', '', 'warning', 'N', '0', 'admin', '2025-11-20 13:58:14', '', NULL, '导入操作');
INSERT INTO `sys_dict_data` VALUES (25, 7, '强退', '7', 'sys_oper_type', '', 'danger', 'N', '0', 'admin', '2025-11-20 13:58:14', '', NULL, '强退操作');
INSERT INTO `sys_dict_data` VALUES (26, 8, '生成代码', '8', 'sys_oper_type', '', 'warning', 'N', '0', 'admin', '2025-11-20 13:58:14', '', NULL, '生成操作');
INSERT INTO `sys_dict_data` VALUES (27, 9, '清空数据', '9', 'sys_oper_type', '', 'danger', 'N', '0', 'admin', '2025-11-20 13:58:14', '', NULL, '清空操作');
INSERT INTO `sys_dict_data` VALUES (28, 1, '成功', '0', 'sys_common_status', '', 'primary', 'N', '0', 'admin', '2025-11-20 13:58:14', '', NULL, '正常状态');
INSERT INTO `sys_dict_data` VALUES (29, 2, '失败', '1', 'sys_common_status', '', 'danger', 'N', '0', 'admin', '2025-11-20 13:58:14', '', NULL, '停用状态');

-- ----------------------------
-- Table structure for sys_dict_type
-- ----------------------------
DROP TABLE IF EXISTS `sys_dict_type`;
CREATE TABLE `sys_dict_type`  (
  `dict_id` bigint(20) NOT NULL AUTO_INCREMENT COMMENT '字典主键',
  `dict_name` varchar(100) CHARACTER SET utf8mb4 COLLATE utf8mb4_unicode_ci NULL DEFAULT '' COMMENT '字典名称',
  `dict_type` varchar(100) CHARACTER SET utf8mb4 COLLATE utf8mb4_unicode_ci NULL DEFAULT '' COMMENT '字典类型',
  `status` char(1) CHARACTER SET utf8mb4 COLLATE utf8mb4_unicode_ci NULL DEFAULT '0' COMMENT '状态（0正常 1停用）',
  `create_by` varchar(64) CHARACTER SET utf8mb4 COLLATE utf8mb4_unicode_ci NULL DEFAULT '' COMMENT '创建者',
  `create_time` datetime NULL DEFAULT NULL COMMENT '创建时间',
  `update_by` varchar(64) CHARACTER SET utf8mb4 COLLATE utf8mb4_unicode_ci NULL DEFAULT '' COMMENT '更新者',
  `update_time` datetime NULL DEFAULT NULL COMMENT '更新时间',
  `remark` varchar(500) CHARACTER SET utf8mb4 COLLATE utf8mb4_unicode_ci NULL DEFAULT NULL COMMENT '备注',
  PRIMARY KEY (`dict_id`) USING BTREE,
  UNIQUE INDEX `dict_type`(`dict_type`) USING BTREE
) ENGINE = InnoDB AUTO_INCREMENT = 11 CHARACTER SET = utf8mb4 COLLATE = utf8mb4_unicode_ci COMMENT = '字典类型表' ROW_FORMAT = Dynamic;

-- ----------------------------
-- Records of sys_dict_type
-- ----------------------------
INSERT INTO `sys_dict_type` VALUES (1, '用户性别', 'sys_user_sex', '0', 'admin', '2025-11-20 13:58:14', '', NULL, '用户性别列表');
INSERT INTO `sys_dict_type` VALUES (2, '菜单状态', 'sys_show_hide', '0', 'admin', '2025-11-20 13:58:14', '', NULL, '菜单状态列表');
INSERT INTO `sys_dict_type` VALUES (3, '系统开关', 'sys_normal_disable', '0', 'admin', '2025-11-20 13:58:14', '', NULL, '系统开关列表');
INSERT INTO `sys_dict_type` VALUES (4, '任务状态', 'sys_job_status', '0', 'admin', '2025-11-20 13:58:14', '', NULL, '任务状态列表');
INSERT INTO `sys_dict_type` VALUES (5, '任务分组', 'sys_job_group', '0', 'admin', '2025-11-20 13:58:14', '', NULL, '任务分组列表');
INSERT INTO `sys_dict_type` VALUES (6, '系统是否', 'sys_yes_no', '0', 'admin', '2025-11-20 13:58:14', '', NULL, '系统是否列表');
INSERT INTO `sys_dict_type` VALUES (7, '通知类型', 'sys_notice_type', '0', 'admin', '2025-11-20 13:58:14', '', NULL, '通知类型列表');
INSERT INTO `sys_dict_type` VALUES (8, '通知状态', 'sys_notice_status', '0', 'admin', '2025-11-20 13:58:14', '', NULL, '通知状态列表');
INSERT INTO `sys_dict_type` VALUES (9, '操作类型', 'sys_oper_type', '0', 'admin', '2025-11-20 13:58:14', '', NULL, '操作类型列表');
INSERT INTO `sys_dict_type` VALUES (10, '系统状态', 'sys_common_status', '0', 'admin', '2025-11-20 13:58:14', '', NULL, '登录状态列表');

-- ----------------------------
-- Table structure for sys_job
-- ----------------------------
DROP TABLE IF EXISTS `sys_job`;
CREATE TABLE `sys_job`  (
  `job_id` bigint(20) NOT NULL AUTO_INCREMENT COMMENT '任务ID',
  `job_name` varchar(64) CHARACTER SET utf8mb4 COLLATE utf8mb4_unicode_ci NOT NULL DEFAULT '' COMMENT '任务名称',
  `job_group` varchar(64) CHARACTER SET utf8mb4 COLLATE utf8mb4_unicode_ci NOT NULL DEFAULT 'DEFAULT' COMMENT '任务组名',
  `invoke_target` varchar(500) CHARACTER SET utf8mb4 COLLATE utf8mb4_unicode_ci NOT NULL COMMENT '调用目标字符串',
  `cron_expression` varchar(255) CHARACTER SET utf8mb4 COLLATE utf8mb4_unicode_ci NULL DEFAULT '' COMMENT 'cron执行表达式',
  `misfire_policy` varchar(20) CHARACTER SET utf8mb4 COLLATE utf8mb4_unicode_ci NULL DEFAULT '3' COMMENT '计划执行错误策略（1立即执行 2执行一次 3放弃执行）',
  `concurrent` char(1) CHARACTER SET utf8mb4 COLLATE utf8mb4_unicode_ci NULL DEFAULT '1' COMMENT '是否并发执行（0允许 1禁止）',
  `status` char(1) CHARACTER SET utf8mb4 COLLATE utf8mb4_unicode_ci NULL DEFAULT '0' COMMENT '状态（0正常 1暂停）',
  `create_by` varchar(64) CHARACTER SET utf8mb4 COLLATE utf8mb4_unicode_ci NULL DEFAULT '' COMMENT '创建者',
  `create_time` datetime NULL DEFAULT NULL COMMENT '创建时间',
  `update_by` varchar(64) CHARACTER SET utf8mb4 COLLATE utf8mb4_unicode_ci NULL DEFAULT '' COMMENT '更新者',
  `update_time` datetime NULL DEFAULT NULL COMMENT '更新时间',
  `remark` varchar(500) CHARACTER SET utf8mb4 COLLATE utf8mb4_unicode_ci NULL DEFAULT '' COMMENT '备注信息',
  PRIMARY KEY (`job_id`, `job_name`, `job_group`) USING BTREE
) ENGINE = InnoDB AUTO_INCREMENT = 4 CHARACTER SET = utf8mb4 COLLATE = utf8mb4_unicode_ci COMMENT = '定时任务调度表' ROW_FORMAT = Dynamic;

-- ----------------------------
-- Records of sys_job
-- ----------------------------
INSERT INTO `sys_job` VALUES (1, '系统默认（无参）', 'DEFAULT', 'ryTask.ryNoParams', '0/10 * * * * ?', '3', '1', '1', 'admin', '2025-11-20 13:58:14', '', NULL, '');
INSERT INTO `sys_job` VALUES (2, '系统默认（有参）', 'DEFAULT', 'ryTask.ryParams(\'ry\')', '0/15 * * * * ?', '3', '1', '1', 'admin', '2025-11-20 13:58:14', '', NULL, '');
INSERT INTO `sys_job` VALUES (3, '系统默认（多参）', 'DEFAULT', 'ryTask.ryMultipleParams(\'ry\', true, 2000L, 316.50D, 100)', '0/20 * * * * ?', '3', '1', '1', 'admin', '2025-11-20 13:58:14', '', NULL, '');

-- ----------------------------
-- Table structure for sys_job_log
-- ----------------------------
DROP TABLE IF EXISTS `sys_job_log`;
CREATE TABLE `sys_job_log`  (
  `job_log_id` bigint(20) NOT NULL AUTO_INCREMENT COMMENT '任务日志ID',
  `job_name` varchar(64) CHARACTER SET utf8mb4 COLLATE utf8mb4_unicode_ci NOT NULL COMMENT '任务名称',
  `job_group` varchar(64) CHARACTER SET utf8mb4 COLLATE utf8mb4_unicode_ci NOT NULL COMMENT '任务组名',
  `invoke_target` varchar(500) CHARACTER SET utf8mb4 COLLATE utf8mb4_unicode_ci NOT NULL COMMENT '调用目标字符串',
  `job_message` varchar(500) CHARACTER SET utf8mb4 COLLATE utf8mb4_unicode_ci NULL DEFAULT NULL COMMENT '日志信息',
  `status` char(1) CHARACTER SET utf8mb4 COLLATE utf8mb4_unicode_ci NULL DEFAULT '0' COMMENT '执行状态（0正常 1失败）',
  `exception_info` varchar(2000) CHARACTER SET utf8mb4 COLLATE utf8mb4_unicode_ci NULL DEFAULT '' COMMENT '异常信息',
  `create_time` datetime NULL DEFAULT NULL COMMENT '创建时间',
  PRIMARY KEY (`job_log_id`) USING BTREE
) ENGINE = InnoDB AUTO_INCREMENT = 1 CHARACTER SET = utf8mb4 COLLATE = utf8mb4_unicode_ci COMMENT = '定时任务调度日志表' ROW_FORMAT = Dynamic;

-- ----------------------------
-- Records of sys_job_log
-- ----------------------------

-- ----------------------------
-- Table structure for sys_logininfor
-- ----------------------------
DROP TABLE IF EXISTS `sys_logininfor`;
CREATE TABLE `sys_logininfor`  (
  `info_id` bigint(20) NOT NULL AUTO_INCREMENT COMMENT '访问ID',
  `user_name` varchar(50) CHARACTER SET utf8mb4 COLLATE utf8mb4_unicode_ci NULL DEFAULT '' COMMENT '用户账号',
  `ipaddr` varchar(128) CHARACTER SET utf8mb4 COLLATE utf8mb4_unicode_ci NULL DEFAULT '' COMMENT '登录IP地址',
  `login_location` varchar(255) CHARACTER SET utf8mb4 COLLATE utf8mb4_unicode_ci NULL DEFAULT '' COMMENT '登录地点',
  `browser` varchar(50) CHARACTER SET utf8mb4 COLLATE utf8mb4_unicode_ci NULL DEFAULT '' COMMENT '浏览器类型',
  `os` varchar(50) CHARACTER SET utf8mb4 COLLATE utf8mb4_unicode_ci NULL DEFAULT '' COMMENT '操作系统',
  `status` char(1) CHARACTER SET utf8mb4 COLLATE utf8mb4_unicode_ci NULL DEFAULT '0' COMMENT '登录状态（0成功 1失败）',
  `msg` varchar(255) CHARACTER SET utf8mb4 COLLATE utf8mb4_unicode_ci NULL DEFAULT '' COMMENT '提示消息',
  `login_time` datetime NULL DEFAULT NULL COMMENT '访问时间',
  PRIMARY KEY (`info_id`) USING BTREE,
  INDEX `idx_sys_logininfor_s`(`status`) USING BTREE,
  INDEX `idx_sys_logininfor_lt`(`login_time`) USING BTREE
) ENGINE = InnoDB AUTO_INCREMENT = 231 CHARACTER SET = utf8mb4 COLLATE = utf8mb4_unicode_ci COMMENT = '系统访问记录' ROW_FORMAT = Dynamic;

-- ----------------------------
-- Records of sys_logininfor
-- ----------------------------
INSERT INTO `sys_logininfor` VALUES (100, 'admin', '127.0.0.1', '内网IP', 'Chrome 14', 'Windows 10', '0', '登录成功', '2025-11-20 14:08:10');
INSERT INTO `sys_logininfor` VALUES (101, 'admin', '127.0.0.1', '内网IP', 'Chrome 14', 'Windows 10', '0', '登录成功', '2025-11-20 15:46:30');
INSERT INTO `sys_logininfor` VALUES (102, 'admin', '127.0.0.1', '内网IP', 'Chrome 14', 'Windows 10', '0', '退出成功', '2025-11-20 15:46:36');
INSERT INTO `sys_logininfor` VALUES (103, 'admin', '127.0.0.1', '内网IP', 'Chrome 14', 'Windows 10', '0', '登录成功', '2025-11-20 15:54:00');
INSERT INTO `sys_logininfor` VALUES (104, 'admin', '127.0.0.1', '内网IP', 'Chrome 14', 'Windows 10', '0', '退出成功', '2025-11-20 15:54:57');
INSERT INTO `sys_logininfor` VALUES (105, 'admin', '127.0.0.1', '内网IP', 'Chrome 14', 'Windows 10', '0', '登录成功', '2025-11-20 15:55:03');
INSERT INTO `sys_logininfor` VALUES (106, 'admin', '127.0.0.1', '内网IP', 'Chrome 14', 'Windows 10', '0', '退出成功', '2025-11-20 15:56:17');
INSERT INTO `sys_logininfor` VALUES (107, 'admin', '127.0.0.1', '内网IP', 'Chrome 14', 'Windows 10', '0', '登录成功', '2025-11-20 16:15:03');
INSERT INTO `sys_logininfor` VALUES (108, 'admin', '127.0.0.1', '内网IP', 'Chrome 14', 'Windows 10', '0', '退出成功', '2025-11-20 16:15:07');
INSERT INTO `sys_logininfor` VALUES (109, 'admin', '127.0.0.1', '内网IP', 'Chrome 14', 'Windows 10', '0', '登录成功', '2025-11-20 17:19:07');
INSERT INTO `sys_logininfor` VALUES (110, 'admin', '127.0.0.1', '内网IP', 'Chrome 14', 'Windows 10', '0', '退出成功', '2025-11-20 17:29:02');
INSERT INTO `sys_logininfor` VALUES (111, 'admin', '127.0.0.1', '内网IP', 'Chrome 14', 'Windows 10', '0', '登录成功', '2025-11-20 17:29:07');
INSERT INTO `sys_logininfor` VALUES (112, 'admin', '127.0.0.1', '内网IP', 'Chrome 14', 'Windows 10', '0', '登录成功', '2025-11-20 18:18:34');
INSERT INTO `sys_logininfor` VALUES (113, 'admin', '127.0.0.1', '内网IP', 'Chrome 14', 'Windows 10', '0', '登录成功', '2025-11-21 10:54:25');
INSERT INTO `sys_logininfor` VALUES (114, 'admin', '127.0.0.1', '内网IP', 'Chrome 14', 'Windows 10', '0', '登录成功', '2025-11-21 14:06:24');
INSERT INTO `sys_logininfor` VALUES (115, 'admin', '127.0.0.1', '内网IP', 'Chrome 14', 'Windows 10', '0', '登录成功', '2025-11-21 18:04:51');
INSERT INTO `sys_logininfor` VALUES (116, 'admin', '127.0.0.1', '内网IP', 'Chrome 14', 'Windows 10', '0', '登录成功', '2025-11-21 18:53:53');
INSERT INTO `sys_logininfor` VALUES (117, 'admin', '127.0.0.1', '内网IP', 'Chrome 14', 'Windows 10', '0', '登录成功', '2025-11-25 09:03:24');
INSERT INTO `sys_logininfor` VALUES (118, 'admin', '127.0.0.1', '内网IP', 'Chrome 14', 'Windows 10', '1', '验证码错误', '2025-11-25 09:42:54');
INSERT INTO `sys_logininfor` VALUES (119, 'admin', '127.0.0.1', '内网IP', 'Chrome 14', 'Windows 10', '0', '登录成功', '2025-11-25 09:42:58');
INSERT INTO `sys_logininfor` VALUES (120, 'admin', '127.0.0.1', '内网IP', 'Chrome 14', 'Windows 10', '0', '退出成功', '2025-11-25 10:22:07');
INSERT INTO `sys_logininfor` VALUES (121, 'admin', '127.0.0.1', '内网IP', 'Chrome 14', 'Windows 10', '0', '登录成功', '2025-11-25 10:22:10');
INSERT INTO `sys_logininfor` VALUES (122, 'admin', '127.0.0.1', '内网IP', 'Chrome 14', 'Windows 10', '0', '登录成功', '2025-11-25 15:20:24');
INSERT INTO `sys_logininfor` VALUES (123, 'admin', '127.0.0.1', '内网IP', 'Chrome 14', 'Windows 10', '0', '登录成功', '2025-11-26 09:33:40');
INSERT INTO `sys_logininfor` VALUES (124, 'admin', '127.0.0.1', '内网IP', 'Chrome 14', 'Windows 10', '0', '登录成功', '2025-11-26 10:40:11');
INSERT INTO `sys_logininfor` VALUES (125, 'admin', '127.0.0.1', '内网IP', 'Chrome 14', 'Windows 10', '0', '登录成功', '2025-11-26 11:56:51');
INSERT INTO `sys_logininfor` VALUES (126, 'admin', '127.0.0.1', '内网IP', 'Chrome 14', 'Windows 10', '0', '登录成功', '2025-11-26 13:56:36');
INSERT INTO `sys_logininfor` VALUES (127, 'admin', '127.0.0.1', '内网IP', 'Chrome 14', 'Windows 10', '0', '登录成功', '2025-11-26 16:50:33');
INSERT INTO `sys_logininfor` VALUES (128, 'admin', '127.0.0.1', '内网IP', 'Chrome 14', 'Windows 10', '0', '登录成功', '2025-11-26 20:03:21');
INSERT INTO `sys_logininfor` VALUES (129, 'admin', '127.0.0.1', '内网IP', 'Chrome 14', 'Windows 10', '0', '登录成功', '2025-11-27 14:17:53');
INSERT INTO `sys_logininfor` VALUES (130, 'admin', '127.0.0.1', '内网IP', 'Chrome 14', 'Windows 10', '0', '登录成功', '2025-11-27 14:53:18');
INSERT INTO `sys_logininfor` VALUES (131, 'admin', '127.0.0.1', '内网IP', 'Chrome 14', 'Windows 10', '0', '登录成功', '2025-11-27 16:41:51');
INSERT INTO `sys_logininfor` VALUES (132, 'admin', '127.0.0.1', '内网IP', 'Chrome 14', 'Windows 10', '0', '登录成功', '2025-11-27 19:11:24');
INSERT INTO `sys_logininfor` VALUES (133, 'admin', '127.0.0.1', '内网IP', 'Chrome 14', 'Windows 10', '0', '登录成功', '2025-11-28 09:57:08');
INSERT INTO `sys_logininfor` VALUES (134, 'admin', '127.0.0.1', '内网IP', 'Chrome 14', 'Windows 10', '0', '登录成功', '2025-11-28 14:06:44');
INSERT INTO `sys_logininfor` VALUES (135, 'admin', '127.0.0.1', '内网IP', 'Chrome 14', 'Windows 10', '0', '登录成功', '2025-11-28 15:26:48');
INSERT INTO `sys_logininfor` VALUES (136, 'admin', '127.0.0.1', '内网IP', 'Chrome 14', 'Windows 10', '0', '登录成功', '2025-12-01 09:09:03');
INSERT INTO `sys_logininfor` VALUES (137, 'admin', '127.0.0.1', '内网IP', 'Chrome 14', 'Windows 10', '0', '登录成功', '2025-12-01 13:40:03');
INSERT INTO `sys_logininfor` VALUES (138, 'admin', '127.0.0.1', '内网IP', 'Chrome 14', 'Windows 10', '0', '登录成功', '2025-12-01 16:36:36');
INSERT INTO `sys_logininfor` VALUES (139, 'admin', '127.0.0.1', '内网IP', 'Chrome 14', 'Windows 10', '0', '退出成功', '2025-12-01 16:36:45');
INSERT INTO `sys_logininfor` VALUES (140, 'admin', '127.0.0.1', '内网IP', 'Chrome 14', 'Windows 10', '0', '登录成功', '2025-12-01 16:37:06');
INSERT INTO `sys_logininfor` VALUES (141, 'admin', '127.0.0.1', '内网IP', 'Chrome 14', 'Windows 10', '0', '登录成功', '2025-12-01 16:59:53');
INSERT INTO `sys_logininfor` VALUES (142, 'qixi', '127.0.0.1', '内网IP', 'Chrome 14', 'Windows 10', '1', '用户不存在/密码错误', '2025-12-01 17:56:22');
INSERT INTO `sys_logininfor` VALUES (143, 'qixi', '127.0.0.1', '内网IP', 'Chrome 14', 'Windows 10', '1', '用户不存在/密码错误', '2025-12-01 17:56:49');
INSERT INTO `sys_logininfor` VALUES (144, 'qixi', '127.0.0.1', '内网IP', 'Chrome 14', 'Windows 10', '0', '登录成功', '2025-12-01 17:56:57');
INSERT INTO `sys_logininfor` VALUES (145, 'admin', '127.0.0.1', '内网IP', 'Chrome 14', 'Windows 10', '0', '登录成功', '2025-12-02 09:47:13');
INSERT INTO `sys_logininfor` VALUES (146, 'admin', '127.0.0.1', '内网IP', 'Chrome 14', 'Windows 10', '0', '登录成功', '2025-12-02 09:49:23');
INSERT INTO `sys_logininfor` VALUES (147, 'admin', '127.0.0.1', '内网IP', 'Chrome 14', 'Windows 10', '0', '登录成功', '2025-12-02 09:52:56');
INSERT INTO `sys_logininfor` VALUES (148, 'admin', '127.0.0.1', '内网IP', 'Chrome 14', 'Windows 10', '0', '登录成功', '2025-12-02 10:07:35');
INSERT INTO `sys_logininfor` VALUES (149, 'admin', '127.0.0.1', '内网IP', 'Chrome 14', 'Windows 10', '0', '登录成功', '2025-12-02 10:22:51');
INSERT INTO `sys_logininfor` VALUES (150, 'admin', '127.0.0.1', '内网IP', 'Chrome 14', 'Windows 10', '1', '验证码错误', '2025-12-02 11:28:55');
INSERT INTO `sys_logininfor` VALUES (151, 'admin', '127.0.0.1', '内网IP', 'Chrome 14', 'Windows 10', '0', '登录成功', '2025-12-02 11:28:58');
INSERT INTO `sys_logininfor` VALUES (152, 'admin', '127.0.0.1', '内网IP', 'Chrome 14', 'Windows 10', '0', '登录成功', '2025-12-02 13:32:49');
INSERT INTO `sys_logininfor` VALUES (153, 'admin', '127.0.0.1', '内网IP', 'Chrome 14', 'Windows 10', '0', '登录成功', '2025-12-02 14:51:49');
INSERT INTO `sys_logininfor` VALUES (154, 'admin', '127.0.0.1', '内网IP', 'Chrome 14', 'Windows 10', '0', '登录成功', '2025-12-02 15:10:42');
INSERT INTO `sys_logininfor` VALUES (155, 'admin', '127.0.0.1', '内网IP', 'Chrome 14', 'Windows 10', '0', '退出成功', '2025-12-02 15:31:39');
INSERT INTO `sys_logininfor` VALUES (156, 'test', '127.0.0.1', '内网IP', 'Chrome 14', 'Windows 10', '1', '用户不存在/密码错误', '2025-12-02 15:31:48');
INSERT INTO `sys_logininfor` VALUES (157, 'qixi', '127.0.0.1', '内网IP', 'Chrome 14', 'Windows 10', '1', '验证码错误', '2025-12-02 15:32:02');
INSERT INTO `sys_logininfor` VALUES (158, 'qixi', '127.0.0.1', '内网IP', 'Chrome 14', 'Windows 10', '0', '登录成功', '2025-12-02 15:32:06');
INSERT INTO `sys_logininfor` VALUES (159, 'admin', '127.0.0.1', '内网IP', 'Chrome 14', 'Windows 10', '0', '登录成功', '2025-12-02 16:38:39');
INSERT INTO `sys_logininfor` VALUES (160, 'admin', '127.0.0.1', '内网IP', 'Chrome 14', 'Windows 10', '0', '登录成功', '2025-12-02 17:21:07');
INSERT INTO `sys_logininfor` VALUES (161, 'admin', '127.0.0.1', '内网IP', 'Chrome 14', 'Windows 10', '0', '登录成功', '2025-12-02 17:44:32');
INSERT INTO `sys_logininfor` VALUES (162, 'admin', '127.0.0.1', '内网IP', 'Chrome 14', 'Windows 10', '0', '登录成功', '2025-12-03 10:30:03');
INSERT INTO `sys_logininfor` VALUES (163, 'admin', '127.0.0.1', '内网IP', 'Chrome 14', 'Windows 10', '0', '登录成功', '2025-12-03 11:18:03');
INSERT INTO `sys_logininfor` VALUES (164, 'admin', '127.0.0.1', '内网IP', 'Chrome 14', 'Windows 10', '0', '登录成功', '2025-12-03 15:02:55');
INSERT INTO `sys_logininfor` VALUES (165, 'admin', '127.0.0.1', '内网IP', 'Chrome 14', 'Windows 10', '0', '登录成功', '2025-12-03 16:09:47');
INSERT INTO `sys_logininfor` VALUES (166, 'admin', '127.0.0.1', '内网IP', 'Chrome 14', 'Windows 10', '0', '登录成功', '2025-12-03 16:17:35');
INSERT INTO `sys_logininfor` VALUES (167, 'admin', '127.0.0.1', '内网IP', 'Chrome 14', 'Windows 10', '0', '退出成功', '2025-12-03 18:17:45');
INSERT INTO `sys_logininfor` VALUES (168, 'qixi', '127.0.0.1', '内网IP', 'Chrome 14', 'Windows 10', '1', '用户不存在/密码错误', '2025-12-03 18:17:50');
INSERT INTO `sys_logininfor` VALUES (169, 'qixi', '127.0.0.1', '内网IP', 'Chrome 14', 'Windows 10', '0', '登录成功', '2025-12-03 18:17:58');
INSERT INTO `sys_logininfor` VALUES (170, 'qixi', '127.0.0.1', '内网IP', 'Chrome 14', 'Windows 10', '0', '退出成功', '2025-12-03 18:19:47');
INSERT INTO `sys_logininfor` VALUES (171, 'test', '127.0.0.1', '内网IP', 'Chrome 14', 'Windows 10', '0', '登录成功', '2025-12-03 18:19:55');
INSERT INTO `sys_logininfor` VALUES (172, 'admin', '127.0.0.1', '内网IP', 'Chrome 14', 'Windows 10', '0', '登录成功', '2025-12-03 18:20:48');
INSERT INTO `sys_logininfor` VALUES (173, 'test', '127.0.0.1', '内网IP', 'Chrome 14', 'Windows 10', '1', '用户不存在/密码错误', '2025-12-03 18:55:08');
INSERT INTO `sys_logininfor` VALUES (174, 'test', '127.0.0.1', '内网IP', 'Chrome 14', 'Windows 10', '0', '登录成功', '2025-12-03 18:55:13');
INSERT INTO `sys_logininfor` VALUES (175, 'admin', '127.0.0.1', '内网IP', 'Chrome 14', 'Windows 10', '0', '登录成功', '2025-12-04 11:39:33');
INSERT INTO `sys_logininfor` VALUES (176, 'admin', '127.0.0.1', '内网IP', 'Chrome 14', 'Windows 10', '0', '登录成功', '2025-12-04 13:54:43');
INSERT INTO `sys_logininfor` VALUES (177, 'admin', '127.0.0.1', '内网IP', 'Chrome 14', 'Windows 10', '0', '登录成功', '2025-12-04 16:49:57');
INSERT INTO `sys_logininfor` VALUES (178, 'admin', '127.0.0.1', '内网IP', 'Chrome 14', 'Windows 10', '0', '登录成功', '2025-12-04 18:51:15');
INSERT INTO `sys_logininfor` VALUES (179, 'admin', '127.0.0.1', '内网IP', 'Chrome 14', 'Windows 10', '0', '登录成功', '2025-12-04 19:52:17');
INSERT INTO `sys_logininfor` VALUES (180, 'test', '127.0.0.1', '内网IP', 'Chrome 14', 'Windows 10', '0', '登录成功', '2025-12-04 20:07:29');
INSERT INTO `sys_logininfor` VALUES (181, 'qixi', '127.0.0.1', '内网IP', 'Chrome 14', 'Windows 10', '0', '登录成功', '2025-12-04 20:08:15');
INSERT INTO `sys_logininfor` VALUES (182, 'admin', '127.0.0.1', '内网IP', 'Chrome 14', 'Windows 10', '0', '登录成功', '2025-12-05 09:22:45');
INSERT INTO `sys_logininfor` VALUES (183, 'test', '127.0.0.1', '内网IP', 'Chrome 14', 'Windows 10', '0', '登录成功', '2025-12-05 10:19:05');
INSERT INTO `sys_logininfor` VALUES (184, 'admin', '127.0.0.1', '内网IP', 'Chrome 14', 'Windows 10', '0', '登录成功', '2025-12-05 10:42:03');
INSERT INTO `sys_logininfor` VALUES (185, 'qixi', '127.0.0.1', '内网IP', 'Chrome 14', 'Windows 10', '0', '登录成功', '2025-12-05 11:05:01');
INSERT INTO `sys_logininfor` VALUES (186, 'admin', '127.0.0.1', '内网IP', 'Chrome 14', 'Windows 10', '0', '登录成功', '2025-12-05 14:47:56');
INSERT INTO `sys_logininfor` VALUES (187, 'admin', '127.0.0.1', '内网IP', 'Chrome 14', 'Windows 10', '0', '登录成功', '2025-12-05 16:18:15');
INSERT INTO `sys_logininfor` VALUES (188, 'admin', '127.0.0.1', '内网IP', 'Chrome 14', 'Windows 10', '0', '登录成功', '2025-12-05 17:58:58');
INSERT INTO `sys_logininfor` VALUES (189, 'test', '127.0.0.1', '内网IP', 'Chrome 14', 'Windows 10', '0', '登录成功', '2025-12-08 10:00:35');
INSERT INTO `sys_logininfor` VALUES (190, 'admin', '127.0.0.1', '内网IP', 'Chrome 14', 'Windows 10', '0', '登录成功', '2025-12-08 10:18:28');
INSERT INTO `sys_logininfor` VALUES (191, 'test', '127.0.0.1', '内网IP', 'Chrome 14', 'Windows 10', '0', '登录成功', '2025-12-08 11:18:51');
INSERT INTO `sys_logininfor` VALUES (192, 'admin', '127.0.0.1', '内网IP', 'Chrome 14', 'Windows 10', '0', '登录成功', '2025-12-08 11:19:05');
INSERT INTO `sys_logininfor` VALUES (193, 'admin', '127.0.0.1', '内网IP', 'Chrome 14', 'Windows 10', '0', '登录成功', '2025-12-08 13:59:46');
INSERT INTO `sys_logininfor` VALUES (194, 'admin', '127.0.0.1', '内网IP', 'Chrome 14', 'Windows 10', '0', '登录成功', '2025-12-08 17:51:04');
INSERT INTO `sys_logininfor` VALUES (195, 'admin', '127.0.0.1', '内网IP', 'Chrome 14', 'Windows 10', '0', '登录成功', '2025-12-09 11:10:50');
INSERT INTO `sys_logininfor` VALUES (196, 'admin', '127.0.0.1', '内网IP', 'Chrome 14', 'Windows 10', '0', '登录成功', '2025-12-09 11:56:04');
INSERT INTO `sys_logininfor` VALUES (197, 'admin', '127.0.0.1', '内网IP', 'Chrome 14', 'Windows 10', '0', '登录成功', '2025-12-09 13:35:24');
INSERT INTO `sys_logininfor` VALUES (198, 'admin', '127.0.0.1', '内网IP', 'Chrome 14', 'Windows 10', '0', '登录成功', '2025-12-09 15:27:08');
INSERT INTO `sys_logininfor` VALUES (199, 'admin', '127.0.0.1', '内网IP', 'Chrome 14', 'Windows 10', '0', '登录成功', '2025-12-09 17:33:29');
INSERT INTO `sys_logininfor` VALUES (200, 'admin', '127.0.0.1', '内网IP', 'Chrome 14', 'Windows 10', '0', '退出成功', '2025-12-09 17:39:01');
INSERT INTO `sys_logininfor` VALUES (201, 'admin', '127.0.0.1', '内网IP', 'Chrome 14', 'Windows 10', '0', '登录成功', '2025-12-09 17:39:04');
INSERT INTO `sys_logininfor` VALUES (202, 'test', '127.0.0.1', '内网IP', 'Chrome 14', 'Windows 10', '1', '验证码已失效', '2025-12-09 17:39:35');
INSERT INTO `sys_logininfor` VALUES (203, 'test', '127.0.0.1', '内网IP', 'Chrome 14', 'Windows 10', '0', '登录成功', '2025-12-09 17:39:38');
INSERT INTO `sys_logininfor` VALUES (204, 'zhaoliu', '127.0.0.1', '内网IP', 'Chrome 14', 'Windows 10', '1', '用户不存在/密码错误', '2025-12-10 14:20:05');
INSERT INTO `sys_logininfor` VALUES (205, 'qixi', '127.0.0.1', '内网IP', 'Chrome 14', 'Windows 10', '0', '登录成功', '2025-12-10 14:20:16');
INSERT INTO `sys_logininfor` VALUES (206, 'qixi', '127.0.0.1', '内网IP', 'Chrome 14', 'Windows 10', '0', '退出成功', '2025-12-10 14:20:25');
INSERT INTO `sys_logininfor` VALUES (207, 'zhangsan', '127.0.0.1', '内网IP', 'Chrome 14', 'Windows 10', '1', '用户不存在/密码错误', '2025-12-10 14:21:07');
INSERT INTO `sys_logininfor` VALUES (208, 'admin', '127.0.0.1', '内网IP', 'Chrome 14', 'Windows 10', '0', '登录成功', '2025-12-10 14:21:44');
INSERT INTO `sys_logininfor` VALUES (209, 'zhangsan', '127.0.0.1', '内网IP', 'Chrome 14', 'Windows 10', '0', '登录成功', '2025-12-10 14:22:41');
INSERT INTO `sys_logininfor` VALUES (210, 'qixi', '127.0.0.1', '内网IP', 'Chrome 14', 'Windows 10', '0', '登录成功', '2025-12-10 16:55:29');
INSERT INTO `sys_logininfor` VALUES (211, 'xiaomei', '127.0.0.1', '内网IP', 'Chrome 14', 'Windows 10', '0', '登录成功', '2025-12-10 17:13:58');
INSERT INTO `sys_logininfor` VALUES (212, 'david_li', '127.0.0.1', '内网IP', 'Chrome 14', 'Windows 10', '1', '用户不存在/密码错误', '2025-12-10 17:18:34');
INSERT INTO `sys_logininfor` VALUES (213, 'david_li', '127.0.0.1', '内网IP', 'Chrome 14', 'Windows 10', '0', '登录成功', '2025-12-10 17:18:43');
INSERT INTO `sys_logininfor` VALUES (214, 'david_li', '127.0.0.1', '内网IP', 'Chrome 14', 'Windows 10', '0', '退出成功', '2025-12-10 17:52:09');
INSERT INTO `sys_logininfor` VALUES (215, 'test', '127.0.0.1', '内网IP', 'Chrome 14', 'Windows 10', '1', '用户不存在/密码错误', '2025-12-10 17:52:14');
INSERT INTO `sys_logininfor` VALUES (216, 'test', '127.0.0.1', '内网IP', 'Chrome 14', 'Windows 10', '0', '登录成功', '2025-12-10 17:52:21');
INSERT INTO `sys_logininfor` VALUES (217, 'test', '127.0.0.1', '内网IP', 'Chrome 14', 'Windows 10', '0', '退出成功', '2025-12-10 17:53:47');
INSERT INTO `sys_logininfor` VALUES (218, 'dgls', '127.0.0.1', '内网IP', 'Chrome 14', 'Windows 10', '1', '用户不存在/密码错误', '2025-12-10 17:53:52');
INSERT INTO `sys_logininfor` VALUES (219, 'dgls', '127.0.0.1', '内网IP', 'Chrome 14', 'Windows 10', '1', '用户不存在/密码错误', '2025-12-10 17:53:56');
INSERT INTO `sys_logininfor` VALUES (220, 'dgls', '127.0.0.1', '内网IP', 'Chrome 14', 'Windows 10', '1', '验证码已失效', '2025-12-10 18:01:29');
INSERT INTO `sys_logininfor` VALUES (221, 'dgls', '127.0.0.1', '内网IP', 'Chrome 14', 'Windows 10', '0', '登录成功', '2025-12-10 18:01:52');
INSERT INTO `sys_logininfor` VALUES (222, 'admin', '127.0.0.1', '内网IP', 'Chrome 14', 'Windows 10', '0', '登录成功', '2025-12-11 11:49:46');
INSERT INTO `sys_logininfor` VALUES (223, 'admin', '127.0.0.1', '内网IP', 'Chrome 14', 'Windows 10', '0', '登录成功', '2025-12-11 16:28:25');
INSERT INTO `sys_logininfor` VALUES (224, 'qixi', '127.0.0.1', '内网IP', 'Chrome 14', 'Windows 10', '0', '登录成功', '2025-12-11 16:35:25');
INSERT INTO `sys_logininfor` VALUES (225, 'xiaomei', '127.0.0.1', '内网IP', 'Chrome 14', 'Windows 10', '1', '验证码已失效', '2025-12-11 16:40:39');
INSERT INTO `sys_logininfor` VALUES (226, 'xiaomei', '127.0.0.1', '内网IP', 'Chrome 14', 'Windows 10', '0', '登录成功', '2025-12-11 16:40:43');
INSERT INTO `sys_logininfor` VALUES (227, 'xiaomei', '127.0.0.1', '内网IP', 'Chrome 14', 'Windows 10', '0', '退出成功', '2025-12-11 16:40:58');
INSERT INTO `sys_logininfor` VALUES (228, 'david_li', '127.0.0.1', '内网IP', 'Chrome 14', 'Windows 10', '1', '用户不存在/密码错误', '2025-12-11 16:41:04');
INSERT INTO `sys_logininfor` VALUES (229, 'david_li', '127.0.0.1', '内网IP', 'Chrome 14', 'Windows 10', '0', '登录成功', '2025-12-11 16:41:10');
INSERT INTO `sys_logininfor` VALUES (230, 'admin', '127.0.0.1', '内网IP', 'Chrome 14', 'Windows 10', '0', '登录成功', '2025-12-11 18:37:29');

-- ----------------------------
-- Table structure for sys_menu
-- ----------------------------
DROP TABLE IF EXISTS `sys_menu`;
CREATE TABLE `sys_menu`  (
  `menu_id` bigint(20) NOT NULL AUTO_INCREMENT COMMENT '菜单ID',
  `menu_name` varchar(50) CHARACTER SET utf8mb4 COLLATE utf8mb4_unicode_ci NOT NULL COMMENT '菜单名称',
  `parent_id` bigint(20) NULL DEFAULT 0 COMMENT '父菜单ID',
  `order_num` int(4) NULL DEFAULT 0 COMMENT '显示顺序',
  `path` varchar(200) CHARACTER SET utf8mb4 COLLATE utf8mb4_unicode_ci NULL DEFAULT '' COMMENT '路由地址',
  `component` varchar(255) CHARACTER SET utf8mb4 COLLATE utf8mb4_unicode_ci NULL DEFAULT NULL COMMENT '组件路径',
  `query` varchar(255) CHARACTER SET utf8mb4 COLLATE utf8mb4_unicode_ci NULL DEFAULT NULL COMMENT '路由参数',
  `route_name` varchar(50) CHARACTER SET utf8mb4 COLLATE utf8mb4_unicode_ci NULL DEFAULT '' COMMENT '路由名称',
  `is_frame` int(1) NULL DEFAULT 1 COMMENT '是否为外链（0是 1否）',
  `is_cache` int(1) NULL DEFAULT 0 COMMENT '是否缓存（0缓存 1不缓存）',
  `menu_type` char(1) CHARACTER SET utf8mb4 COLLATE utf8mb4_unicode_ci NULL DEFAULT '' COMMENT '菜单类型（M目录 C菜单 F按钮）',
  `visible` char(1) CHARACTER SET utf8mb4 COLLATE utf8mb4_unicode_ci NULL DEFAULT '0' COMMENT '菜单状态（0显示 1隐藏）',
  `status` char(1) CHARACTER SET utf8mb4 COLLATE utf8mb4_unicode_ci NULL DEFAULT '0' COMMENT '菜单状态（0正常 1停用）',
  `perms` varchar(100) CHARACTER SET utf8mb4 COLLATE utf8mb4_unicode_ci NULL DEFAULT NULL COMMENT '权限标识',
  `icon` varchar(100) CHARACTER SET utf8mb4 COLLATE utf8mb4_unicode_ci NULL DEFAULT '#' COMMENT '菜单图标',
  `create_by` varchar(64) CHARACTER SET utf8mb4 COLLATE utf8mb4_unicode_ci NULL DEFAULT '' COMMENT '创建者',
  `create_time` datetime NULL DEFAULT NULL COMMENT '创建时间',
  `update_by` varchar(64) CHARACTER SET utf8mb4 COLLATE utf8mb4_unicode_ci NULL DEFAULT '' COMMENT '更新者',
  `update_time` datetime NULL DEFAULT NULL COMMENT '更新时间',
  `remark` varchar(500) CHARACTER SET utf8mb4 COLLATE utf8mb4_unicode_ci NULL DEFAULT '' COMMENT '备注',
  PRIMARY KEY (`menu_id`) USING BTREE
) ENGINE = InnoDB AUTO_INCREMENT = 2112 CHARACTER SET = utf8mb4 COLLATE = utf8mb4_unicode_ci COMMENT = '菜单权限表' ROW_FORMAT = Dynamic;

-- ----------------------------
-- Records of sys_menu
-- ----------------------------
INSERT INTO `sys_menu` VALUES (1, '系统管理', 0, 1, 'system', NULL, '', '', 1, 0, 'M', '0', '0', '', 'system', 'admin', '2025-11-20 13:58:14', '', NULL, '系统管理目录');
INSERT INTO `sys_menu` VALUES (2, '系统监控', 0, 2, 'monitor', NULL, '', '', 1, 0, 'M', '0', '0', '', 'monitor', 'admin', '2025-11-20 13:58:14', '', NULL, '系统监控目录');
INSERT INTO `sys_menu` VALUES (3, '系统工具', 0, 3, 'tool', NULL, '', '', 1, 0, 'M', '0', '0', '', 'tool', 'admin', '2025-11-20 13:58:14', '', NULL, '系统工具目录');
INSERT INTO `sys_menu` VALUES (4, '若依官网', 0, 5, 'http://ruoyi.vip', NULL, '', '', 0, 0, 'M', '1', '1', '', 'guide', 'admin', '2025-11-20 13:58:14', 'admin', '2025-11-21 14:42:05', '若依官网地址');
INSERT INTO `sys_menu` VALUES (100, '用户管理', 1, 1, 'user', 'system/user/index', '', '', 1, 0, 'C', '0', '0', 'system:user:list', 'user', 'admin', '2025-11-20 13:58:14', '', NULL, '用户管理菜单');
INSERT INTO `sys_menu` VALUES (101, '角色管理', 1, 2, 'role', 'system/role/index', '', '', 1, 0, 'C', '0', '0', 'system:role:list', 'peoples', 'admin', '2025-11-20 13:58:14', '', NULL, '角色管理菜单');
INSERT INTO `sys_menu` VALUES (102, '菜单管理', 1, 3, 'menu', 'system/menu/index', '', '', 1, 0, 'C', '0', '0', 'system:menu:list', 'tree-table', 'admin', '2025-11-20 13:58:14', '', NULL, '菜单管理菜单');
INSERT INTO `sys_menu` VALUES (103, '部门管理', 1, 4, 'dept', 'system/dept/index', '', '', 1, 0, 'C', '0', '0', 'system:dept:list', 'tree', 'admin', '2025-11-20 13:58:14', '', NULL, '部门管理菜单');
INSERT INTO `sys_menu` VALUES (104, '岗位管理', 1, 5, 'post', 'system/post/index', '', '', 1, 0, 'C', '0', '0', 'system:post:list', 'post', 'admin', '2025-11-20 13:58:14', '', NULL, '岗位管理菜单');
INSERT INTO `sys_menu` VALUES (105, '字典管理', 1, 6, 'dict', 'system/dict/index', '', '', 1, 0, 'C', '0', '0', 'system:dict:list', 'dict', 'admin', '2025-11-20 13:58:14', '', NULL, '字典管理菜单');
INSERT INTO `sys_menu` VALUES (106, '参数设置', 1, 7, 'config', 'system/config/index', '', '', 1, 0, 'C', '0', '0', 'system:config:list', 'edit', 'admin', '2025-11-20 13:58:14', '', NULL, '参数设置菜单');
INSERT INTO `sys_menu` VALUES (107, '通知公告', 1, 8, 'notice', 'system/notice/index', '', '', 1, 0, 'C', '0', '0', 'system:notice:list', 'message', 'admin', '2025-11-20 13:58:14', '', NULL, '通知公告菜单');
INSERT INTO `sys_menu` VALUES (108, '日志管理', 1, 9, 'log', '', '', '', 1, 0, 'M', '0', '0', '', 'log', 'admin', '2025-11-20 13:58:14', '', NULL, '日志管理菜单');
INSERT INTO `sys_menu` VALUES (109, '在线用户', 2, 1, 'online', 'monitor/online/index', '', '', 1, 0, 'C', '0', '0', 'monitor:online:list', 'online', 'admin', '2025-11-20 13:58:14', '', NULL, '在线用户菜单');
INSERT INTO `sys_menu` VALUES (110, '定时任务', 2, 2, 'job', 'monitor/job/index', '', '', 1, 0, 'C', '0', '0', 'monitor:job:list', 'job', 'admin', '2025-11-20 13:58:14', '', NULL, '定时任务菜单');
INSERT INTO `sys_menu` VALUES (111, '数据监控', 2, 3, 'druid', 'monitor/druid/index', '', '', 1, 0, 'C', '0', '0', 'monitor:druid:list', 'druid', 'admin', '2025-11-20 13:58:14', '', NULL, '数据监控菜单');
INSERT INTO `sys_menu` VALUES (112, '服务监控', 2, 4, 'server', 'monitor/server/index', '', '', 1, 0, 'C', '0', '0', 'monitor:server:list', 'server', 'admin', '2025-11-20 13:58:14', '', NULL, '服务监控菜单');
INSERT INTO `sys_menu` VALUES (113, '缓存监控', 2, 5, 'cache', 'monitor/cache/index', '', '', 1, 0, 'C', '0', '0', 'monitor:cache:list', 'redis', 'admin', '2025-11-20 13:58:14', '', NULL, '缓存监控菜单');
INSERT INTO `sys_menu` VALUES (114, '缓存列表', 2, 6, 'cacheList', 'monitor/cache/list', '', '', 1, 0, 'C', '0', '0', 'monitor:cache:list', 'redis-list', 'admin', '2025-11-20 13:58:14', '', NULL, '缓存列表菜单');
INSERT INTO `sys_menu` VALUES (115, '表单构建', 3, 1, 'build', 'tool/build/index', '', '', 1, 0, 'C', '0', '0', 'tool:build:list', 'build', 'admin', '2025-11-20 13:58:14', '', NULL, '表单构建菜单');
INSERT INTO `sys_menu` VALUES (116, '代码生成', 3, 2, 'gen', 'tool/gen/index', '', '', 1, 0, 'C', '0', '0', 'tool:gen:list', 'code', 'admin', '2025-11-20 13:58:14', '', NULL, '代码生成菜单');
INSERT INTO `sys_menu` VALUES (117, '系统接口', 3, 3, 'swagger', 'tool/swagger/index', '', '', 1, 0, 'C', '0', '0', 'tool:swagger:list', 'swagger', 'admin', '2025-11-20 13:58:14', '', NULL, '系统接口菜单');
INSERT INTO `sys_menu` VALUES (500, '操作日志', 108, 1, 'operlog', 'monitor/operlog/index', '', '', 1, 0, 'C', '0', '0', 'monitor:operlog:list', 'form', 'admin', '2025-11-20 13:58:14', '', NULL, '操作日志菜单');
INSERT INTO `sys_menu` VALUES (501, '登录日志', 108, 2, 'logininfor', 'monitor/logininfor/index', '', '', 1, 0, 'C', '0', '0', 'monitor:logininfor:list', 'logininfor', 'admin', '2025-11-20 13:58:14', '', NULL, '登录日志菜单');
INSERT INTO `sys_menu` VALUES (1000, '用户查询', 100, 1, '', '', '', '', 1, 0, 'F', '0', '0', 'system:user:query', '#', 'admin', '2025-11-20 13:58:14', '', NULL, '');
INSERT INTO `sys_menu` VALUES (1001, '用户新增', 100, 2, '', '', '', '', 1, 0, 'F', '0', '0', 'system:user:add', '#', 'admin', '2025-11-20 13:58:14', '', NULL, '');
INSERT INTO `sys_menu` VALUES (1002, '用户修改', 100, 3, '', '', '', '', 1, 0, 'F', '0', '0', 'system:user:edit', '#', 'admin', '2025-11-20 13:58:14', '', NULL, '');
INSERT INTO `sys_menu` VALUES (1003, '用户删除', 100, 4, '', '', '', '', 1, 0, 'F', '0', '0', 'system:user:remove', '#', 'admin', '2025-11-20 13:58:14', '', NULL, '');
INSERT INTO `sys_menu` VALUES (1004, '用户导出', 100, 5, '', '', '', '', 1, 0, 'F', '0', '0', 'system:user:export', '#', 'admin', '2025-11-20 13:58:14', '', NULL, '');
INSERT INTO `sys_menu` VALUES (1005, '用户导入', 100, 6, '', '', '', '', 1, 0, 'F', '0', '0', 'system:user:import', '#', 'admin', '2025-11-20 13:58:14', '', NULL, '');
INSERT INTO `sys_menu` VALUES (1006, '重置密码', 100, 7, '', '', '', '', 1, 0, 'F', '0', '0', 'system:user:resetPwd', '#', 'admin', '2025-11-20 13:58:14', '', NULL, '');
INSERT INTO `sys_menu` VALUES (1007, '角色查询', 101, 1, '', '', '', '', 1, 0, 'F', '0', '0', 'system:role:query', '#', 'admin', '2025-11-20 13:58:14', '', NULL, '');
INSERT INTO `sys_menu` VALUES (1008, '角色新增', 101, 2, '', '', '', '', 1, 0, 'F', '0', '0', 'system:role:add', '#', 'admin', '2025-11-20 13:58:14', '', NULL, '');
INSERT INTO `sys_menu` VALUES (1009, '角色修改', 101, 3, '', '', '', '', 1, 0, 'F', '0', '0', 'system:role:edit', '#', 'admin', '2025-11-20 13:58:14', '', NULL, '');
INSERT INTO `sys_menu` VALUES (1010, '角色删除', 101, 4, '', '', '', '', 1, 0, 'F', '0', '0', 'system:role:remove', '#', 'admin', '2025-11-20 13:58:14', '', NULL, '');
INSERT INTO `sys_menu` VALUES (1011, '角色导出', 101, 5, '', '', '', '', 1, 0, 'F', '0', '0', 'system:role:export', '#', 'admin', '2025-11-20 13:58:14', '', NULL, '');
INSERT INTO `sys_menu` VALUES (1012, '菜单查询', 102, 1, '', '', '', '', 1, 0, 'F', '0', '0', 'system:menu:query', '#', 'admin', '2025-11-20 13:58:14', '', NULL, '');
INSERT INTO `sys_menu` VALUES (1013, '菜单新增', 102, 2, '', '', '', '', 1, 0, 'F', '0', '0', 'system:menu:add', '#', 'admin', '2025-11-20 13:58:14', '', NULL, '');
INSERT INTO `sys_menu` VALUES (1014, '菜单修改', 102, 3, '', '', '', '', 1, 0, 'F', '0', '0', 'system:menu:edit', '#', 'admin', '2025-11-20 13:58:14', '', NULL, '');
INSERT INTO `sys_menu` VALUES (1015, '菜单删除', 102, 4, '', '', '', '', 1, 0, 'F', '0', '0', 'system:menu:remove', '#', 'admin', '2025-11-20 13:58:14', '', NULL, '');
INSERT INTO `sys_menu` VALUES (1016, '部门查询', 103, 1, '', '', '', '', 1, 0, 'F', '0', '0', 'system:dept:query', '#', 'admin', '2025-11-20 13:58:14', '', NULL, '');
INSERT INTO `sys_menu` VALUES (1017, '部门新增', 103, 2, '', '', '', '', 1, 0, 'F', '0', '0', 'system:dept:add', '#', 'admin', '2025-11-20 13:58:14', '', NULL, '');
INSERT INTO `sys_menu` VALUES (1018, '部门修改', 103, 3, '', '', '', '', 1, 0, 'F', '0', '0', 'system:dept:edit', '#', 'admin', '2025-11-20 13:58:14', '', NULL, '');
INSERT INTO `sys_menu` VALUES (1019, '部门删除', 103, 4, '', '', '', '', 1, 0, 'F', '0', '0', 'system:dept:remove', '#', 'admin', '2025-11-20 13:58:14', '', NULL, '');
INSERT INTO `sys_menu` VALUES (1020, '岗位查询', 104, 1, '', '', '', '', 1, 0, 'F', '0', '0', 'system:post:query', '#', 'admin', '2025-11-20 13:58:14', '', NULL, '');
INSERT INTO `sys_menu` VALUES (1021, '岗位新增', 104, 2, '', '', '', '', 1, 0, 'F', '0', '0', 'system:post:add', '#', 'admin', '2025-11-20 13:58:14', '', NULL, '');
INSERT INTO `sys_menu` VALUES (1022, '岗位修改', 104, 3, '', '', '', '', 1, 0, 'F', '0', '0', 'system:post:edit', '#', 'admin', '2025-11-20 13:58:14', '', NULL, '');
INSERT INTO `sys_menu` VALUES (1023, '岗位删除', 104, 4, '', '', '', '', 1, 0, 'F', '0', '0', 'system:post:remove', '#', 'admin', '2025-11-20 13:58:14', '', NULL, '');
INSERT INTO `sys_menu` VALUES (1024, '岗位导出', 104, 5, '', '', '', '', 1, 0, 'F', '0', '0', 'system:post:export', '#', 'admin', '2025-11-20 13:58:14', '', NULL, '');
INSERT INTO `sys_menu` VALUES (1025, '字典查询', 105, 1, '#', '', '', '', 1, 0, 'F', '0', '0', 'system:dict:query', '#', 'admin', '2025-11-20 13:58:14', '', NULL, '');
INSERT INTO `sys_menu` VALUES (1026, '字典新增', 105, 2, '#', '', '', '', 1, 0, 'F', '0', '0', 'system:dict:add', '#', 'admin', '2025-11-20 13:58:14', '', NULL, '');
INSERT INTO `sys_menu` VALUES (1027, '字典修改', 105, 3, '#', '', '', '', 1, 0, 'F', '0', '0', 'system:dict:edit', '#', 'admin', '2025-11-20 13:58:14', '', NULL, '');
INSERT INTO `sys_menu` VALUES (1028, '字典删除', 105, 4, '#', '', '', '', 1, 0, 'F', '0', '0', 'system:dict:remove', '#', 'admin', '2025-11-20 13:58:14', '', NULL, '');
INSERT INTO `sys_menu` VALUES (1029, '字典导出', 105, 5, '#', '', '', '', 1, 0, 'F', '0', '0', 'system:dict:export', '#', 'admin', '2025-11-20 13:58:14', '', NULL, '');
INSERT INTO `sys_menu` VALUES (1030, '参数查询', 106, 1, '#', '', '', '', 1, 0, 'F', '0', '0', 'system:config:query', '#', 'admin', '2025-11-20 13:58:14', '', NULL, '');
INSERT INTO `sys_menu` VALUES (1031, '参数新增', 106, 2, '#', '', '', '', 1, 0, 'F', '0', '0', 'system:config:add', '#', 'admin', '2025-11-20 13:58:14', '', NULL, '');
INSERT INTO `sys_menu` VALUES (1032, '参数修改', 106, 3, '#', '', '', '', 1, 0, 'F', '0', '0', 'system:config:edit', '#', 'admin', '2025-11-20 13:58:14', '', NULL, '');
INSERT INTO `sys_menu` VALUES (1033, '参数删除', 106, 4, '#', '', '', '', 1, 0, 'F', '0', '0', 'system:config:remove', '#', 'admin', '2025-11-20 13:58:14', '', NULL, '');
INSERT INTO `sys_menu` VALUES (1034, '参数导出', 106, 5, '#', '', '', '', 1, 0, 'F', '0', '0', 'system:config:export', '#', 'admin', '2025-11-20 13:58:14', '', NULL, '');
INSERT INTO `sys_menu` VALUES (1035, '公告查询', 107, 1, '#', '', '', '', 1, 0, 'F', '0', '0', 'system:notice:query', '#', 'admin', '2025-11-20 13:58:14', '', NULL, '');
INSERT INTO `sys_menu` VALUES (1036, '公告新增', 107, 2, '#', '', '', '', 1, 0, 'F', '0', '0', 'system:notice:add', '#', 'admin', '2025-11-20 13:58:14', '', NULL, '');
INSERT INTO `sys_menu` VALUES (1037, '公告修改', 107, 3, '#', '', '', '', 1, 0, 'F', '0', '0', 'system:notice:edit', '#', 'admin', '2025-11-20 13:58:14', '', NULL, '');
INSERT INTO `sys_menu` VALUES (1038, '公告删除', 107, 4, '#', '', '', '', 1, 0, 'F', '0', '0', 'system:notice:remove', '#', 'admin', '2025-11-20 13:58:14', '', NULL, '');
INSERT INTO `sys_menu` VALUES (1039, '操作查询', 500, 1, '#', '', '', '', 1, 0, 'F', '0', '0', 'monitor:operlog:query', '#', 'admin', '2025-11-20 13:58:14', '', NULL, '');
INSERT INTO `sys_menu` VALUES (1040, '操作删除', 500, 2, '#', '', '', '', 1, 0, 'F', '0', '0', 'monitor:operlog:remove', '#', 'admin', '2025-11-20 13:58:14', '', NULL, '');
INSERT INTO `sys_menu` VALUES (1041, '日志导出', 500, 3, '#', '', '', '', 1, 0, 'F', '0', '0', 'monitor:operlog:export', '#', 'admin', '2025-11-20 13:58:14', '', NULL, '');
INSERT INTO `sys_menu` VALUES (1042, '登录查询', 501, 1, '#', '', '', '', 1, 0, 'F', '0', '0', 'monitor:logininfor:query', '#', 'admin', '2025-11-20 13:58:14', '', NULL, '');
INSERT INTO `sys_menu` VALUES (1043, '登录删除', 501, 2, '#', '', '', '', 1, 0, 'F', '0', '0', 'monitor:logininfor:remove', '#', 'admin', '2025-11-20 13:58:14', '', NULL, '');
INSERT INTO `sys_menu` VALUES (1044, '日志导出', 501, 3, '#', '', '', '', 1, 0, 'F', '0', '0', 'monitor:logininfor:export', '#', 'admin', '2025-11-20 13:58:14', '', NULL, '');
INSERT INTO `sys_menu` VALUES (1045, '账户解锁', 501, 4, '#', '', '', '', 1, 0, 'F', '0', '0', 'monitor:logininfor:unlock', '#', 'admin', '2025-11-20 13:58:14', '', NULL, '');
INSERT INTO `sys_menu` VALUES (1046, '在线查询', 109, 1, '#', '', '', '', 1, 0, 'F', '0', '0', 'monitor:online:query', '#', 'admin', '2025-11-20 13:58:14', '', NULL, '');
INSERT INTO `sys_menu` VALUES (1047, '批量强退', 109, 2, '#', '', '', '', 1, 0, 'F', '0', '0', 'monitor:online:batchLogout', '#', 'admin', '2025-11-20 13:58:14', '', NULL, '');
INSERT INTO `sys_menu` VALUES (1048, '单条强退', 109, 3, '#', '', '', '', 1, 0, 'F', '0', '0', 'monitor:online:forceLogout', '#', 'admin', '2025-11-20 13:58:14', '', NULL, '');
INSERT INTO `sys_menu` VALUES (1049, '任务查询', 110, 1, '#', '', '', '', 1, 0, 'F', '0', '0', 'monitor:job:query', '#', 'admin', '2025-11-20 13:58:14', '', NULL, '');
INSERT INTO `sys_menu` VALUES (1050, '任务新增', 110, 2, '#', '', '', '', 1, 0, 'F', '0', '0', 'monitor:job:add', '#', 'admin', '2025-11-20 13:58:14', '', NULL, '');
INSERT INTO `sys_menu` VALUES (1051, '任务修改', 110, 3, '#', '', '', '', 1, 0, 'F', '0', '0', 'monitor:job:edit', '#', 'admin', '2025-11-20 13:58:14', '', NULL, '');
INSERT INTO `sys_menu` VALUES (1052, '任务删除', 110, 4, '#', '', '', '', 1, 0, 'F', '0', '0', 'monitor:job:remove', '#', 'admin', '2025-11-20 13:58:14', '', NULL, '');
INSERT INTO `sys_menu` VALUES (1053, '状态修改', 110, 5, '#', '', '', '', 1, 0, 'F', '0', '0', 'monitor:job:changeStatus', '#', 'admin', '2025-11-20 13:58:14', '', NULL, '');
INSERT INTO `sys_menu` VALUES (1054, '任务导出', 110, 6, '#', '', '', '', 1, 0, 'F', '0', '0', 'monitor:job:export', '#', 'admin', '2025-11-20 13:58:14', '', NULL, '');
INSERT INTO `sys_menu` VALUES (1055, '生成查询', 116, 1, '#', '', '', '', 1, 0, 'F', '0', '0', 'tool:gen:query', '#', 'admin', '2025-11-20 13:58:14', '', NULL, '');
INSERT INTO `sys_menu` VALUES (1056, '生成修改', 116, 2, '#', '', '', '', 1, 0, 'F', '0', '0', 'tool:gen:edit', '#', 'admin', '2025-11-20 13:58:14', '', NULL, '');
INSERT INTO `sys_menu` VALUES (1057, '生成删除', 116, 3, '#', '', '', '', 1, 0, 'F', '0', '0', 'tool:gen:remove', '#', 'admin', '2025-11-20 13:58:14', '', NULL, '');
INSERT INTO `sys_menu` VALUES (1058, '导入代码', 116, 4, '#', '', '', '', 1, 0, 'F', '0', '0', 'tool:gen:import', '#', 'admin', '2025-11-20 13:58:14', '', NULL, '');
INSERT INTO `sys_menu` VALUES (1059, '预览代码', 116, 5, '#', '', '', '', 1, 0, 'F', '0', '0', 'tool:gen:preview', '#', 'admin', '2025-11-20 13:58:14', '', NULL, '');
INSERT INTO `sys_menu` VALUES (1060, '生成代码', 116, 6, '#', '', '', '', 1, 0, 'F', '0', '0', 'tool:gen:code', '#', 'admin', '2025-11-20 13:58:14', '', NULL, '');
INSERT INTO `sys_menu` VALUES (2000, '绩效管理', 0, 4, 'perf', NULL, NULL, '', 1, 0, 'M', '0', '0', '', 'peoples', 'admin', '2025-11-21 14:41:58', 'admin', '2025-11-25 10:20:10', '');
INSERT INTO `sys_menu` VALUES (2055, '绩效周期', 2000, 1, 'period', 'perf/period/index', NULL, '', 1, 0, 'C', '0', '0', 'perf:period:list', 'build', 'admin', '2025-11-25 10:07:56', 'admin', '2025-12-08 14:08:40', '绩效周期菜单');
INSERT INTO `sys_menu` VALUES (2056, '绩效周期查询', 2055, 1, '#', '', NULL, '', 1, 0, 'F', '0', '0', 'perf:period:query', '#', 'admin', '2025-11-25 10:07:56', '', NULL, '');
INSERT INTO `sys_menu` VALUES (2057, '绩效周期新增', 2055, 2, '#', '', NULL, '', 1, 0, 'F', '0', '0', 'perf:period:add', '#', 'admin', '2025-11-25 10:07:56', '', NULL, '');
INSERT INTO `sys_menu` VALUES (2058, '绩效周期修改', 2055, 3, '#', '', NULL, '', 1, 0, 'F', '0', '0', 'perf:period:edit', '#', 'admin', '2025-11-25 10:07:56', '', NULL, '');
INSERT INTO `sys_menu` VALUES (2059, '绩效周期删除', 2055, 4, '#', '', NULL, '', 1, 0, 'F', '0', '0', 'perf:period:remove', '#', 'admin', '2025-11-25 10:07:56', '', NULL, '');
INSERT INTO `sys_menu` VALUES (2060, '绩效周期导出', 2055, 5, '#', '', NULL, '', 1, 0, 'F', '0', '0', 'perf:period:export', '#', 'admin', '2025-11-25 10:07:56', '', NULL, '');
INSERT INTO `sys_menu` VALUES (2061, '绩效模板', 2000, 1, 'template', 'perf/template/index', NULL, '', 1, 0, 'C', '0', '0', 'perf:template:list', 'documentation', 'admin', '2025-11-25 15:49:28', 'admin', '2025-12-08 14:08:47', '绩效模板菜单');
INSERT INTO `sys_menu` VALUES (2062, '绩效模板查询', 2061, 1, '#', '', NULL, '', 1, 0, 'F', '0', '0', 'perf:template:query', '#', 'admin', '2025-11-25 15:49:28', '', NULL, '');
INSERT INTO `sys_menu` VALUES (2063, '绩效模板新增', 2061, 2, '#', '', NULL, '', 1, 0, 'F', '0', '0', 'perf:template:add', '#', 'admin', '2025-11-25 15:49:28', '', NULL, '');
INSERT INTO `sys_menu` VALUES (2064, '绩效模板修改', 2061, 3, '#', '', NULL, '', 1, 0, 'F', '0', '0', 'perf:template:edit', '#', 'admin', '2025-11-25 15:49:28', '', NULL, '');
INSERT INTO `sys_menu` VALUES (2065, '绩效模板删除', 2061, 4, '#', '', NULL, '', 1, 0, 'F', '0', '0', 'perf:template:remove', '#', 'admin', '2025-11-25 15:49:28', '', NULL, '');
INSERT INTO `sys_menu` VALUES (2066, '绩效模板导出', 2061, 5, '#', '', NULL, '', 1, 0, 'F', '0', '0', 'perf:template:export', '#', 'admin', '2025-11-25 15:49:28', '', NULL, '');
INSERT INTO `sys_menu` VALUES (2067, '模板指标', 2000, 1, 'templateItem', 'perf/templateItem/index', NULL, '', 1, 0, 'C', '0', '0', 'perf:templateItem:list', 'chart', 'admin', '2025-11-25 15:49:43', 'admin', '2025-11-25 15:51:16', '模板指标菜单');
INSERT INTO `sys_menu` VALUES (2068, '模板指标查询', 2067, 1, '#', '', NULL, '', 1, 0, 'F', '0', '0', 'perf:templateItem:query', '#', 'admin', '2025-11-25 15:49:43', '', NULL, '');
INSERT INTO `sys_menu` VALUES (2069, '模板指标新增', 2067, 2, '#', '', NULL, '', 1, 0, 'F', '0', '0', 'perf:templateItem:add', '#', 'admin', '2025-11-25 15:49:43', '', NULL, '');
INSERT INTO `sys_menu` VALUES (2070, '模板指标修改', 2067, 3, '#', '', NULL, '', 1, 0, 'F', '0', '0', 'perf:templateItem:edit', '#', 'admin', '2025-11-25 15:49:43', '', NULL, '');
INSERT INTO `sys_menu` VALUES (2071, '模板指标删除', 2067, 4, '#', '', NULL, '', 1, 0, 'F', '0', '0', 'perf:templateItem:remove', '#', 'admin', '2025-11-25 15:49:43', '', NULL, '');
INSERT INTO `sys_menu` VALUES (2072, '模板指标导出', 2067, 5, '#', '', NULL, '', 1, 0, 'F', '0', '0', 'perf:templateItem:export', '#', 'admin', '2025-11-25 15:49:43', '', NULL, '');
INSERT INTO `sys_menu` VALUES (2073, '人员绩效', 2000, 1, 'performance', 'perf/performance/index', NULL, '', 1, 1, 'C', '0', '0', 'perf:performance:list', 'form', 'admin', '2025-11-26 18:30:50', 'admin', '2025-12-08 14:09:00', '绩效实例菜单');
INSERT INTO `sys_menu` VALUES (2074, '绩效实例查询', 2073, 1, '#', '', NULL, '', 1, 0, 'F', '0', '0', 'perf:performance:query', '#', 'admin', '2025-11-26 18:30:50', '', NULL, '');
INSERT INTO `sys_menu` VALUES (2075, '绩效实例新增', 2073, 2, '#', '', NULL, '', 1, 0, 'F', '0', '0', 'perf:performance:add', '#', 'admin', '2025-11-26 18:30:50', '', NULL, '');
INSERT INTO `sys_menu` VALUES (2076, '绩效实例修改', 2073, 3, '#', '', NULL, '', 1, 0, 'F', '0', '0', 'perf:performance:edit', '#', 'admin', '2025-11-26 18:30:50', '', NULL, '');
INSERT INTO `sys_menu` VALUES (2077, '绩效实例删除', 2073, 4, '#', '', NULL, '', 1, 0, 'F', '0', '0', 'perf:performance:remove', '#', 'admin', '2025-11-26 18:30:50', '', NULL, '');
INSERT INTO `sys_menu` VALUES (2078, '绩效实例导出', 2073, 5, '#', '', NULL, '', 1, 0, 'F', '0', '0', 'perf:performance:export', '#', 'admin', '2025-11-26 18:30:50', '', NULL, '');
INSERT INTO `sys_menu` VALUES (2079, '绩效内容', 2000, 1, 'content', 'perf/content/index', NULL, '', 1, 0, 'C', '1', '1', 'perf:content:list', 'log', 'admin', '2025-11-26 18:30:55', 'admin', '2025-12-05 17:05:25', '绩效内容菜单');
INSERT INTO `sys_menu` VALUES (2080, '绩效内容查询', 2079, 1, '#', '', NULL, '', 1, 0, 'F', '0', '0', 'perf:content:query', '#', 'admin', '2025-11-26 18:30:55', '', NULL, '');
INSERT INTO `sys_menu` VALUES (2081, '绩效内容新增', 2079, 2, '#', '', NULL, '', 1, 0, 'F', '0', '0', 'perf:content:add', '#', 'admin', '2025-11-26 18:30:55', '', NULL, '');
INSERT INTO `sys_menu` VALUES (2082, '绩效内容修改', 2079, 3, '#', '', NULL, '', 1, 0, 'F', '0', '0', 'perf:content:edit', '#', 'admin', '2025-11-26 18:30:55', '', NULL, '');
INSERT INTO `sys_menu` VALUES (2083, '绩效内容删除', 2079, 4, '#', '', NULL, '', 1, 0, 'F', '0', '0', 'perf:content:remove', '#', 'admin', '2025-11-26 18:30:55', '', NULL, '');
INSERT INTO `sys_menu` VALUES (2084, '绩效内容导出', 2079, 5, '#', '', NULL, '', 1, 0, 'F', '0', '0', 'perf:content:export', '#', 'admin', '2025-11-26 18:30:55', '', NULL, '');
INSERT INTO `sys_menu` VALUES (2091, '绩效面谈', 2000, 1, 'interview', 'perf/interview/index', NULL, '', 1, 0, 'C', '0', '0', 'perf:interview:list', 'rate', 'admin', '2025-11-26 18:31:07', 'admin', '2025-12-05 17:09:40', '绩效面谈菜单');
INSERT INTO `sys_menu` VALUES (2092, '绩效面谈查询', 2091, 1, '#', '', NULL, '', 1, 0, 'F', '0', '0', 'perf:interview:query', '#', 'admin', '2025-11-26 18:31:07', '', NULL, '');
INSERT INTO `sys_menu` VALUES (2093, '绩效面谈新增', 2091, 2, '#', '', NULL, '', 1, 0, 'F', '0', '0', 'perf:interview:add', '#', 'admin', '2025-11-26 18:31:07', '', NULL, '');
INSERT INTO `sys_menu` VALUES (2094, '绩效面谈修改', 2091, 3, '#', '', NULL, '', 1, 0, 'F', '0', '0', 'perf:interview:edit', '#', 'admin', '2025-11-26 18:31:07', '', NULL, '');
INSERT INTO `sys_menu` VALUES (2095, '绩效面谈删除', 2091, 4, '#', '', NULL, '', 1, 0, 'F', '0', '0', 'perf:interview:remove', '#', 'admin', '2025-11-26 18:31:07', '', NULL, '');
INSERT INTO `sys_menu` VALUES (2096, '绩效面谈导出', 2091, 5, '#', '', NULL, '', 1, 0, 'F', '0', '0', 'perf:interview:export', '#', 'admin', '2025-11-26 18:31:07', '', NULL, '');
INSERT INTO `sys_menu` VALUES (2103, '绩效申诉', 2000, 1, 'appeal', 'perf/appeal/index', NULL, '', 1, 1, 'C', '0', '0', 'perf:appeal:list', 'job', 'admin', '2025-11-26 18:31:19', 'admin', '2025-12-08 14:08:52', '绩效申诉菜单');
INSERT INTO `sys_menu` VALUES (2104, '绩效申诉查询', 2103, 1, '#', '', NULL, '', 1, 0, 'F', '0', '0', 'perf:appeal:query', '#', 'admin', '2025-11-26 18:31:19', '', NULL, '');
INSERT INTO `sys_menu` VALUES (2105, '绩效申诉新增', 2103, 2, '#', '', NULL, '', 1, 0, 'F', '0', '0', 'perf:appeal:add', '#', 'admin', '2025-11-26 18:31:19', '', NULL, '');
INSERT INTO `sys_menu` VALUES (2106, '绩效申诉修改', 2103, 3, '#', '', NULL, '', 1, 0, 'F', '0', '0', 'perf:appeal:edit', '#', 'admin', '2025-11-26 18:31:19', '', NULL, '');
INSERT INTO `sys_menu` VALUES (2107, '绩效申诉删除', 2103, 4, '#', '', NULL, '', 1, 0, 'F', '0', '0', 'perf:appeal:remove', '#', 'admin', '2025-11-26 18:31:19', '', NULL, '');
INSERT INTO `sys_menu` VALUES (2108, '绩效申诉导出', 2103, 5, '#', '', NULL, '', 1, 0, 'F', '0', '0', 'perf:appeal:export', '#', 'admin', '2025-11-26 18:31:19', '', NULL, '');
INSERT INTO `sys_menu` VALUES (2109, '我的绩效', 0, 5, 'myPerf', NULL, NULL, '', 1, 0, 'M', '0', '0', NULL, 'user', 'admin', '2025-11-28 16:33:41', '', NULL, '');
INSERT INTO `sys_menu` VALUES (2110, '绩效列表', 2109, 1, 'myperformance', 'myPerf/performance/index', NULL, '', 1, 0, 'C', '0', '0', '', 'list', 'admin', '2025-11-28 16:38:27', 'admin', '2025-12-02 15:03:32', '');
INSERT INTO `sys_menu` VALUES (2111, '待我评分', 2109, 2, 'backlog', 'myPerf/backlog/index', NULL, '', 1, 0, 'C', '0', '0', NULL, 'time', 'admin', '2025-12-03 16:19:30', '', NULL, '');

-- ----------------------------
-- Table structure for sys_notice
-- ----------------------------
DROP TABLE IF EXISTS `sys_notice`;
CREATE TABLE `sys_notice`  (
  `notice_id` int(4) NOT NULL AUTO_INCREMENT COMMENT '公告ID',
  `notice_title` varchar(50) CHARACTER SET utf8mb4 COLLATE utf8mb4_unicode_ci NOT NULL COMMENT '公告标题',
  `notice_type` char(1) CHARACTER SET utf8mb4 COLLATE utf8mb4_unicode_ci NOT NULL COMMENT '公告类型（1通知 2公告）',
  `notice_content` longblob NULL COMMENT '公告内容',
  `status` char(1) CHARACTER SET utf8mb4 COLLATE utf8mb4_unicode_ci NULL DEFAULT '0' COMMENT '公告状态（0正常 1关闭）',
  `create_by` varchar(64) CHARACTER SET utf8mb4 COLLATE utf8mb4_unicode_ci NULL DEFAULT '' COMMENT '创建者',
  `create_time` datetime NULL DEFAULT NULL COMMENT '创建时间',
  `update_by` varchar(64) CHARACTER SET utf8mb4 COLLATE utf8mb4_unicode_ci NULL DEFAULT '' COMMENT '更新者',
  `update_time` datetime NULL DEFAULT NULL COMMENT '更新时间',
  `remark` varchar(255) CHARACTER SET utf8mb4 COLLATE utf8mb4_unicode_ci NULL DEFAULT NULL COMMENT '备注',
  PRIMARY KEY (`notice_id`) USING BTREE
) ENGINE = InnoDB AUTO_INCREMENT = 3 CHARACTER SET = utf8mb4 COLLATE = utf8mb4_unicode_ci COMMENT = '通知公告表' ROW_FORMAT = Dynamic;

-- ----------------------------
-- Records of sys_notice
-- ----------------------------
INSERT INTO `sys_notice` VALUES (1, '温馨提醒：2018-07-01 若依新版本发布啦', '2', 0xE696B0E78988E69CACE58685E5AEB9, '0', 'admin', '2025-11-20 13:58:14', '', NULL, '管理员');
INSERT INTO `sys_notice` VALUES (2, '维护通知：2018-07-01 若依系统凌晨维护', '1', 0xE7BBB4E68AA4E58685E5AEB9, '0', 'admin', '2025-11-20 13:58:14', '', NULL, '管理员');

-- ----------------------------
-- Table structure for sys_oper_log
-- ----------------------------
DROP TABLE IF EXISTS `sys_oper_log`;
CREATE TABLE `sys_oper_log`  (
  `oper_id` bigint(20) NOT NULL AUTO_INCREMENT COMMENT '日志主键',
  `title` varchar(50) CHARACTER SET utf8mb4 COLLATE utf8mb4_unicode_ci NULL DEFAULT '' COMMENT '模块标题',
  `business_type` int(2) NULL DEFAULT 0 COMMENT '业务类型（0其它 1新增 2修改 3删除）',
  `method` varchar(200) CHARACTER SET utf8mb4 COLLATE utf8mb4_unicode_ci NULL DEFAULT '' COMMENT '方法名称',
  `request_method` varchar(10) CHARACTER SET utf8mb4 COLLATE utf8mb4_unicode_ci NULL DEFAULT '' COMMENT '请求方式',
  `operator_type` int(1) NULL DEFAULT 0 COMMENT '操作类别（0其它 1后台用户 2手机端用户）',
  `oper_name` varchar(50) CHARACTER SET utf8mb4 COLLATE utf8mb4_unicode_ci NULL DEFAULT '' COMMENT '操作人员',
  `dept_name` varchar(50) CHARACTER SET utf8mb4 COLLATE utf8mb4_unicode_ci NULL DEFAULT '' COMMENT '部门名称',
  `oper_url` varchar(255) CHARACTER SET utf8mb4 COLLATE utf8mb4_unicode_ci NULL DEFAULT '' COMMENT '请求URL',
  `oper_ip` varchar(128) CHARACTER SET utf8mb4 COLLATE utf8mb4_unicode_ci NULL DEFAULT '' COMMENT '主机地址',
  `oper_location` varchar(255) CHARACTER SET utf8mb4 COLLATE utf8mb4_unicode_ci NULL DEFAULT '' COMMENT '操作地点',
  `oper_param` varchar(2000) CHARACTER SET utf8mb4 COLLATE utf8mb4_unicode_ci NULL DEFAULT '' COMMENT '请求参数',
  `json_result` varchar(2000) CHARACTER SET utf8mb4 COLLATE utf8mb4_unicode_ci NULL DEFAULT '' COMMENT '返回参数',
  `status` int(1) NULL DEFAULT 0 COMMENT '操作状态（0正常 1异常）',
  `error_msg` varchar(2000) CHARACTER SET utf8mb4 COLLATE utf8mb4_unicode_ci NULL DEFAULT '' COMMENT '错误消息',
  `oper_time` datetime NULL DEFAULT NULL COMMENT '操作时间',
  `cost_time` bigint(20) NULL DEFAULT 0 COMMENT '消耗时间',
  PRIMARY KEY (`oper_id`) USING BTREE,
  INDEX `idx_sys_oper_log_bt`(`business_type`) USING BTREE,
  INDEX `idx_sys_oper_log_s`(`status`) USING BTREE,
  INDEX `idx_sys_oper_log_ot`(`oper_time`) USING BTREE
) ENGINE = InnoDB AUTO_INCREMENT = 620 CHARACTER SET = utf8mb4 COLLATE = utf8mb4_unicode_ci COMMENT = '操作日志记录' ROW_FORMAT = Dynamic;

-- ----------------------------
-- Records of sys_oper_log
-- ----------------------------
INSERT INTO `sys_oper_log` VALUES (100, '参数管理', 2, 'com.ruoyi.web.controller.system.SysConfigController.edit()', 'PUT', 1, 'admin', '研发部门', '/system/config', '127.0.0.1', '内网IP', '{\"configId\":1,\"configKey\":\"sys.index.skinName\",\"configName\":\"主框架页-默认皮肤样式名称\",\"configType\":\"Y\",\"configValue\":\"skin-green\",\"createBy\":\"admin\",\"createTime\":\"2025-11-20 13:58:14\",\"params\":{},\"remark\":\"蓝色 skin-blue、绿色 skin-green、紫色 skin-purple、红色 skin-red、黄色 skin-yellow\",\"updateBy\":\"admin\"}', '{\"msg\":\"操作成功\",\"code\":200}', 0, NULL, '2025-11-20 17:28:22', 25);
INSERT INTO `sys_oper_log` VALUES (101, '参数管理', 2, 'com.ruoyi.web.controller.system.SysConfigController.edit()', 'PUT', 1, 'admin', '研发部门', '/system/config', '127.0.0.1', '内网IP', '{\"configId\":1,\"configKey\":\"sys.index.skinName\",\"configName\":\"主框架页-默认皮肤样式名称\",\"configType\":\"Y\",\"configValue\":\"skin-purple\",\"createBy\":\"admin\",\"createTime\":\"2025-11-20 13:58:14\",\"params\":{},\"remark\":\"蓝色 skin-blue、绿色 skin-green、紫色 skin-purple、红色 skin-red、黄色 skin-yellow\",\"updateBy\":\"admin\",\"updateTime\":\"2025-11-20 17:28:22\"}', '{\"msg\":\"操作成功\",\"code\":200}', 0, NULL, '2025-11-20 17:30:04', 10);
INSERT INTO `sys_oper_log` VALUES (102, '用户管理', 2, 'com.ruoyi.web.controller.system.SysUserController.edit()', 'PUT', 1, 'admin', '研发部门', '/system/user', '127.0.0.1', '内网IP', '{\"admin\":false,\"avatar\":\"\",\"createBy\":\"admin\",\"createTime\":\"2025-11-20 13:58:13\",\"delFlag\":\"0\",\"dept\":{\"ancestors\":\"0,100,101\",\"children\":[],\"deptId\":105,\"deptName\":\"测试部门\",\"leader\":\"若依\",\"orderNum\":3,\"params\":{},\"parentId\":101,\"status\":\"0\"},\"deptId\":105,\"email\":\"ry@qq.com\",\"loginDate\":\"2025-11-20 13:58:13\",\"loginIp\":\"127.0.0.1\",\"nickName\":\"测试\",\"params\":{},\"phonenumber\":\"15666666666\",\"postIds\":[2],\"pwdUpdateDate\":\"2025-11-20 13:58:13\",\"remark\":\"测试员\",\"roleIds\":[2],\"roles\":[{\"admin\":false,\"dataScope\":\"2\",\"deptCheckStrictly\":false,\"flag\":false,\"menuCheckStrictly\":false,\"params\":{},\"roleId\":2,\"roleKey\":\"common\",\"roleName\":\"普通角色\",\"roleSort\":2,\"status\":\"0\"}],\"sex\":\"1\",\"status\":\"0\",\"updateBy\":\"admin\",\"userId\":2,\"userName\":\"ry\"}', '{\"msg\":\"操作成功\",\"code\":200}', 0, NULL, '2025-11-20 17:35:53', 53);
INSERT INTO `sys_oper_log` VALUES (103, '菜单管理', 2, 'com.ruoyi.web.controller.system.SysMenuController.edit()', 'PUT', 1, 'admin', '研发部门', '/system/menu', '127.0.0.1', '内网IP', '{\"children\":[],\"createTime\":\"2025-11-20 13:58:14\",\"icon\":\"guide\",\"isCache\":\"0\",\"isFrame\":\"0\",\"menuId\":4,\"menuName\":\"若依官网\",\"menuType\":\"M\",\"orderNum\":4,\"params\":{},\"parentId\":0,\"path\":\"http://ruoyi.vip\",\"perms\":\"\",\"query\":\"\",\"routeName\":\"\",\"status\":\"1\",\"updateBy\":\"admin\",\"visible\":\"1\"}', '{\"msg\":\"操作成功\",\"code\":200}', 0, NULL, '2025-11-20 17:36:21', 14);
INSERT INTO `sys_oper_log` VALUES (104, '部门管理', 2, 'com.ruoyi.web.controller.system.SysDeptController.edit()', 'PUT', 1, 'admin', '研发部门', '/system/dept', '127.0.0.1', '内网IP', '{\"ancestors\":\"0,100\",\"children\":[],\"deptId\":102,\"deptName\":\"广州分公司\",\"email\":\"ry@qq.com\",\"leader\":\"若依\",\"orderNum\":2,\"params\":{},\"parentId\":100,\"parentName\":\"若依科技\",\"phone\":\"15888888888\",\"status\":\"0\",\"updateBy\":\"admin\"}', '{\"msg\":\"操作成功\",\"code\":200}', 0, NULL, '2025-11-20 17:37:11', 20);
INSERT INTO `sys_oper_log` VALUES (105, '部门管理', 2, 'com.ruoyi.web.controller.system.SysDeptController.edit()', 'PUT', 1, 'admin', '研发部门', '/system/dept', '127.0.0.1', '内网IP', '{\"ancestors\":\"0\",\"children\":[],\"deptId\":100,\"deptName\":\"底格里斯\",\"email\":\"ry@qq.com\",\"leader\":\"柒喜\",\"orderNum\":0,\"params\":{},\"parentId\":0,\"phone\":\"15888888888\",\"status\":\"0\",\"updateBy\":\"admin\"}', '{\"msg\":\"操作成功\",\"code\":200}', 0, NULL, '2025-11-20 17:37:25', 7);
INSERT INTO `sys_oper_log` VALUES (106, '部门管理', 2, 'com.ruoyi.web.controller.system.SysDeptController.edit()', 'PUT', 1, 'admin', '研发部门', '/system/dept', '127.0.0.1', '内网IP', '{\"ancestors\":\"0,100\",\"children\":[],\"deptId\":101,\"deptName\":\"深圳总公司\",\"email\":\"ry@qq.com\",\"leader\":\"柒喜\",\"orderNum\":1,\"params\":{},\"parentId\":100,\"parentName\":\"底格里斯\",\"phone\":\"15888888888\",\"status\":\"0\",\"updateBy\":\"admin\"}', '{\"msg\":\"操作成功\",\"code\":200}', 0, NULL, '2025-11-20 17:37:32', 16);
INSERT INTO `sys_oper_log` VALUES (107, '部门管理', 2, 'com.ruoyi.web.controller.system.SysDeptController.edit()', 'PUT', 1, 'admin', '研发部门', '/system/dept', '127.0.0.1', '内网IP', '{\"ancestors\":\"0,100\",\"children\":[],\"deptId\":102,\"deptName\":\"广州分公司\",\"email\":\"ry@qq.com\",\"leader\":\"柒喜\",\"orderNum\":2,\"params\":{},\"parentId\":100,\"parentName\":\"底格里斯\",\"phone\":\"15888888888\",\"status\":\"0\",\"updateBy\":\"admin\"}', '{\"msg\":\"操作成功\",\"code\":200}', 0, NULL, '2025-11-20 17:37:35', 14);
INSERT INTO `sys_oper_log` VALUES (108, '在线用户', 7, 'com.ruoyi.web.controller.monitor.SysUserOnlineController.forceLogout()', 'DELETE', 1, 'admin', '研发部门', '/monitor/online/45ee1333-bb65-4a84-a06c-407fbc033945', '127.0.0.1', '内网IP', '\"45ee1333-bb65-4a84-a06c-407fbc033945\"', '{\"msg\":\"操作成功\",\"code\":200}', 0, NULL, '2025-11-20 17:41:08', 1);
INSERT INTO `sys_oper_log` VALUES (109, '部门管理', 3, 'com.ruoyi.web.controller.system.SysDeptController.remove()', 'DELETE', 1, 'admin', '研发部门', '/system/dept/107', '127.0.0.1', '内网IP', '107', '{\"msg\":\"操作成功\",\"code\":200}', 0, NULL, '2025-11-21 14:06:32', 38);
INSERT INTO `sys_oper_log` VALUES (110, '代码生成', 6, 'com.ruoyi.generator.controller.GenController.importTableSave()', 'POST', 1, 'admin', '研发部门', '/tool/gen/importTable', '127.0.0.1', '内网IP', '{\"tables\":\"sys_period\"}', '{\"msg\":\"操作成功\",\"code\":200}', 0, NULL, '2025-11-21 14:36:25', 167);
INSERT INTO `sys_oper_log` VALUES (111, '代码生成', 2, 'com.ruoyi.generator.controller.GenController.editSave()', 'PUT', 1, 'admin', '研发部门', '/tool/gen', '127.0.0.1', '内网IP', '{\"businessName\":\"period\",\"className\":\"SysPeriod\",\"columns\":[{\"capJavaField\":\"PeriodId\",\"columnComment\":\"绩效周期ID\",\"columnId\":1,\"columnName\":\"period_id\",\"columnType\":\"bigint(20)\",\"createBy\":\"admin\",\"createTime\":\"2025-11-21 14:36:24\",\"dictType\":\"\",\"edit\":false,\"htmlType\":\"input\",\"increment\":true,\"insert\":true,\"isIncrement\":\"1\",\"isInsert\":\"1\",\"isPk\":\"1\",\"isRequired\":\"0\",\"javaField\":\"periodId\",\"javaType\":\"Long\",\"list\":false,\"params\":{},\"pk\":true,\"query\":false,\"queryType\":\"EQ\",\"required\":false,\"sort\":1,\"superColumn\":false,\"tableId\":1,\"updateBy\":\"\",\"usableColumn\":false},{\"capJavaField\":\"PeriodName\",\"columnComment\":\"周期名称(如：2024年Q1)\",\"columnId\":2,\"columnName\":\"period_name\",\"columnType\":\"varchar(100)\",\"createBy\":\"admin\",\"createTime\":\"2025-11-21 14:36:24\",\"dictType\":\"\",\"edit\":true,\"htmlType\":\"input\",\"increment\":false,\"insert\":true,\"isEdit\":\"1\",\"isIncrement\":\"0\",\"isInsert\":\"1\",\"isList\":\"1\",\"isPk\":\"0\",\"isQuery\":\"1\",\"isRequired\":\"1\",\"javaField\":\"periodName\",\"javaType\":\"String\",\"list\":true,\"params\":{},\"pk\":false,\"query\":true,\"queryType\":\"LIKE\",\"required\":true,\"sort\":2,\"superColumn\":false,\"tableId\":1,\"updateBy\":\"\",\"usableColumn\":false},{\"capJavaField\":\"PeriodType\",\"columnComment\":\"周期类型(QUARTER:季度, HALF_YEAR:半年度, YEAR:年度)\",\"columnId\":3,\"columnName\":\"period_type\",\"columnType\":\"varchar(20)\",\"createBy\":\"admin\",\"createTime\":\"2025-11-21 14:36:24\",\"dictType\":\"\",\"edit\":true,\"htmlType\":\"select\",\"increment\":false,\"insert\":true,\"isEdit\":\"1\",\"isIncrement\":\"0\",\"isInsert\":\"1\",\"isList\":\"1\",\"isPk\":\"0\",\"isQuery\":\"1\",\"isRequired\":\"1\",\"javaField\":\"periodType\",\"javaType\":\"String\",\"list\":true,\"params\":{},\"pk\":false,\"query\":true,\"queryType\":\"EQ\",\"required\":true,\"sort\":3,\"superColumn\":false,\"tableId\":1,\"updateBy\":\"\",\"usableColumn\":false},{\"capJavaField\":\"StartDate\",\"columnComment\":\"开始日期\",\"columnId\":4,\"columnName\":\"start_date\",\"columnType\":\"date\",\"createBy\":\"admin\",\"createTime\":\"2025-11-21 14:36:24\",\"dictType\":\"\",\"edit\":true,\"htmlType\":\"datetime\",\"increment\":false,\"insert\":true,\"isEdit\":\"1\",\"isIncrement\":\"', '{\"msg\":\"操作成功\",\"code\":200}', 0, NULL, '2025-11-21 14:39:01', 43);
INSERT INTO `sys_oper_log` VALUES (112, '代码生成', 8, 'com.ruoyi.generator.controller.GenController.genCode()', 'GET', 1, 'admin', '研发部门', '/tool/gen/genCode/sys_period', '127.0.0.1', '内网IP', '{}', '{\"msg\":\"【系统预设】不允许生成文件覆盖到本地\",\"code\":500}', 0, NULL, '2025-11-21 14:39:21', 0);
INSERT INTO `sys_oper_log` VALUES (113, '代码生成', 2, 'com.ruoyi.generator.controller.GenController.editSave()', 'PUT', 1, 'admin', '研发部门', '/tool/gen', '127.0.0.1', '内网IP', '{\"businessName\":\"period\",\"className\":\"SysPeriod\",\"columns\":[{\"capJavaField\":\"PeriodId\",\"columnComment\":\"绩效周期ID\",\"columnId\":1,\"columnName\":\"period_id\",\"columnType\":\"bigint(20)\",\"createBy\":\"admin\",\"createTime\":\"2025-11-21 14:36:24\",\"dictType\":\"\",\"edit\":false,\"htmlType\":\"input\",\"increment\":true,\"insert\":true,\"isIncrement\":\"1\",\"isInsert\":\"1\",\"isPk\":\"1\",\"isRequired\":\"0\",\"javaField\":\"periodId\",\"javaType\":\"Long\",\"list\":false,\"params\":{},\"pk\":true,\"query\":false,\"queryType\":\"EQ\",\"required\":false,\"sort\":1,\"superColumn\":false,\"tableId\":1,\"updateBy\":\"\",\"updateTime\":\"2025-11-21 14:39:01\",\"usableColumn\":false},{\"capJavaField\":\"PeriodName\",\"columnComment\":\"周期名称(如：2024年Q1)\",\"columnId\":2,\"columnName\":\"period_name\",\"columnType\":\"varchar(100)\",\"createBy\":\"admin\",\"createTime\":\"2025-11-21 14:36:24\",\"dictType\":\"\",\"edit\":true,\"htmlType\":\"input\",\"increment\":false,\"insert\":true,\"isEdit\":\"1\",\"isIncrement\":\"0\",\"isInsert\":\"1\",\"isList\":\"1\",\"isPk\":\"0\",\"isQuery\":\"1\",\"isRequired\":\"1\",\"javaField\":\"periodName\",\"javaType\":\"String\",\"list\":true,\"params\":{},\"pk\":false,\"query\":true,\"queryType\":\"LIKE\",\"required\":true,\"sort\":2,\"superColumn\":false,\"tableId\":1,\"updateBy\":\"\",\"updateTime\":\"2025-11-21 14:39:01\",\"usableColumn\":false},{\"capJavaField\":\"PeriodType\",\"columnComment\":\"周期类型(QUARTER:季度, HALF_YEAR:半年度, YEAR:年度)\",\"columnId\":3,\"columnName\":\"period_type\",\"columnType\":\"varchar(20)\",\"createBy\":\"admin\",\"createTime\":\"2025-11-21 14:36:24\",\"dictType\":\"\",\"edit\":true,\"htmlType\":\"select\",\"increment\":false,\"insert\":true,\"isEdit\":\"1\",\"isIncrement\":\"0\",\"isInsert\":\"1\",\"isList\":\"1\",\"isPk\":\"0\",\"isQuery\":\"1\",\"isRequired\":\"1\",\"javaField\":\"periodType\",\"javaType\":\"String\",\"list\":true,\"params\":{},\"pk\":false,\"query\":true,\"queryType\":\"EQ\",\"required\":true,\"sort\":3,\"superColumn\":false,\"tableId\":1,\"updateBy\":\"\",\"updateTime\":\"2025-11-21 14:39:01\",\"usableColumn\":false},{\"capJavaField\":\"StartDate\",\"columnComment\":\"开始日期\",\"columnId\":4,\"columnName\":\"start_date\",\"columnType\":\"date\",\"createBy\":\"admin\",\"createTime\":\"2025-11-21 14:36:24\",\"di', '{\"msg\":\"操作成功\",\"code\":200}', 0, NULL, '2025-11-21 14:39:39', 34);
INSERT INTO `sys_oper_log` VALUES (114, '菜单管理', 1, 'com.ruoyi.web.controller.system.SysMenuController.add()', 'POST', 1, 'admin', '研发部门', '/system/menu', '127.0.0.1', '内网IP', '{\"children\":[],\"createBy\":\"admin\",\"icon\":\"peoples\",\"isCache\":\"0\",\"isFrame\":\"1\",\"menuName\":\"绩效管理\",\"menuType\":\"M\",\"orderNum\":5,\"params\":{},\"parentId\":0,\"path\":\"performance\",\"status\":\"0\",\"visible\":\"0\"}', '{\"msg\":\"操作成功\",\"code\":200}', 0, NULL, '2025-11-21 14:41:58', 13);
INSERT INTO `sys_oper_log` VALUES (115, '菜单管理', 2, 'com.ruoyi.web.controller.system.SysMenuController.edit()', 'PUT', 1, 'admin', '研发部门', '/system/menu', '127.0.0.1', '内网IP', '{\"children\":[],\"createTime\":\"2025-11-20 13:58:14\",\"icon\":\"guide\",\"isCache\":\"0\",\"isFrame\":\"0\",\"menuId\":4,\"menuName\":\"若依官网\",\"menuType\":\"M\",\"orderNum\":5,\"params\":{},\"parentId\":0,\"path\":\"http://ruoyi.vip\",\"perms\":\"\",\"query\":\"\",\"routeName\":\"\",\"status\":\"1\",\"updateBy\":\"admin\",\"visible\":\"1\"}', '{\"msg\":\"操作成功\",\"code\":200}', 0, NULL, '2025-11-21 14:42:05', 7);
INSERT INTO `sys_oper_log` VALUES (116, '菜单管理', 2, 'com.ruoyi.web.controller.system.SysMenuController.edit()', 'PUT', 1, 'admin', '研发部门', '/system/menu', '127.0.0.1', '内网IP', '{\"children\":[],\"createTime\":\"2025-11-21 14:41:58\",\"icon\":\"peoples\",\"isCache\":\"0\",\"isFrame\":\"1\",\"menuId\":2000,\"menuName\":\"绩效管理\",\"menuType\":\"M\",\"orderNum\":4,\"params\":{},\"parentId\":0,\"path\":\"performance\",\"perms\":\"\",\"routeName\":\"\",\"status\":\"0\",\"updateBy\":\"admin\",\"visible\":\"0\"}', '{\"msg\":\"操作成功\",\"code\":200}', 0, NULL, '2025-11-21 14:42:09', 5);
INSERT INTO `sys_oper_log` VALUES (117, '代码生成', 2, 'com.ruoyi.generator.controller.GenController.editSave()', 'PUT', 1, 'admin', '研发部门', '/tool/gen', '127.0.0.1', '内网IP', '{\"businessName\":\"period\",\"className\":\"SysPeriod\",\"columns\":[{\"capJavaField\":\"PeriodId\",\"columnComment\":\"绩效周期ID\",\"columnId\":1,\"columnName\":\"period_id\",\"columnType\":\"bigint(20)\",\"createBy\":\"admin\",\"createTime\":\"2025-11-21 14:36:24\",\"dictType\":\"\",\"edit\":false,\"htmlType\":\"input\",\"increment\":true,\"insert\":true,\"isIncrement\":\"1\",\"isInsert\":\"1\",\"isPk\":\"1\",\"isRequired\":\"0\",\"javaField\":\"periodId\",\"javaType\":\"Long\",\"list\":false,\"params\":{},\"pk\":true,\"query\":false,\"queryType\":\"EQ\",\"required\":false,\"sort\":1,\"superColumn\":false,\"tableId\":1,\"updateBy\":\"\",\"updateTime\":\"2025-11-21 14:39:39\",\"usableColumn\":false},{\"capJavaField\":\"PeriodName\",\"columnComment\":\"周期名称(如：2024年Q1)\",\"columnId\":2,\"columnName\":\"period_name\",\"columnType\":\"varchar(100)\",\"createBy\":\"admin\",\"createTime\":\"2025-11-21 14:36:24\",\"dictType\":\"\",\"edit\":true,\"htmlType\":\"input\",\"increment\":false,\"insert\":true,\"isEdit\":\"1\",\"isIncrement\":\"0\",\"isInsert\":\"1\",\"isList\":\"1\",\"isPk\":\"0\",\"isQuery\":\"1\",\"isRequired\":\"1\",\"javaField\":\"periodName\",\"javaType\":\"String\",\"list\":true,\"params\":{},\"pk\":false,\"query\":true,\"queryType\":\"LIKE\",\"required\":true,\"sort\":2,\"superColumn\":false,\"tableId\":1,\"updateBy\":\"\",\"updateTime\":\"2025-11-21 14:39:39\",\"usableColumn\":false},{\"capJavaField\":\"PeriodType\",\"columnComment\":\"周期类型(QUARTER:季度, HALF_YEAR:半年度, YEAR:年度)\",\"columnId\":3,\"columnName\":\"period_type\",\"columnType\":\"varchar(20)\",\"createBy\":\"admin\",\"createTime\":\"2025-11-21 14:36:24\",\"dictType\":\"\",\"edit\":true,\"htmlType\":\"select\",\"increment\":false,\"insert\":true,\"isEdit\":\"1\",\"isIncrement\":\"0\",\"isInsert\":\"1\",\"isList\":\"1\",\"isPk\":\"0\",\"isQuery\":\"1\",\"isRequired\":\"1\",\"javaField\":\"periodType\",\"javaType\":\"String\",\"list\":true,\"params\":{},\"pk\":false,\"query\":true,\"queryType\":\"EQ\",\"required\":true,\"sort\":3,\"superColumn\":false,\"tableId\":1,\"updateBy\":\"\",\"updateTime\":\"2025-11-21 14:39:39\",\"usableColumn\":false},{\"capJavaField\":\"StartDate\",\"columnComment\":\"开始日期\",\"columnId\":4,\"columnName\":\"start_date\",\"columnType\":\"date\",\"createBy\":\"admin\",\"createTime\":\"2025-11-21 14:36:24\",\"di', '{\"msg\":\"操作成功\",\"code\":200}', 0, NULL, '2025-11-21 14:43:13', 28);
INSERT INTO `sys_oper_log` VALUES (118, '代码生成', 8, 'com.ruoyi.generator.controller.GenController.genCode()', 'GET', 1, 'admin', '研发部门', '/tool/gen/genCode/sys_period', '127.0.0.1', '内网IP', '{}', '{\"msg\":\"【系统预设】不允许生成文件覆盖到本地\",\"code\":500}', 0, NULL, '2025-11-21 14:43:16', 0);
INSERT INTO `sys_oper_log` VALUES (119, '代码生成', 2, 'com.ruoyi.generator.controller.GenController.editSave()', 'PUT', 1, 'admin', '研发部门', '/tool/gen', '127.0.0.1', '内网IP', '{\"businessName\":\"period\",\"className\":\"SysPeriod\",\"columns\":[{\"capJavaField\":\"PeriodId\",\"columnComment\":\"绩效周期ID\",\"columnId\":1,\"columnName\":\"period_id\",\"columnType\":\"bigint(20)\",\"createBy\":\"admin\",\"createTime\":\"2025-11-21 14:36:24\",\"dictType\":\"\",\"edit\":false,\"htmlType\":\"input\",\"increment\":true,\"insert\":true,\"isIncrement\":\"1\",\"isInsert\":\"1\",\"isPk\":\"1\",\"isRequired\":\"0\",\"javaField\":\"periodId\",\"javaType\":\"Long\",\"list\":false,\"params\":{},\"pk\":true,\"query\":false,\"queryType\":\"EQ\",\"required\":false,\"sort\":1,\"superColumn\":false,\"tableId\":1,\"updateBy\":\"\",\"updateTime\":\"2025-11-21 14:43:13\",\"usableColumn\":false},{\"capJavaField\":\"PeriodName\",\"columnComment\":\"周期名称(如：2024年Q1)\",\"columnId\":2,\"columnName\":\"period_name\",\"columnType\":\"varchar(100)\",\"createBy\":\"admin\",\"createTime\":\"2025-11-21 14:36:24\",\"dictType\":\"\",\"edit\":true,\"htmlType\":\"input\",\"increment\":false,\"insert\":true,\"isEdit\":\"1\",\"isIncrement\":\"0\",\"isInsert\":\"1\",\"isList\":\"1\",\"isPk\":\"0\",\"isQuery\":\"1\",\"isRequired\":\"1\",\"javaField\":\"periodName\",\"javaType\":\"String\",\"list\":true,\"params\":{},\"pk\":false,\"query\":true,\"queryType\":\"LIKE\",\"required\":true,\"sort\":2,\"superColumn\":false,\"tableId\":1,\"updateBy\":\"\",\"updateTime\":\"2025-11-21 14:43:13\",\"usableColumn\":false},{\"capJavaField\":\"PeriodType\",\"columnComment\":\"周期类型(QUARTER:季度, HALF_YEAR:半年度, YEAR:年度)\",\"columnId\":3,\"columnName\":\"period_type\",\"columnType\":\"varchar(20)\",\"createBy\":\"admin\",\"createTime\":\"2025-11-21 14:36:24\",\"dictType\":\"\",\"edit\":true,\"htmlType\":\"select\",\"increment\":false,\"insert\":true,\"isEdit\":\"1\",\"isIncrement\":\"0\",\"isInsert\":\"1\",\"isList\":\"1\",\"isPk\":\"0\",\"isQuery\":\"1\",\"isRequired\":\"1\",\"javaField\":\"periodType\",\"javaType\":\"String\",\"list\":true,\"params\":{},\"pk\":false,\"query\":true,\"queryType\":\"EQ\",\"required\":true,\"sort\":3,\"superColumn\":false,\"tableId\":1,\"updateBy\":\"\",\"updateTime\":\"2025-11-21 14:43:13\",\"usableColumn\":false},{\"capJavaField\":\"StartDate\",\"columnComment\":\"开始日期\",\"columnId\":4,\"columnName\":\"start_date\",\"columnType\":\"date\",\"createBy\":\"admin\",\"createTime\":\"2025-11-21 14:36:24\",\"di', '{\"msg\":\"操作成功\",\"code\":200}', 0, NULL, '2025-11-21 14:43:28', 33);
INSERT INTO `sys_oper_log` VALUES (120, '代码生成', 8, 'com.ruoyi.generator.controller.GenController.genCode()', 'GET', 1, 'admin', '研发部门', '/tool/gen/genCode/sys_period', '127.0.0.1', '内网IP', '{}', '{\"msg\":\"【系统预设】不允许生成文件覆盖到本地\",\"code\":500}', 0, NULL, '2025-11-21 14:43:30', 0);
INSERT INTO `sys_oper_log` VALUES (121, '代码生成', 2, 'com.ruoyi.generator.controller.GenController.editSave()', 'PUT', 1, 'admin', '研发部门', '/tool/gen', '127.0.0.1', '内网IP', '{\"businessName\":\"period\",\"className\":\"SysPeriod\",\"columns\":[{\"capJavaField\":\"PeriodId\",\"columnComment\":\"绩效周期ID\",\"columnId\":1,\"columnName\":\"period_id\",\"columnType\":\"bigint(20)\",\"createBy\":\"admin\",\"createTime\":\"2025-11-21 14:36:24\",\"dictType\":\"\",\"edit\":false,\"htmlType\":\"input\",\"increment\":true,\"insert\":true,\"isIncrement\":\"1\",\"isInsert\":\"1\",\"isPk\":\"1\",\"isRequired\":\"0\",\"javaField\":\"periodId\",\"javaType\":\"Long\",\"list\":false,\"params\":{},\"pk\":true,\"query\":false,\"queryType\":\"EQ\",\"required\":false,\"sort\":1,\"superColumn\":false,\"tableId\":1,\"updateBy\":\"\",\"updateTime\":\"2025-11-21 14:43:28\",\"usableColumn\":false},{\"capJavaField\":\"PeriodName\",\"columnComment\":\"周期名称(如：2024年Q1)\",\"columnId\":2,\"columnName\":\"period_name\",\"columnType\":\"varchar(100)\",\"createBy\":\"admin\",\"createTime\":\"2025-11-21 14:36:24\",\"dictType\":\"\",\"edit\":true,\"htmlType\":\"input\",\"increment\":false,\"insert\":true,\"isEdit\":\"1\",\"isIncrement\":\"0\",\"isInsert\":\"1\",\"isList\":\"1\",\"isPk\":\"0\",\"isQuery\":\"1\",\"isRequired\":\"1\",\"javaField\":\"periodName\",\"javaType\":\"String\",\"list\":true,\"params\":{},\"pk\":false,\"query\":true,\"queryType\":\"LIKE\",\"required\":true,\"sort\":2,\"superColumn\":false,\"tableId\":1,\"updateBy\":\"\",\"updateTime\":\"2025-11-21 14:43:28\",\"usableColumn\":false},{\"capJavaField\":\"PeriodType\",\"columnComment\":\"周期类型(QUARTER:季度, HALF_YEAR:半年度, YEAR:年度)\",\"columnId\":3,\"columnName\":\"period_type\",\"columnType\":\"varchar(20)\",\"createBy\":\"admin\",\"createTime\":\"2025-11-21 14:36:24\",\"dictType\":\"\",\"edit\":true,\"htmlType\":\"select\",\"increment\":false,\"insert\":true,\"isEdit\":\"1\",\"isIncrement\":\"0\",\"isInsert\":\"1\",\"isList\":\"1\",\"isPk\":\"0\",\"isQuery\":\"1\",\"isRequired\":\"1\",\"javaField\":\"periodType\",\"javaType\":\"String\",\"list\":true,\"params\":{},\"pk\":false,\"query\":true,\"queryType\":\"EQ\",\"required\":true,\"sort\":3,\"superColumn\":false,\"tableId\":1,\"updateBy\":\"\",\"updateTime\":\"2025-11-21 14:43:28\",\"usableColumn\":false},{\"capJavaField\":\"StartDate\",\"columnComment\":\"开始日期\",\"columnId\":4,\"columnName\":\"start_date\",\"columnType\":\"date\",\"createBy\":\"admin\",\"createTime\":\"2025-11-21 14:36:24\",\"di', '{\"msg\":\"操作成功\",\"code\":200}', 0, NULL, '2025-11-21 14:45:47', 28);
INSERT INTO `sys_oper_log` VALUES (122, '代码生成', 8, 'com.ruoyi.generator.controller.GenController.genCode()', 'GET', 1, 'admin', '研发部门', '/tool/gen/genCode/sys_period', '127.0.0.1', '内网IP', '{}', '{\"msg\":\"【系统预设】不允许生成文件覆盖到本地\",\"code\":500}', 0, NULL, '2025-11-21 14:45:49', 0);
INSERT INTO `sys_oper_log` VALUES (123, '代码生成', 2, 'com.ruoyi.generator.controller.GenController.editSave()', 'PUT', 1, 'admin', '研发部门', '/tool/gen', '127.0.0.1', '内网IP', '{\"businessName\":\"period\",\"className\":\"SysPeriod\",\"columns\":[{\"capJavaField\":\"PeriodId\",\"columnComment\":\"绩效周期ID\",\"columnId\":1,\"columnName\":\"period_id\",\"columnType\":\"bigint(20)\",\"createBy\":\"admin\",\"createTime\":\"2025-11-21 14:36:24\",\"dictType\":\"\",\"edit\":false,\"htmlType\":\"input\",\"increment\":true,\"insert\":true,\"isIncrement\":\"1\",\"isInsert\":\"1\",\"isPk\":\"1\",\"isRequired\":\"0\",\"javaField\":\"periodId\",\"javaType\":\"Long\",\"list\":false,\"params\":{},\"pk\":true,\"query\":false,\"queryType\":\"EQ\",\"required\":false,\"sort\":1,\"superColumn\":false,\"tableId\":1,\"updateBy\":\"\",\"updateTime\":\"2025-11-21 14:45:47\",\"usableColumn\":false},{\"capJavaField\":\"PeriodName\",\"columnComment\":\"周期名称(如：2024年Q1)\",\"columnId\":2,\"columnName\":\"period_name\",\"columnType\":\"varchar(100)\",\"createBy\":\"admin\",\"createTime\":\"2025-11-21 14:36:24\",\"dictType\":\"\",\"edit\":true,\"htmlType\":\"input\",\"increment\":false,\"insert\":true,\"isEdit\":\"1\",\"isIncrement\":\"0\",\"isInsert\":\"1\",\"isList\":\"1\",\"isPk\":\"0\",\"isQuery\":\"1\",\"isRequired\":\"1\",\"javaField\":\"periodName\",\"javaType\":\"String\",\"list\":true,\"params\":{},\"pk\":false,\"query\":true,\"queryType\":\"LIKE\",\"required\":true,\"sort\":2,\"superColumn\":false,\"tableId\":1,\"updateBy\":\"\",\"updateTime\":\"2025-11-21 14:45:47\",\"usableColumn\":false},{\"capJavaField\":\"PeriodType\",\"columnComment\":\"周期类型(QUARTER:季度, HALF_YEAR:半年度, YEAR:年度)\",\"columnId\":3,\"columnName\":\"period_type\",\"columnType\":\"varchar(20)\",\"createBy\":\"admin\",\"createTime\":\"2025-11-21 14:36:24\",\"dictType\":\"\",\"edit\":true,\"htmlType\":\"select\",\"increment\":false,\"insert\":true,\"isEdit\":\"1\",\"isIncrement\":\"0\",\"isInsert\":\"1\",\"isList\":\"1\",\"isPk\":\"0\",\"isQuery\":\"1\",\"isRequired\":\"1\",\"javaField\":\"periodType\",\"javaType\":\"String\",\"list\":true,\"params\":{},\"pk\":false,\"query\":true,\"queryType\":\"EQ\",\"required\":true,\"sort\":3,\"superColumn\":false,\"tableId\":1,\"updateBy\":\"\",\"updateTime\":\"2025-11-21 14:45:47\",\"usableColumn\":false},{\"capJavaField\":\"StartDate\",\"columnComment\":\"开始日期\",\"columnId\":4,\"columnName\":\"start_date\",\"columnType\":\"date\",\"createBy\":\"admin\",\"createTime\":\"2025-11-21 14:36:24\",\"di', '{\"msg\":\"操作成功\",\"code\":200}', 0, NULL, '2025-11-21 14:46:59', 25);
INSERT INTO `sys_oper_log` VALUES (124, '代码生成', 8, 'com.ruoyi.generator.controller.GenController.batchGenCode()', 'GET', 1, 'admin', '研发部门', '/tool/gen/batchGenCode', '127.0.0.1', '内网IP', '{\"tables\":\"sys_period\"}', NULL, 0, NULL, '2025-11-21 14:47:01', 100);
INSERT INTO `sys_oper_log` VALUES (125, '绩效周期', 3, 'com.ruoyi.web.controller.system.SysPeriodController.remove()', 'DELETE', 1, 'admin', '研发部门', '/system/period/100', '127.0.0.1', '内网IP', '[100]', '{\"msg\":\"操作成功\",\"code\":200}', 0, NULL, '2025-11-21 15:02:00', 13);
INSERT INTO `sys_oper_log` VALUES (126, '部门管理', 3, 'com.ruoyi.web.controller.system.SysDeptController.remove()', 'DELETE', 1, 'admin', '研发部门', '/system/dept/105', '127.0.0.1', '内网IP', '105', '{\"msg\":\"部门存在用户,不允许删除\",\"code\":601}', 0, NULL, '2025-11-21 15:02:56', 6);
INSERT INTO `sys_oper_log` VALUES (127, '部门管理', 3, 'com.ruoyi.web.controller.system.SysDeptController.remove()', 'DELETE', 1, 'admin', '研发部门', '/system/dept/105', '127.0.0.1', '内网IP', '105', '{\"msg\":\"部门存在用户,不允许删除\",\"code\":601}', 0, NULL, '2025-11-21 15:03:34', 5);
INSERT INTO `sys_oper_log` VALUES (128, '绩效周期', 3, 'com.ruoyi.web.controller.system.SysPeriodController.remove()', 'DELETE', 1, 'admin', '研发部门', '/system/period/101', '127.0.0.1', '内网IP', '101', NULL, 1, 'Cannot invoke \"com.baomidou.mybatisplus.core.metadata.TableInfo.isWithLogicDelete()\" because \"tableInfo\" is null', '2025-11-21 15:05:45', 19);
INSERT INTO `sys_oper_log` VALUES (129, '绩效周期', 3, 'com.ruoyi.web.controller.system.SysPeriodController.remove()', 'DELETE', 1, 'admin', '研发部门', '/system/period/101', '127.0.0.1', '内网IP', '101', NULL, 1, 'Cannot invoke \"com.baomidou.mybatisplus.core.metadata.TableInfo.isWithLogicDelete()\" because \"tableInfo\" is null', '2025-11-21 15:06:55', 1);
INSERT INTO `sys_oper_log` VALUES (130, '绩效周期', 3, 'com.ruoyi.web.controller.system.SysPeriodController.remove()', 'DELETE', 1, 'admin', '研发部门', '/system/period/101', '127.0.0.1', '内网IP', '101', NULL, 1, 'Cannot invoke \"com.baomidou.mybatisplus.core.metadata.TableInfo.isWithLogicDelete()\" because \"tableInfo\" is null', '2025-11-21 15:10:33', 1);
INSERT INTO `sys_oper_log` VALUES (131, '绩效周期', 3, 'com.ruoyi.web.controller.system.SysPeriodController.remove()', 'DELETE', 1, 'admin', '研发部门', '/system/period/101', '127.0.0.1', '内网IP', '101', NULL, 1, 'Cannot invoke \"com.baomidou.mybatisplus.core.metadata.TableInfo.isWithLogicDelete()\" because \"tableInfo\" is null', '2025-11-21 15:15:06', 15);
INSERT INTO `sys_oper_log` VALUES (132, '绩效周期', 3, 'com.ruoyi.web.controller.system.SysPeriodController.remove()', 'DELETE', 1, 'admin', '研发部门', '/system/period/101', '127.0.0.1', '内网IP', '101', NULL, 1, 'Cannot invoke \"com.baomidou.mybatisplus.core.metadata.TableInfo.isWithLogicDelete()\" because \"tableInfo\" is null', '2025-11-21 15:18:01', 17);
INSERT INTO `sys_oper_log` VALUES (133, '绩效周期', 3, 'com.ruoyi.web.controller.system.SysPeriodController.remove()', 'DELETE', 1, 'admin', '研发部门', '/system/period/101', '127.0.0.1', '内网IP', '101', NULL, 1, 'Cannot invoke \"com.baomidou.mybatisplus.core.metadata.TableInfo.isWithLogicDelete()\" because \"tableInfo\" is null', '2025-11-21 15:18:22', 18);
INSERT INTO `sys_oper_log` VALUES (134, '绩效周期', 3, 'com.ruoyi.web.controller.system.SysPeriodController.remove()', 'DELETE', 1, 'admin', '研发部门', '/system/period/101', '127.0.0.1', '内网IP', '101', NULL, 1, 'Cannot invoke \"com.baomidou.mybatisplus.core.metadata.TableInfo.isWithLogicDelete()\" because \"tableInfo\" is null', '2025-11-21 15:19:12', 19);
INSERT INTO `sys_oper_log` VALUES (135, '绩效周期', 3, 'com.ruoyi.web.controller.system.SysPeriodController.remove()', 'DELETE', 1, 'admin', '研发部门', '/system/period/101', '127.0.0.1', '内网IP', '101', NULL, 1, 'Cannot invoke \"com.baomidou.mybatisplus.core.metadata.TableInfo.isWithLogicDelete()\" because \"tableInfo\" is null', '2025-11-21 15:22:13', 15);
INSERT INTO `sys_oper_log` VALUES (136, '绩效周期', 3, 'com.ruoyi.web.controller.system.SysPeriodController.remove()', 'DELETE', 1, 'admin', '研发部门', '/system/period/101', '127.0.0.1', '内网IP', '101', NULL, 1, 'Cannot invoke \"com.baomidou.mybatisplus.core.metadata.TableInfo.isWithLogicDelete()\" because \"tableInfo\" is null', '2025-11-21 15:22:42', 15);
INSERT INTO `sys_oper_log` VALUES (137, '绩效周期', 3, 'com.ruoyi.web.controller.system.SysPeriodController.remove()', 'DELETE', 1, 'admin', '研发部门', '/system/period/101', '127.0.0.1', '内网IP', '101', NULL, 1, 'Cannot invoke \"com.baomidou.mybatisplus.core.metadata.TableInfo.isWithLogicDelete()\" because \"tableInfo\" is null', '2025-11-21 15:28:21', 21);
INSERT INTO `sys_oper_log` VALUES (138, '绩效周期', 3, 'com.ruoyi.web.controller.system.SysPeriodController.remove()', 'DELETE', 1, 'admin', '研发部门', '/system/period/101', '127.0.0.1', '内网IP', '101', NULL, 1, 'Cannot invoke \"com.baomidou.mybatisplus.core.metadata.TableInfo.isWithLogicDelete()\" because \"tableInfo\" is null', '2025-11-21 15:32:42', 15);
INSERT INTO `sys_oper_log` VALUES (139, '绩效周期', 3, 'com.ruoyi.web.controller.system.SysPeriodController.remove()', 'DELETE', 1, 'admin', '研发部门', '/system/period/101', '127.0.0.1', '内网IP', '101', NULL, 1, 'Cannot invoke \"com.baomidou.mybatisplus.core.metadata.TableInfo.isWithLogicDelete()\" because \"tableInfo\" is null', '2025-11-21 15:34:35', 7907);
INSERT INTO `sys_oper_log` VALUES (140, '绩效周期', 3, 'com.ruoyi.web.controller.system.SysPeriodController.remove()', 'DELETE', 1, 'admin', '研发部门', '/system/period/101', '127.0.0.1', '内网IP', '101', NULL, 1, 'Cannot invoke \"com.baomidou.mybatisplus.core.metadata.TableInfo.isWithLogicDelete()\" because \"tableInfo\" is null', '2025-11-21 15:34:53', 2011);
INSERT INTO `sys_oper_log` VALUES (141, '绩效周期', 3, 'com.ruoyi.web.controller.system.SysPeriodController.remove()', 'DELETE', 1, 'admin', '研发部门', '/system/period/101', '127.0.0.1', '内网IP', '101', NULL, 1, 'Cannot invoke \"com.baomidou.mybatisplus.core.metadata.TableInfo.isWithLogicDelete()\" because \"tableInfo\" is null', '2025-11-21 15:38:15', 17);
INSERT INTO `sys_oper_log` VALUES (142, '绩效周期', 3, 'com.ruoyi.web.controller.system.SysPeriodController.remove()', 'DELETE', 1, 'admin', '研发部门', '/system/period/101', '127.0.0.1', '内网IP', '101', NULL, 1, 'Cannot invoke \"com.baomidou.mybatisplus.core.metadata.TableInfo.isWithLogicDelete()\" because \"tableInfo\" is null', '2025-11-21 15:39:29', 18);
INSERT INTO `sys_oper_log` VALUES (143, '绩效周期', 3, 'com.ruoyi.web.controller.system.SysPeriodController.remove()', 'DELETE', 1, 'admin', '研发部门', '/system/period/101', '127.0.0.1', '内网IP', '101', NULL, 1, 'Cannot invoke \"com.baomidou.mybatisplus.core.metadata.TableInfo.isWithLogicDelete()\" because \"tableInfo\" is null', '2025-11-21 15:42:38', 15);
INSERT INTO `sys_oper_log` VALUES (144, '绩效周期', 3, 'com.ruoyi.web.controller.system.SysPeriodController.remove()', 'DELETE', 1, 'admin', '研发部门', '/system/period/101', '127.0.0.1', '内网IP', '101', NULL, 1, 'Cannot invoke \"com.baomidou.mybatisplus.core.metadata.TableInfo.isWithLogicDelete()\" because \"tableInfo\" is null', '2025-11-21 15:43:42', 16);
INSERT INTO `sys_oper_log` VALUES (145, '绩效周期', 3, 'com.ruoyi.web.controller.system.SysPeriodController.remove()', 'DELETE', 1, 'admin', '研发部门', '/system/period/101', '127.0.0.1', '内网IP', '101', NULL, 1, 'Invalid bound statement (not found): com.ruoyi.system.mapper.SysPeriodMapper.selectById', '2025-11-21 15:44:16', 11);
INSERT INTO `sys_oper_log` VALUES (146, '绩效周期', 3, 'com.ruoyi.web.controller.system.SysPeriodController.remove()', 'DELETE', 1, 'admin', '研发部门', '/system/period/101', '127.0.0.1', '内网IP', '101', NULL, 1, 'Invalid bound statement (not found): com.ruoyi.system.mapper.SysPeriodMapper.selectById', '2025-11-21 15:48:52', 15);
INSERT INTO `sys_oper_log` VALUES (147, '绩效周期', 3, 'com.ruoyi.web.controller.system.SysPeriodController.remove()', 'DELETE', 1, 'admin', '研发部门', '/system/period/101', '127.0.0.1', '内网IP', '101', NULL, 1, 'Invalid bound statement (not found): com.ruoyi.system.mapper.SysPeriodMapper.selectById', '2025-11-21 15:49:39', 11);
INSERT INTO `sys_oper_log` VALUES (148, '代码生成', 6, 'com.ruoyi.generator.controller.GenController.importTableSave()', 'POST', 1, 'admin', '研发部门', '/tool/gen/importTable', '127.0.0.1', '内网IP', '{\"tables\":\"perf_interview,perf_appeal,perf_score_flow,perf_performance_content,perf_performance,sys_template,sys_workflow_config,sys_template_item\"}', '{\"msg\":\"操作成功\",\"code\":200}', 0, NULL, '2025-11-21 15:54:12', 379);
INSERT INTO `sys_oper_log` VALUES (149, '代码生成', 2, 'com.ruoyi.generator.controller.GenController.editSave()', 'PUT', 1, 'admin', '研发部门', '/tool/gen', '127.0.0.1', '内网IP', '{\"businessName\":\"config\",\"className\":\"SysWorkflowConfig\",\"columns\":[{\"capJavaField\":\"ConfigId\",\"columnComment\":\"配置ID\",\"columnId\":115,\"columnName\":\"config_id\",\"columnType\":\"bigint(20)\",\"createBy\":\"admin\",\"createTime\":\"2025-11-21 15:54:12\",\"dictType\":\"\",\"edit\":false,\"htmlType\":\"input\",\"increment\":true,\"insert\":true,\"isIncrement\":\"1\",\"isInsert\":\"1\",\"isPk\":\"1\",\"isRequired\":\"0\",\"javaField\":\"configId\",\"javaType\":\"Long\",\"list\":false,\"params\":{},\"pk\":true,\"query\":false,\"queryType\":\"EQ\",\"required\":false,\"sort\":1,\"superColumn\":false,\"tableId\":9,\"updateBy\":\"\",\"usableColumn\":false},{\"capJavaField\":\"ConfigName\",\"columnComment\":\"配置名称\",\"columnId\":116,\"columnName\":\"config_name\",\"columnType\":\"varchar(100)\",\"createBy\":\"admin\",\"createTime\":\"2025-11-21 15:54:12\",\"dictType\":\"\",\"edit\":true,\"htmlType\":\"input\",\"increment\":false,\"insert\":true,\"isEdit\":\"1\",\"isIncrement\":\"0\",\"isInsert\":\"1\",\"isList\":\"1\",\"isPk\":\"0\",\"isQuery\":\"1\",\"isRequired\":\"1\",\"javaField\":\"configName\",\"javaType\":\"String\",\"list\":true,\"params\":{},\"pk\":false,\"query\":true,\"queryType\":\"LIKE\",\"required\":true,\"sort\":2,\"superColumn\":false,\"tableId\":9,\"updateBy\":\"\",\"usableColumn\":false},{\"capJavaField\":\"TemplateId\",\"columnComment\":\"模板ID\",\"columnId\":117,\"columnName\":\"template_id\",\"columnType\":\"bigint(20)\",\"createBy\":\"admin\",\"createTime\":\"2025-11-21 15:54:12\",\"dictType\":\"\",\"edit\":true,\"htmlType\":\"input\",\"increment\":false,\"insert\":true,\"isEdit\":\"1\",\"isIncrement\":\"0\",\"isInsert\":\"1\",\"isList\":\"1\",\"isPk\":\"0\",\"isQuery\":\"1\",\"isRequired\":\"1\",\"javaField\":\"templateId\",\"javaType\":\"Long\",\"list\":true,\"params\":{},\"pk\":false,\"query\":true,\"queryType\":\"EQ\",\"required\":true,\"sort\":3,\"superColumn\":false,\"tableId\":9,\"updateBy\":\"\",\"usableColumn\":false},{\"capJavaField\":\"DeptId\",\"columnComment\":\"适用部门ID\",\"columnId\":118,\"columnName\":\"dept_id\",\"columnType\":\"bigint(20)\",\"createBy\":\"admin\",\"createTime\":\"2025-11-21 15:54:12\",\"dictType\":\"\",\"edit\":true,\"htmlType\":\"input\",\"increment\":false,\"insert\":true,\"isEdit\":\"1\",\"isIncrement\":\"0\",\"isInsert\":\"1\",\"isList\":\"1\",\"isPk\":', '{\"msg\":\"操作成功\",\"code\":200}', 0, NULL, '2025-11-21 15:57:32', 34);
INSERT INTO `sys_oper_log` VALUES (150, '代码生成', 2, 'com.ruoyi.generator.controller.GenController.editSave()', 'PUT', 1, 'admin', '研发部门', '/tool/gen', '127.0.0.1', '内网IP', '{\"businessName\":\"item\",\"className\":\"SysTemplateItem\",\"columns\":[{\"capJavaField\":\"ItemId\",\"columnComment\":\"指标项ID\",\"columnId\":99,\"columnName\":\"item_id\",\"columnType\":\"bigint(20)\",\"createBy\":\"admin\",\"createTime\":\"2025-11-21 15:54:12\",\"dictType\":\"\",\"edit\":false,\"htmlType\":\"input\",\"increment\":true,\"insert\":true,\"isIncrement\":\"1\",\"isInsert\":\"1\",\"isPk\":\"1\",\"isRequired\":\"0\",\"javaField\":\"itemId\",\"javaType\":\"Long\",\"list\":false,\"params\":{},\"pk\":true,\"query\":false,\"queryType\":\"EQ\",\"required\":false,\"sort\":1,\"superColumn\":false,\"tableId\":8,\"updateBy\":\"\",\"usableColumn\":false},{\"capJavaField\":\"TemplateId\",\"columnComment\":\"模板ID\",\"columnId\":100,\"columnName\":\"template_id\",\"columnType\":\"bigint(20)\",\"createBy\":\"admin\",\"createTime\":\"2025-11-21 15:54:12\",\"dictType\":\"\",\"edit\":true,\"htmlType\":\"input\",\"increment\":false,\"insert\":true,\"isEdit\":\"1\",\"isIncrement\":\"0\",\"isInsert\":\"1\",\"isList\":\"1\",\"isPk\":\"0\",\"isQuery\":\"1\",\"isRequired\":\"1\",\"javaField\":\"templateId\",\"javaType\":\"Long\",\"list\":true,\"params\":{},\"pk\":false,\"query\":true,\"queryType\":\"EQ\",\"required\":true,\"sort\":2,\"superColumn\":false,\"tableId\":8,\"updateBy\":\"\",\"usableColumn\":false},{\"capJavaField\":\"ParentId\",\"columnComment\":\"父指标ID\",\"columnId\":101,\"columnName\":\"parent_id\",\"columnType\":\"bigint(20)\",\"createBy\":\"admin\",\"createTime\":\"2025-11-21 15:54:12\",\"dictType\":\"\",\"edit\":true,\"htmlType\":\"input\",\"increment\":false,\"insert\":true,\"isEdit\":\"1\",\"isIncrement\":\"0\",\"isInsert\":\"1\",\"isList\":\"1\",\"isPk\":\"0\",\"isQuery\":\"1\",\"isRequired\":\"0\",\"javaField\":\"parentId\",\"javaType\":\"Long\",\"list\":true,\"params\":{},\"pk\":false,\"query\":true,\"queryType\":\"EQ\",\"required\":false,\"sort\":3,\"superColumn\":true,\"tableId\":8,\"updateBy\":\"\",\"usableColumn\":true},{\"capJavaField\":\"ItemName\",\"columnComment\":\"指标名称\",\"columnId\":102,\"columnName\":\"item_name\",\"columnType\":\"varchar(200)\",\"createBy\":\"admin\",\"createTime\":\"2025-11-21 15:54:12\",\"dictType\":\"\",\"edit\":true,\"htmlType\":\"input\",\"increment\":false,\"insert\":true,\"isEdit\":\"1\",\"isIncrement\":\"0\",\"isInsert\":\"1\",\"isList\":\"1\",\"isPk\":\"0\",\"isQuery\":\"1\",', '{\"msg\":\"操作成功\",\"code\":200}', 0, NULL, '2025-11-21 15:58:24', 33);
INSERT INTO `sys_oper_log` VALUES (151, '代码生成', 2, 'com.ruoyi.generator.controller.GenController.editSave()', 'PUT', 1, 'admin', '研发部门', '/tool/gen', '127.0.0.1', '内网IP', '{\"businessName\":\"template\",\"className\":\"SysTemplate\",\"columns\":[{\"capJavaField\":\"TemplateId\",\"columnComment\":\"模板ID\",\"columnId\":87,\"columnName\":\"template_id\",\"columnType\":\"bigint(20)\",\"createBy\":\"admin\",\"createTime\":\"2025-11-21 15:54:12\",\"dictType\":\"\",\"edit\":false,\"htmlType\":\"input\",\"increment\":true,\"insert\":true,\"isIncrement\":\"1\",\"isInsert\":\"1\",\"isPk\":\"1\",\"isRequired\":\"0\",\"javaField\":\"templateId\",\"javaType\":\"Long\",\"list\":false,\"params\":{},\"pk\":true,\"query\":false,\"queryType\":\"EQ\",\"required\":false,\"sort\":1,\"superColumn\":false,\"tableId\":7,\"updateBy\":\"\",\"usableColumn\":false},{\"capJavaField\":\"TemplateName\",\"columnComment\":\"模板名称\",\"columnId\":88,\"columnName\":\"template_name\",\"columnType\":\"varchar(100)\",\"createBy\":\"admin\",\"createTime\":\"2025-11-21 15:54:12\",\"dictType\":\"\",\"edit\":true,\"htmlType\":\"input\",\"increment\":false,\"insert\":true,\"isEdit\":\"1\",\"isIncrement\":\"0\",\"isInsert\":\"1\",\"isList\":\"1\",\"isPk\":\"0\",\"isQuery\":\"1\",\"isRequired\":\"1\",\"javaField\":\"templateName\",\"javaType\":\"String\",\"list\":true,\"params\":{},\"pk\":false,\"query\":true,\"queryType\":\"LIKE\",\"required\":true,\"sort\":2,\"superColumn\":false,\"tableId\":7,\"updateBy\":\"\",\"usableColumn\":false},{\"capJavaField\":\"TemplateType\",\"columnComment\":\"模板类型(KPI:关键指标, OKR:目标与成果, COMPETENCY:能力素质)\",\"columnId\":89,\"columnName\":\"template_type\",\"columnType\":\"varchar(20)\",\"createBy\":\"admin\",\"createTime\":\"2025-11-21 15:54:12\",\"dictType\":\"\",\"edit\":true,\"htmlType\":\"select\",\"increment\":false,\"insert\":true,\"isEdit\":\"1\",\"isIncrement\":\"0\",\"isInsert\":\"1\",\"isList\":\"1\",\"isPk\":\"0\",\"isQuery\":\"1\",\"isRequired\":\"1\",\"javaField\":\"templateType\",\"javaType\":\"String\",\"list\":true,\"params\":{},\"pk\":false,\"query\":true,\"queryType\":\"EQ\",\"required\":true,\"sort\":3,\"superColumn\":false,\"tableId\":7,\"updateBy\":\"\",\"usableColumn\":false},{\"capJavaField\":\"DeptId\",\"columnComment\":\"适用部门ID\",\"columnId\":90,\"columnName\":\"dept_id\",\"columnType\":\"bigint(20)\",\"createBy\":\"admin\",\"createTime\":\"2025-11-21 15:54:12\",\"dictType\":\"\",\"edit\":true,\"htmlType\":\"input\",\"increment\":false,\"insert\":true,\"isEdit\":\"1\",\"', '{\"msg\":\"操作成功\",\"code\":200}', 0, NULL, '2025-11-21 15:58:36', 22);
INSERT INTO `sys_oper_log` VALUES (152, '代码生成', 2, 'com.ruoyi.generator.controller.GenController.editSave()', 'PUT', 1, 'admin', '研发部门', '/tool/gen', '127.0.0.1', '内网IP', '{\"businessName\":\"flow\",\"className\":\"PerfScoreFlow\",\"columns\":[{\"capJavaField\":\"FlowId\",\"columnComment\":\"流程ID\",\"columnId\":74,\"columnName\":\"flow_id\",\"columnType\":\"bigint(20)\",\"createBy\":\"admin\",\"createTime\":\"2025-11-21 15:54:12\",\"dictType\":\"\",\"edit\":false,\"htmlType\":\"input\",\"increment\":true,\"insert\":true,\"isIncrement\":\"1\",\"isInsert\":\"1\",\"isPk\":\"1\",\"isRequired\":\"0\",\"javaField\":\"flowId\",\"javaType\":\"Long\",\"list\":false,\"params\":{},\"pk\":true,\"query\":false,\"queryType\":\"EQ\",\"required\":false,\"sort\":1,\"superColumn\":false,\"tableId\":6,\"updateBy\":\"\",\"usableColumn\":false},{\"capJavaField\":\"PerformanceId\",\"columnComment\":\"绩效ID\",\"columnId\":75,\"columnName\":\"performance_id\",\"columnType\":\"bigint(20)\",\"createBy\":\"admin\",\"createTime\":\"2025-11-21 15:54:12\",\"dictType\":\"\",\"edit\":true,\"htmlType\":\"input\",\"increment\":false,\"insert\":true,\"isEdit\":\"1\",\"isIncrement\":\"0\",\"isInsert\":\"1\",\"isList\":\"1\",\"isPk\":\"0\",\"isQuery\":\"1\",\"isRequired\":\"1\",\"javaField\":\"performanceId\",\"javaType\":\"Long\",\"list\":true,\"params\":{},\"pk\":false,\"query\":true,\"queryType\":\"EQ\",\"required\":true,\"sort\":2,\"superColumn\":false,\"tableId\":6,\"updateBy\":\"\",\"usableColumn\":false},{\"capJavaField\":\"Step\",\"columnComment\":\"步骤序号\",\"columnId\":76,\"columnName\":\"step\",\"columnType\":\"int(11)\",\"createBy\":\"admin\",\"createTime\":\"2025-11-21 15:54:12\",\"dictType\":\"\",\"edit\":true,\"htmlType\":\"input\",\"increment\":false,\"insert\":true,\"isEdit\":\"1\",\"isIncrement\":\"0\",\"isInsert\":\"1\",\"isList\":\"1\",\"isPk\":\"0\",\"isQuery\":\"1\",\"isRequired\":\"1\",\"javaField\":\"step\",\"javaType\":\"Long\",\"list\":true,\"params\":{},\"pk\":false,\"query\":true,\"queryType\":\"EQ\",\"required\":true,\"sort\":3,\"superColumn\":false,\"tableId\":6,\"updateBy\":\"\",\"usableColumn\":false},{\"capJavaField\":\"StepName\",\"columnComment\":\"步骤名称\",\"columnId\":77,\"columnName\":\"step_name\",\"columnType\":\"varchar(100)\",\"createBy\":\"admin\",\"createTime\":\"2025-11-21 15:54:12\",\"dictType\":\"\",\"edit\":true,\"htmlType\":\"input\",\"increment\":false,\"insert\":true,\"isEdit\":\"1\",\"isIncrement\":\"0\",\"isInsert\":\"1\",\"isList\":\"1\",\"isPk\":\"0\",\"isQuery\":\"1\",\"isRequired\":', '{\"msg\":\"操作成功\",\"code\":200}', 0, NULL, '2025-11-21 15:58:49', 30);
INSERT INTO `sys_oper_log` VALUES (153, '代码生成', 2, 'com.ruoyi.generator.controller.GenController.editSave()', 'PUT', 1, 'admin', '研发部门', '/tool/gen', '127.0.0.1', '内网IP', '{\"businessName\":\"content\",\"className\":\"PerfPerformanceContent\",\"columns\":[{\"capJavaField\":\"ContentId\",\"columnComment\":\"内容ID\",\"columnId\":59,\"columnName\":\"content_id\",\"columnType\":\"bigint(20)\",\"createBy\":\"admin\",\"createTime\":\"2025-11-21 15:54:12\",\"dictType\":\"\",\"edit\":false,\"htmlType\":\"input\",\"increment\":true,\"insert\":true,\"isIncrement\":\"1\",\"isInsert\":\"1\",\"isPk\":\"1\",\"isRequired\":\"0\",\"javaField\":\"contentId\",\"javaType\":\"Long\",\"list\":false,\"params\":{},\"pk\":true,\"query\":false,\"queryType\":\"EQ\",\"required\":false,\"sort\":1,\"superColumn\":false,\"tableId\":5,\"updateBy\":\"\",\"usableColumn\":false},{\"capJavaField\":\"PerformanceId\",\"columnComment\":\"绩效ID\",\"columnId\":60,\"columnName\":\"performance_id\",\"columnType\":\"bigint(20)\",\"createBy\":\"admin\",\"createTime\":\"2025-11-21 15:54:12\",\"dictType\":\"\",\"edit\":true,\"htmlType\":\"input\",\"increment\":false,\"insert\":true,\"isEdit\":\"1\",\"isIncrement\":\"0\",\"isInsert\":\"1\",\"isList\":\"1\",\"isPk\":\"0\",\"isQuery\":\"1\",\"isRequired\":\"1\",\"javaField\":\"performanceId\",\"javaType\":\"Long\",\"list\":true,\"params\":{},\"pk\":false,\"query\":true,\"queryType\":\"EQ\",\"required\":true,\"sort\":2,\"superColumn\":false,\"tableId\":5,\"updateBy\":\"\",\"usableColumn\":false},{\"capJavaField\":\"ItemId\",\"columnComment\":\"指标项ID\",\"columnId\":61,\"columnName\":\"item_id\",\"columnType\":\"bigint(20)\",\"createBy\":\"admin\",\"createTime\":\"2025-11-21 15:54:12\",\"dictType\":\"\",\"edit\":true,\"htmlType\":\"input\",\"increment\":false,\"insert\":true,\"isEdit\":\"1\",\"isIncrement\":\"0\",\"isInsert\":\"1\",\"isList\":\"1\",\"isPk\":\"0\",\"isQuery\":\"1\",\"isRequired\":\"1\",\"javaField\":\"itemId\",\"javaType\":\"Long\",\"list\":true,\"params\":{},\"pk\":false,\"query\":true,\"queryType\":\"EQ\",\"required\":true,\"sort\":3,\"superColumn\":false,\"tableId\":5,\"updateBy\":\"\",\"usableColumn\":false},{\"capJavaField\":\"SelfTarget\",\"columnComment\":\"自评目标\",\"columnId\":62,\"columnName\":\"self_target\",\"columnType\":\"text\",\"createBy\":\"admin\",\"createTime\":\"2025-11-21 15:54:12\",\"dictType\":\"\",\"edit\":true,\"htmlType\":\"textarea\",\"increment\":false,\"insert\":true,\"isEdit\":\"1\",\"isIncrement\":\"0\",\"isInsert\":\"1\",\"isList\":\"1\",\"isPk\":', '{\"msg\":\"操作成功\",\"code\":200}', 0, NULL, '2025-11-21 15:58:59', 31);
INSERT INTO `sys_oper_log` VALUES (154, '代码生成', 2, 'com.ruoyi.generator.controller.GenController.editSave()', 'PUT', 1, 'admin', '研发部门', '/tool/gen', '127.0.0.1', '内网IP', '{\"businessName\":\"performance\",\"className\":\"PerfPerformance\",\"columns\":[{\"capJavaField\":\"PerformanceId\",\"columnComment\":\"绩效ID\",\"columnId\":41,\"columnName\":\"performance_id\",\"columnType\":\"bigint(20)\",\"createBy\":\"admin\",\"createTime\":\"2025-11-21 15:54:12\",\"dictType\":\"\",\"edit\":false,\"htmlType\":\"input\",\"increment\":true,\"insert\":true,\"isIncrement\":\"1\",\"isInsert\":\"1\",\"isPk\":\"1\",\"isRequired\":\"0\",\"javaField\":\"performanceId\",\"javaType\":\"Long\",\"list\":false,\"params\":{},\"pk\":true,\"query\":false,\"queryType\":\"EQ\",\"required\":false,\"sort\":1,\"superColumn\":false,\"tableId\":4,\"updateBy\":\"\",\"usableColumn\":false},{\"capJavaField\":\"PerformanceNo\",\"columnComment\":\"绩效编号\",\"columnId\":42,\"columnName\":\"performance_no\",\"columnType\":\"varchar(50)\",\"createBy\":\"admin\",\"createTime\":\"2025-11-21 15:54:12\",\"dictType\":\"\",\"edit\":true,\"htmlType\":\"input\",\"increment\":false,\"insert\":true,\"isEdit\":\"1\",\"isIncrement\":\"0\",\"isInsert\":\"1\",\"isList\":\"1\",\"isPk\":\"0\",\"isQuery\":\"1\",\"isRequired\":\"1\",\"javaField\":\"performanceNo\",\"javaType\":\"String\",\"list\":true,\"params\":{},\"pk\":false,\"query\":true,\"queryType\":\"EQ\",\"required\":true,\"sort\":2,\"superColumn\":false,\"tableId\":4,\"updateBy\":\"\",\"usableColumn\":false},{\"capJavaField\":\"PeriodId\",\"columnComment\":\"绩效周期ID\",\"columnId\":43,\"columnName\":\"period_id\",\"columnType\":\"bigint(20)\",\"createBy\":\"admin\",\"createTime\":\"2025-11-21 15:54:12\",\"dictType\":\"\",\"edit\":true,\"htmlType\":\"input\",\"increment\":false,\"insert\":true,\"isEdit\":\"1\",\"isIncrement\":\"0\",\"isInsert\":\"1\",\"isList\":\"1\",\"isPk\":\"0\",\"isQuery\":\"1\",\"isRequired\":\"1\",\"javaField\":\"periodId\",\"javaType\":\"Long\",\"list\":true,\"params\":{},\"pk\":false,\"query\":true,\"queryType\":\"EQ\",\"required\":true,\"sort\":3,\"superColumn\":false,\"tableId\":4,\"updateBy\":\"\",\"usableColumn\":false},{\"capJavaField\":\"TemplateId\",\"columnComment\":\"模板ID\",\"columnId\":44,\"columnName\":\"template_id\",\"columnType\":\"bigint(20)\",\"createBy\":\"admin\",\"createTime\":\"2025-11-21 15:54:12\",\"dictType\":\"\",\"edit\":true,\"htmlType\":\"input\",\"increment\":false,\"insert\":true,\"isEdit\":\"1\",\"isIncrement\":\"0\",\"isInsert\":\"1', '{\"msg\":\"操作成功\",\"code\":200}', 0, NULL, '2025-11-21 15:59:10', 37);
INSERT INTO `sys_oper_log` VALUES (155, '代码生成', 2, 'com.ruoyi.generator.controller.GenController.editSave()', 'PUT', 1, 'admin', '研发部门', '/tool/gen', '127.0.0.1', '内网IP', '{\"businessName\":\"interview\",\"className\":\"PerfInterview\",\"columns\":[{\"capJavaField\":\"InterviewId\",\"columnComment\":\"面谈ID\",\"columnId\":28,\"columnName\":\"interview_id\",\"columnType\":\"bigint(20)\",\"createBy\":\"admin\",\"createTime\":\"2025-11-21 15:54:12\",\"dictType\":\"\",\"edit\":false,\"htmlType\":\"input\",\"increment\":true,\"insert\":true,\"isIncrement\":\"1\",\"isInsert\":\"1\",\"isPk\":\"1\",\"isRequired\":\"0\",\"javaField\":\"interviewId\",\"javaType\":\"Long\",\"list\":false,\"params\":{},\"pk\":true,\"query\":false,\"queryType\":\"EQ\",\"required\":false,\"sort\":1,\"superColumn\":false,\"tableId\":3,\"updateBy\":\"\",\"usableColumn\":false},{\"capJavaField\":\"PerformanceId\",\"columnComment\":\"绩效ID\",\"columnId\":29,\"columnName\":\"performance_id\",\"columnType\":\"bigint(20)\",\"createBy\":\"admin\",\"createTime\":\"2025-11-21 15:54:12\",\"dictType\":\"\",\"edit\":true,\"htmlType\":\"input\",\"increment\":false,\"insert\":true,\"isEdit\":\"1\",\"isIncrement\":\"0\",\"isInsert\":\"1\",\"isList\":\"1\",\"isPk\":\"0\",\"isQuery\":\"1\",\"isRequired\":\"1\",\"javaField\":\"performanceId\",\"javaType\":\"Long\",\"list\":true,\"params\":{},\"pk\":false,\"query\":true,\"queryType\":\"EQ\",\"required\":true,\"sort\":2,\"superColumn\":false,\"tableId\":3,\"updateBy\":\"\",\"usableColumn\":false},{\"capJavaField\":\"InterviewerId\",\"columnComment\":\"面谈人ID\",\"columnId\":30,\"columnName\":\"interviewer_id\",\"columnType\":\"bigint(20)\",\"createBy\":\"admin\",\"createTime\":\"2025-11-21 15:54:12\",\"dictType\":\"\",\"edit\":true,\"htmlType\":\"input\",\"increment\":false,\"insert\":true,\"isEdit\":\"1\",\"isIncrement\":\"0\",\"isInsert\":\"1\",\"isList\":\"1\",\"isPk\":\"0\",\"isQuery\":\"1\",\"isRequired\":\"1\",\"javaField\":\"interviewerId\",\"javaType\":\"Long\",\"list\":true,\"params\":{},\"pk\":false,\"query\":true,\"queryType\":\"EQ\",\"required\":true,\"sort\":3,\"superColumn\":false,\"tableId\":3,\"updateBy\":\"\",\"usableColumn\":false},{\"capJavaField\":\"IntervieweeId\",\"columnComment\":\"被面谈人ID\",\"columnId\":31,\"columnName\":\"interviewee_id\",\"columnType\":\"bigint(20)\",\"createBy\":\"admin\",\"createTime\":\"2025-11-21 15:54:12\",\"dictType\":\"\",\"edit\":true,\"htmlType\":\"input\",\"increment\":false,\"insert\":true,\"isEdit\":\"1\",\"isIncrement\":\"0\",\"isI', '{\"msg\":\"操作成功\",\"code\":200}', 0, NULL, '2025-11-21 15:59:18', 25);
INSERT INTO `sys_oper_log` VALUES (156, '代码生成', 2, 'com.ruoyi.generator.controller.GenController.editSave()', 'PUT', 1, 'admin', '研发部门', '/tool/gen', '127.0.0.1', '内网IP', '{\"businessName\":\"appeal\",\"className\":\"PerfAppeal\",\"columns\":[{\"capJavaField\":\"AppealId\",\"columnComment\":\"申诉ID\",\"columnId\":15,\"columnName\":\"appeal_id\",\"columnType\":\"bigint(20)\",\"createBy\":\"admin\",\"createTime\":\"2025-11-21 15:54:12\",\"dictType\":\"\",\"edit\":false,\"htmlType\":\"input\",\"increment\":true,\"insert\":true,\"isIncrement\":\"1\",\"isInsert\":\"1\",\"isPk\":\"1\",\"isRequired\":\"0\",\"javaField\":\"appealId\",\"javaType\":\"Long\",\"list\":false,\"params\":{},\"pk\":true,\"query\":false,\"queryType\":\"EQ\",\"required\":false,\"sort\":1,\"superColumn\":false,\"tableId\":2,\"updateBy\":\"\",\"usableColumn\":false},{\"capJavaField\":\"PerformanceId\",\"columnComment\":\"绩效ID\",\"columnId\":16,\"columnName\":\"performance_id\",\"columnType\":\"bigint(20)\",\"createBy\":\"admin\",\"createTime\":\"2025-11-21 15:54:12\",\"dictType\":\"\",\"edit\":true,\"htmlType\":\"input\",\"increment\":false,\"insert\":true,\"isEdit\":\"1\",\"isIncrement\":\"0\",\"isInsert\":\"1\",\"isList\":\"1\",\"isPk\":\"0\",\"isQuery\":\"1\",\"isRequired\":\"1\",\"javaField\":\"performanceId\",\"javaType\":\"Long\",\"list\":true,\"params\":{},\"pk\":false,\"query\":true,\"queryType\":\"EQ\",\"required\":true,\"sort\":2,\"superColumn\":false,\"tableId\":2,\"updateBy\":\"\",\"usableColumn\":false},{\"capJavaField\":\"AppealReason\",\"columnComment\":\"申诉理由\",\"columnId\":17,\"columnName\":\"appeal_reason\",\"columnType\":\"text\",\"createBy\":\"admin\",\"createTime\":\"2025-11-21 15:54:12\",\"dictType\":\"\",\"edit\":true,\"htmlType\":\"textarea\",\"increment\":false,\"insert\":true,\"isEdit\":\"1\",\"isIncrement\":\"0\",\"isInsert\":\"1\",\"isList\":\"1\",\"isPk\":\"0\",\"isQuery\":\"1\",\"isRequired\":\"1\",\"javaField\":\"appealReason\",\"javaType\":\"String\",\"list\":true,\"params\":{},\"pk\":false,\"query\":true,\"queryType\":\"EQ\",\"required\":true,\"sort\":3,\"superColumn\":false,\"tableId\":2,\"updateBy\":\"\",\"usableColumn\":false},{\"capJavaField\":\"AppealStatus\",\"columnComment\":\"申诉状态(PENDING:待处理, PROCESSING:处理中, RESOLVED:已处理, REJECTED:已驳回)\",\"columnId\":18,\"columnName\":\"appeal_status\",\"columnType\":\"varchar(20)\",\"createBy\":\"admin\",\"createTime\":\"2025-11-21 15:54:12\",\"dictType\":\"\",\"edit\":true,\"htmlType\":\"radio\",\"increment\":false,\"insert\":true,\"', '{\"msg\":\"操作成功\",\"code\":200}', 0, NULL, '2025-11-21 15:59:27', 26);
INSERT INTO `sys_oper_log` VALUES (157, '代码生成', 8, 'com.ruoyi.generator.controller.GenController.batchGenCode()', 'GET', 1, 'admin', '研发部门', '/tool/gen/batchGenCode', '127.0.0.1', '内网IP', '{\"tables\":\"perf_appeal,perf_interview,perf_performance,perf_performance_content,perf_score_flow,sys_template,sys_template_item,sys_workflow_config,sys_period\"}', NULL, 0, NULL, '2025-11-21 16:00:28', 788);
INSERT INTO `sys_oper_log` VALUES (158, '绩效周期', 3, 'com.ruoyi.web.controller.performance.SysPeriodController.remove()', 'DELETE', 1, 'admin', '研发部门', '/system/period/101', '127.0.0.1', '内网IP', '[101]', '{\"msg\":\"操作成功\",\"code\":200}', 0, NULL, '2025-11-21 16:16:57', 12);
INSERT INTO `sys_oper_log` VALUES (159, '菜单管理', 2, 'com.ruoyi.web.controller.system.SysMenuController.edit()', 'PUT', 1, 'admin', '研发部门', '/system/menu', '127.0.0.1', '内网IP', '{\"children\":[],\"component\":\"performance/template/index\",\"createTime\":\"2025-11-21 16:21:47\",\"icon\":\"documentation\",\"isCache\":\"0\",\"isFrame\":\"1\",\"menuId\":2049,\"menuName\":\"绩效模板\",\"menuType\":\"C\",\"orderNum\":1,\"params\":{},\"parentId\":2000,\"path\":\"template\",\"perms\":\"system:template:list\",\"routeName\":\"\",\"status\":\"0\",\"updateBy\":\"admin\",\"visible\":\"0\"}', '{\"msg\":\"操作成功\",\"code\":200}', 0, NULL, '2025-11-21 16:39:13', 18);
INSERT INTO `sys_oper_log` VALUES (160, '菜单管理', 2, 'com.ruoyi.web.controller.system.SysMenuController.edit()', 'PUT', 1, 'admin', '研发部门', '/system/menu', '127.0.0.1', '内网IP', '{\"children\":[],\"component\":\"performance/period/index\",\"createTime\":\"2025-11-21 16:19:44\",\"icon\":\"build\",\"isCache\":\"0\",\"isFrame\":\"1\",\"menuId\":2001,\"menuName\":\"绩效周期\",\"menuType\":\"C\",\"orderNum\":1,\"params\":{},\"parentId\":2000,\"path\":\"period\",\"perms\":\"system:period:list\",\"routeName\":\"\",\"status\":\"0\",\"updateBy\":\"admin\",\"visible\":\"0\"}', '{\"msg\":\"操作成功\",\"code\":200}', 0, NULL, '2025-11-21 16:39:20', 6);
INSERT INTO `sys_oper_log` VALUES (161, '菜单管理', 2, 'com.ruoyi.web.controller.system.SysMenuController.edit()', 'PUT', 1, 'admin', '研发部门', '/system/menu', '127.0.0.1', '内网IP', '{\"children\":[],\"component\":\"performance/appeal/index\",\"createTime\":\"2025-11-21 16:20:33\",\"icon\":\"edit\",\"isCache\":\"0\",\"isFrame\":\"1\",\"menuId\":2007,\"menuName\":\"绩效申诉\",\"menuType\":\"C\",\"orderNum\":1,\"params\":{},\"parentId\":2000,\"path\":\"appeal\",\"perms\":\"system:appeal:list\",\"routeName\":\"\",\"status\":\"0\",\"updateBy\":\"admin\",\"visible\":\"0\"}', '{\"msg\":\"操作成功\",\"code\":200}', 0, NULL, '2025-11-21 16:39:40', 6);
INSERT INTO `sys_oper_log` VALUES (162, '菜单管理', 2, 'com.ruoyi.web.controller.system.SysMenuController.edit()', 'PUT', 1, 'admin', '研发部门', '/system/menu', '127.0.0.1', '内网IP', '{\"children\":[],\"component\":\"performance/workFlowConfig/index\",\"createTime\":\"2025-11-21 16:20:44\",\"icon\":\"cascader\",\"isCache\":\"0\",\"isFrame\":\"1\",\"menuId\":2013,\"menuName\":\"绩效流程配置\",\"menuType\":\"C\",\"orderNum\":1,\"params\":{},\"parentId\":2000,\"path\":\"config\",\"perms\":\"system:config:list\",\"routeName\":\"\",\"status\":\"0\",\"updateBy\":\"admin\",\"visible\":\"0\"}', '{\"msg\":\"操作成功\",\"code\":200}', 0, NULL, '2025-11-21 16:39:56', 6);
INSERT INTO `sys_oper_log` VALUES (163, '菜单管理', 2, 'com.ruoyi.web.controller.system.SysMenuController.edit()', 'PUT', 1, 'admin', '研发部门', '/system/menu', '127.0.0.1', '内网IP', '{\"children\":[],\"component\":\"performance/content/index\",\"createTime\":\"2025-11-21 16:20:56\",\"icon\":\"education\",\"isCache\":\"0\",\"isFrame\":\"1\",\"menuId\":2019,\"menuName\":\"绩效内容\",\"menuType\":\"C\",\"orderNum\":1,\"params\":{},\"parentId\":2000,\"path\":\"content\",\"perms\":\"system:content:list\",\"routeName\":\"\",\"status\":\"0\",\"updateBy\":\"admin\",\"visible\":\"0\"}', '{\"msg\":\"操作成功\",\"code\":200}', 0, NULL, '2025-11-21 16:40:28', 6);
INSERT INTO `sys_oper_log` VALUES (164, '菜单管理', 2, 'com.ruoyi.web.controller.system.SysMenuController.edit()', 'PUT', 1, 'admin', '研发部门', '/system/menu', '127.0.0.1', '内网IP', '{\"children\":[],\"component\":\"performance/flow/index\",\"createTime\":\"2025-11-21 16:21:05\",\"icon\":\"tree-table\",\"isCache\":\"0\",\"isFrame\":\"1\",\"menuId\":2025,\"menuName\":\"评分流程\",\"menuType\":\"C\",\"orderNum\":1,\"params\":{},\"parentId\":2000,\"path\":\"flow\",\"perms\":\"system:flow:list\",\"routeName\":\"\",\"status\":\"0\",\"updateBy\":\"admin\",\"visible\":\"0\"}', '{\"msg\":\"操作成功\",\"code\":200}', 0, NULL, '2025-11-21 16:40:47', 5);
INSERT INTO `sys_oper_log` VALUES (165, '菜单管理', 2, 'com.ruoyi.web.controller.system.SysMenuController.edit()', 'PUT', 1, 'admin', '研发部门', '/system/menu', '127.0.0.1', '内网IP', '{\"children\":[],\"component\":\"performance-example/interview/index\",\"createTime\":\"2025-11-21 16:21:14\",\"icon\":\"people\",\"isCache\":\"0\",\"isFrame\":\"1\",\"menuId\":2031,\"menuName\":\"绩效面谈\",\"menuType\":\"C\",\"orderNum\":1,\"params\":{},\"parentId\":2000,\"path\":\"interview\",\"perms\":\"system:interview:list\",\"routeName\":\"\",\"status\":\"0\",\"updateBy\":\"admin\",\"visible\":\"0\"}', '{\"msg\":\"操作成功\",\"code\":200}', 0, NULL, '2025-11-21 16:41:01', 6);
INSERT INTO `sys_oper_log` VALUES (166, '菜单管理', 2, 'com.ruoyi.web.controller.system.SysMenuController.edit()', 'PUT', 1, 'admin', '研发部门', '/system/menu', '127.0.0.1', '内网IP', '{\"children\":[],\"component\":\"performance/item/index\",\"createTime\":\"2025-11-21 16:21:24\",\"icon\":\"chart\",\"isCache\":\"0\",\"isFrame\":\"1\",\"menuId\":2037,\"menuName\":\"模板指标\",\"menuType\":\"C\",\"orderNum\":1,\"params\":{},\"parentId\":2000,\"path\":\"item\",\"perms\":\"system:item:list\",\"routeName\":\"\",\"status\":\"0\",\"updateBy\":\"admin\",\"visible\":\"0\"}', '{\"msg\":\"操作成功\",\"code\":200}', 0, NULL, '2025-11-21 16:41:16', 5);
INSERT INTO `sys_oper_log` VALUES (167, '菜单管理', 2, 'com.ruoyi.web.controller.system.SysMenuController.edit()', 'PUT', 1, 'admin', '研发部门', '/system/menu', '127.0.0.1', '内网IP', '{\"children\":[],\"component\":\"performance/performance/index\",\"createTime\":\"2025-11-21 16:21:38\",\"icon\":\"dict\",\"isCache\":\"0\",\"isFrame\":\"1\",\"menuId\":2043,\"menuName\":\"绩效实例\",\"menuType\":\"C\",\"orderNum\":1,\"params\":{},\"parentId\":2000,\"path\":\"performance-example\",\"perms\":\"system:performance:list\",\"routeName\":\"\",\"status\":\"0\",\"updateBy\":\"admin\",\"visible\":\"0\"}', '{\"msg\":\"操作成功\",\"code\":200}', 0, NULL, '2025-11-21 16:41:26', 6);
INSERT INTO `sys_oper_log` VALUES (168, '绩效周期', 1, 'com.ruoyi.web.controller.performance.SysPeriodController.add()', 'POST', 1, 'admin', '研发部门', '/system/period', '127.0.0.1', '内网IP', '{\"createTime\":\"2025-11-21 16:45:06\",\"endDate\":\"2025-12-31\",\"params\":{},\"periodName\":\"2025年11月\",\"scoreDeadline\":\"2025-12-15\",\"startDate\":\"2025-12-01\",\"submitDeadline\":\"2025-12-01\"}', NULL, 1, '\r\n### Error updating database.  Cause: java.sql.SQLException: Field \'period_type\' doesn\'t have a default value\r\n### The error may exist in file [D:\\AAliuchanghua\\dgls_project\\ry-perf-apex\\ruoyi-system\\target\\classes\\mapper\\system\\SysPeriodMapper.xml]\r\n### The error may involve com.ruoyi.system.mapper.SysPeriodMapper.insertSysPeriod-Inline\r\n### The error occurred while setting parameters\r\n### SQL: insert into sys_period          ( period_name,                          start_date,             end_date,             submit_deadline,             score_deadline,                                                                 create_time )           values ( ?,                          ?,             ?,             ?,             ?,                                                                 ? )\r\n### Cause: java.sql.SQLException: Field \'period_type\' doesn\'t have a default value\n; Field \'period_type\' doesn\'t have a default value; nested exception is java.sql.SQLException: Field \'period_type\' doesn\'t have a default value', '2025-11-21 16:45:06', 52);
INSERT INTO `sys_oper_log` VALUES (169, '绩效周期', 1, 'com.ruoyi.web.controller.performance.SysPeriodController.add()', 'POST', 1, 'admin', '研发部门', '/system/period', '127.0.0.1', '内网IP', '{\"createTime\":\"2025-11-21 16:46:41\",\"endDate\":\"2025-12-31\",\"params\":{},\"periodId\":110,\"periodName\":\"2025年11月\",\"scoreDeadline\":\"2025-12-15\",\"startDate\":\"2025-12-01\",\"submitDeadline\":\"2025-12-01\"}', '{\"msg\":\"操作成功\",\"code\":200}', 0, NULL, '2025-11-21 16:46:41', 9);
INSERT INTO `sys_oper_log` VALUES (170, '绩效周期', 3, 'com.ruoyi.web.controller.performance.SysPeriodController.remove()', 'DELETE', 1, 'admin', '研发部门', '/system/period/110', '127.0.0.1', '内网IP', '[110]', NULL, 1, 'nested exception is org.apache.ibatis.binding.BindingException: Parameter \'periodId\' not found. Available parameters are [array, id]', '2025-11-21 19:45:25', 16);
INSERT INTO `sys_oper_log` VALUES (171, '绩效周期', 3, 'com.ruoyi.web.controller.performance.SysPeriodController.remove()', 'DELETE', 1, 'admin', '研发部门', '/system/period/110', '127.0.0.1', '内网IP', '[110]', '{\"msg\":\"操作成功\",\"code\":200}', 0, NULL, '2025-11-21 19:45:49', 17);
INSERT INTO `sys_oper_log` VALUES (172, '用户管理', 1, 'com.ruoyi.web.controller.system.SysUserController.add()', 'POST', 1, 'admin', '研发部门', '/system/user', '127.0.0.1', '内网IP', '{\"admin\":false,\"createBy\":\"admin\",\"deptId\":103,\"nickName\":\"test\",\"params\":{},\"postIds\":[],\"roleIds\":[],\"status\":\"0\",\"userId\":100,\"userName\":\"test\"}', '{\"msg\":\"操作成功\",\"code\":200}', 0, NULL, '2025-11-21 19:46:35', 88);
INSERT INTO `sys_oper_log` VALUES (173, '代码生成', 6, 'com.ruoyi.generator.controller.GenController.importTableSave()', 'POST', 1, 'admin', '研发部门', '/tool/gen/importTable', '127.0.0.1', '内网IP', '{\"tables\":\"perf_period\"}', '{\"msg\":\"操作成功\",\"code\":200}', 0, NULL, '2025-11-25 10:02:05', 83);
INSERT INTO `sys_oper_log` VALUES (174, '代码生成', 2, 'com.ruoyi.generator.controller.GenController.editSave()', 'PUT', 1, 'admin', '研发部门', '/tool/gen', '127.0.0.1', '内网IP', '{\"businessName\":\"period\",\"className\":\"PerfPeriod\",\"columns\":[{\"capJavaField\":\"PeriodId\",\"columnComment\":\"绩效周期ID\",\"columnId\":127,\"columnName\":\"period_id\",\"columnType\":\"bigint(20)\",\"createBy\":\"admin\",\"createTime\":\"2025-11-25 10:02:05\",\"dictType\":\"\",\"edit\":false,\"htmlType\":\"input\",\"increment\":true,\"insert\":true,\"isIncrement\":\"1\",\"isInsert\":\"1\",\"isPk\":\"1\",\"isRequired\":\"0\",\"javaField\":\"periodId\",\"javaType\":\"Long\",\"list\":false,\"params\":{},\"pk\":true,\"query\":false,\"queryType\":\"EQ\",\"required\":false,\"sort\":1,\"superColumn\":false,\"tableId\":10,\"updateBy\":\"\",\"usableColumn\":false},{\"capJavaField\":\"PeriodName\",\"columnComment\":\"周期名称(如：2024年Q1)\",\"columnId\":128,\"columnName\":\"period_name\",\"columnType\":\"varchar(100)\",\"createBy\":\"admin\",\"createTime\":\"2025-11-25 10:02:05\",\"dictType\":\"\",\"edit\":true,\"htmlType\":\"input\",\"increment\":false,\"insert\":true,\"isEdit\":\"1\",\"isIncrement\":\"0\",\"isInsert\":\"1\",\"isList\":\"1\",\"isPk\":\"0\",\"isQuery\":\"1\",\"isRequired\":\"1\",\"javaField\":\"periodName\",\"javaType\":\"String\",\"list\":true,\"params\":{},\"pk\":false,\"query\":true,\"queryType\":\"LIKE\",\"required\":true,\"sort\":2,\"superColumn\":false,\"tableId\":10,\"updateBy\":\"\",\"usableColumn\":false},{\"capJavaField\":\"PeriodType\",\"columnComment\":\"周期类型(MONTH:月度, QUARTER:季度, HALF_YEAR:半年度, YEAR:年度)\",\"columnId\":129,\"columnName\":\"period_type\",\"columnType\":\"varchar(20)\",\"createBy\":\"admin\",\"createTime\":\"2025-11-25 10:02:05\",\"dictType\":\"\",\"edit\":true,\"htmlType\":\"select\",\"increment\":false,\"insert\":true,\"isEdit\":\"1\",\"isIncrement\":\"0\",\"isInsert\":\"1\",\"isList\":\"1\",\"isPk\":\"0\",\"isQuery\":\"1\",\"isRequired\":\"0\",\"javaField\":\"periodType\",\"javaType\":\"String\",\"list\":true,\"params\":{},\"pk\":false,\"query\":true,\"queryType\":\"EQ\",\"required\":false,\"sort\":3,\"superColumn\":false,\"tableId\":10,\"updateBy\":\"\",\"usableColumn\":false},{\"capJavaField\":\"SubmitDeadline\",\"columnComment\":\"提交截止时间\",\"columnId\":130,\"columnName\":\"submit_deadline\",\"columnType\":\"datetime\",\"createBy\":\"admin\",\"createTime\":\"2025-11-25 10:02:05\",\"dictType\":\"\",\"edit\":true,\"htmlType\":\"datetime\",\"increment\":false,\"in', '{\"msg\":\"操作成功\",\"code\":200}', 0, NULL, '2025-11-25 10:04:35', 40);
INSERT INTO `sys_oper_log` VALUES (175, '代码生成', 8, 'com.ruoyi.generator.controller.GenController.batchGenCode()', 'GET', 1, 'admin', '研发部门', '/tool/gen/batchGenCode', '127.0.0.1', '内网IP', '{\"tables\":\"perf_period\"}', NULL, 0, NULL, '2025-11-25 10:04:40', 273);
INSERT INTO `sys_oper_log` VALUES (176, '菜单管理', 3, 'com.ruoyi.web.controller.system.SysMenuController.remove()', 'DELETE', 1, 'admin', '研发部门', '/system/menu/2001', '127.0.0.1', '内网IP', '2001', '{\"msg\":\"存在子菜单,不允许删除\",\"code\":601}', 0, NULL, '2025-11-25 10:08:42', 6);
INSERT INTO `sys_oper_log` VALUES (177, '菜单管理', 3, 'com.ruoyi.web.controller.system.SysMenuController.remove()', 'DELETE', 1, 'admin', '研发部门', '/system/menu/2002', '127.0.0.1', '内网IP', '2002', '{\"msg\":\"操作成功\",\"code\":200}', 0, NULL, '2025-11-25 10:09:06', 10);
INSERT INTO `sys_oper_log` VALUES (178, '菜单管理', 3, 'com.ruoyi.web.controller.system.SysMenuController.remove()', 'DELETE', 1, 'admin', '研发部门', '/system/menu/2003', '127.0.0.1', '内网IP', '2003', '{\"msg\":\"操作成功\",\"code\":200}', 0, NULL, '2025-11-25 10:09:09', 8);
INSERT INTO `sys_oper_log` VALUES (179, '菜单管理', 3, 'com.ruoyi.web.controller.system.SysMenuController.remove()', 'DELETE', 1, 'admin', '研发部门', '/system/menu/2004', '127.0.0.1', '内网IP', '2004', '{\"msg\":\"操作成功\",\"code\":200}', 0, NULL, '2025-11-25 10:09:12', 8);
INSERT INTO `sys_oper_log` VALUES (180, '菜单管理', 3, 'com.ruoyi.web.controller.system.SysMenuController.remove()', 'DELETE', 1, 'admin', '研发部门', '/system/menu/2005', '127.0.0.1', '内网IP', '2005', '{\"msg\":\"操作成功\",\"code\":200}', 0, NULL, '2025-11-25 10:09:15', 6);
INSERT INTO `sys_oper_log` VALUES (181, '菜单管理', 3, 'com.ruoyi.web.controller.system.SysMenuController.remove()', 'DELETE', 1, 'admin', '研发部门', '/system/menu/2006', '127.0.0.1', '内网IP', '2006', '{\"msg\":\"操作成功\",\"code\":200}', 0, NULL, '2025-11-25 10:09:17', 7);
INSERT INTO `sys_oper_log` VALUES (182, '菜单管理', 3, 'com.ruoyi.web.controller.system.SysMenuController.remove()', 'DELETE', 1, 'admin', '研发部门', '/system/menu/2001', '127.0.0.1', '内网IP', '2001', '{\"msg\":\"操作成功\",\"code\":200}', 0, NULL, '2025-11-25 10:09:21', 6);
INSERT INTO `sys_oper_log` VALUES (183, '菜单管理', 2, 'com.ruoyi.web.controller.system.SysMenuController.edit()', 'PUT', 1, 'admin', '研发部门', '/system/menu', '127.0.0.1', '内网IP', '{\"children\":[],\"component\":\"perf/period/index\",\"createTime\":\"2025-11-25 10:07:56\",\"icon\":\"build\",\"isCache\":\"0\",\"isFrame\":\"1\",\"menuId\":2055,\"menuName\":\"绩效周期\",\"menuType\":\"C\",\"orderNum\":1,\"params\":{},\"parentId\":2000,\"path\":\"period\",\"perms\":\"perf:period:list\",\"routeName\":\"\",\"status\":\"0\",\"updateBy\":\"admin\",\"visible\":\"0\"}', '{\"msg\":\"操作成功\",\"code\":200}', 0, NULL, '2025-11-25 10:17:20', 23);
INSERT INTO `sys_oper_log` VALUES (184, '菜单管理', 2, 'com.ruoyi.web.controller.system.SysMenuController.edit()', 'PUT', 1, 'admin', '研发部门', '/system/menu', '127.0.0.1', '内网IP', '{\"children\":[],\"createTime\":\"2025-11-21 14:41:58\",\"icon\":\"peoples\",\"isCache\":\"0\",\"isFrame\":\"1\",\"menuId\":2000,\"menuName\":\"绩效管理\",\"menuType\":\"M\",\"orderNum\":4,\"params\":{},\"parentId\":0,\"path\":\"perf\",\"perms\":\"\",\"routeName\":\"\",\"status\":\"0\",\"updateBy\":\"admin\",\"visible\":\"0\"}', '{\"msg\":\"操作成功\",\"code\":200}', 0, NULL, '2025-11-25 10:20:10', 10);
INSERT INTO `sys_oper_log` VALUES (185, '菜单管理', 2, 'com.ruoyi.web.controller.system.SysMenuController.edit()', 'PUT', 1, 'admin', '研发部门', '/system/menu', '127.0.0.1', '内网IP', '{\"children\":[],\"component\":\"perf/perfPeriod/index\",\"createTime\":\"2025-11-25 10:07:56\",\"icon\":\"build\",\"isCache\":\"0\",\"isFrame\":\"1\",\"menuId\":2055,\"menuName\":\"绩效周期\",\"menuType\":\"C\",\"orderNum\":1,\"params\":{},\"parentId\":2000,\"path\":\"period\",\"perms\":\"perf:period:list\",\"routeName\":\"\",\"status\":\"0\",\"updateBy\":\"admin\",\"visible\":\"0\"}', '{\"msg\":\"操作成功\",\"code\":200}', 0, NULL, '2025-11-25 10:21:05', 6);
INSERT INTO `sys_oper_log` VALUES (186, '菜单管理', 2, 'com.ruoyi.web.controller.system.SysMenuController.edit()', 'PUT', 1, 'admin', '研发部门', '/system/menu', '127.0.0.1', '内网IP', '{\"children\":[],\"component\":\"perf/period/index\",\"createTime\":\"2025-11-25 10:07:56\",\"icon\":\"build\",\"isCache\":\"0\",\"isFrame\":\"1\",\"menuId\":2055,\"menuName\":\"绩效周期\",\"menuType\":\"C\",\"orderNum\":1,\"params\":{},\"parentId\":2000,\"path\":\"period\",\"perms\":\"perf:period:list\",\"routeName\":\"\",\"status\":\"0\",\"updateBy\":\"admin\",\"visible\":\"0\"}', '{\"msg\":\"操作成功\",\"code\":200}', 0, NULL, '2025-11-25 10:27:41', 6);
INSERT INTO `sys_oper_log` VALUES (187, '绩效周期', 1, 'com.ruoyi.web.controller.perf.PerfPeriodController.add()', 'POST', 1, 'admin', '研发部门', '/perf/period', '127.0.0.1', '内网IP', '{\"createTime\":\"2025-11-25 10:48:18\",\"params\":{},\"periodId\":111,\"periodName\":\"202501\",\"remark\":\"hh\",\"scoreDeadline\":\"2025-11-10\",\"submitDeadline\":\"2025-11-11\"}', '{\"msg\":\"操作成功\",\"code\":200}', 0, NULL, '2025-11-25 10:48:18', 23);
INSERT INTO `sys_oper_log` VALUES (188, '绩效周期', 2, 'com.ruoyi.web.controller.perf.PerfPeriodController.edit()', 'PUT', 1, 'admin', '研发部门', '/perf/period', '127.0.0.1', '内网IP', '{\"createBy\":\"\",\"createTime\":\"2025-11-21 16:46:42\",\"delFlag\":\"2\",\"params\":{},\"periodId\":110,\"periodName\":\"2025年11月\",\"periodType\":\"MONTH\",\"scoreDeadline\":\"2025-12-15\",\"status\":\"0\",\"submitDeadline\":\"2025-12-01\",\"updateBy\":\"\",\"updateTime\":\"2025-11-25 11:29:21\"}', '{\"msg\":\"操作成功\",\"code\":200}', 0, NULL, '2025-11-25 11:29:21', 12);
INSERT INTO `sys_oper_log` VALUES (189, '绩效周期', 2, 'com.ruoyi.web.controller.perf.PerfPeriodController.edit()', 'PUT', 1, 'admin', '研发部门', '/perf/period', '127.0.0.1', '内网IP', '{\"createBy\":\"\",\"createTime\":\"2025-11-25 10:48:18\",\"delFlag\":\"0\",\"params\":{},\"periodId\":111,\"periodName\":\"202501\",\"periodType\":\"MONTH\",\"remark\":\"hh\",\"scoreDeadline\":\"2025-11-10\",\"status\":\"0\",\"submitDeadline\":\"2025-11-11\",\"updateBy\":\"\",\"updateTime\":\"2025-11-25 11:29:27\"}', '{\"msg\":\"操作成功\",\"code\":200}', 0, NULL, '2025-11-25 11:29:27', 7);
INSERT INTO `sys_oper_log` VALUES (190, '绩效周期', 2, 'com.ruoyi.web.controller.perf.PerfPeriodController.edit()', 'PUT', 1, 'admin', '研发部门', '/perf/period', '127.0.0.1', '内网IP', '{\"createBy\":\"\",\"createTime\":\"2025-11-25 10:48:18\",\"delFlag\":\"0\",\"params\":{},\"periodId\":111,\"periodName\":\"202501\",\"periodType\":\"QUARTER\",\"remark\":\"hh\",\"scoreDeadline\":\"2025-11-10\",\"status\":\"0\",\"submitDeadline\":\"2025-11-11\",\"updateBy\":\"\",\"updateTime\":\"2025-11-25 11:29:47\"}', '{\"msg\":\"操作成功\",\"code\":200}', 0, NULL, '2025-11-25 11:29:47', 7);
INSERT INTO `sys_oper_log` VALUES (191, '绩效周期', 3, 'com.ruoyi.web.controller.perf.PerfPeriodController.remove()', 'DELETE', 1, 'admin', '研发部门', '/perf/period/111', '127.0.0.1', '内网IP', '[111]', '{\"msg\":\"操作成功\",\"code\":200}', 0, NULL, '2025-11-25 11:35:57', 18);
INSERT INTO `sys_oper_log` VALUES (192, '绩效周期', 3, 'com.ruoyi.web.controller.perf.PerfPeriodController.remove()', 'DELETE', 1, 'admin', '研发部门', '/perf/period/110', '127.0.0.1', '内网IP', '[110]', '{\"msg\":\"操作成功\",\"code\":200}', 0, NULL, '2025-11-25 11:38:43', 14);
INSERT INTO `sys_oper_log` VALUES (193, '代码生成', 3, 'com.ruoyi.generator.controller.GenController.remove()', 'DELETE', 1, 'admin', '研发部门', '/tool/gen/2,3,4,5,6,7,8,9,1', '127.0.0.1', '内网IP', '[2,3,4,5,6,7,8,9,1]', '{\"msg\":\"操作成功\",\"code\":200}', 0, NULL, '2025-11-25 15:20:48', 41);
INSERT INTO `sys_oper_log` VALUES (194, '代码生成', 6, 'com.ruoyi.generator.controller.GenController.importTableSave()', 'POST', 1, 'admin', '研发部门', '/tool/gen/importTable', '127.0.0.1', '内网IP', '{\"tables\":\"perf_template_item,perf_template,perf_performance,perf_performance_content\"}', '{\"msg\":\"操作成功\",\"code\":200}', 0, NULL, '2025-11-25 15:36:57', 218);
INSERT INTO `sys_oper_log` VALUES (195, '代码生成', 2, 'com.ruoyi.generator.controller.GenController.editSave()', 'PUT', 1, 'admin', '研发部门', '/tool/gen', '127.0.0.1', '内网IP', '{\"businessName\":\"template\",\"className\":\"PerfTemplate\",\"columns\":[{\"capJavaField\":\"TemplateId\",\"columnComment\":\"模板ID\",\"columnId\":172,\"columnName\":\"template_id\",\"columnType\":\"bigint(20)\",\"createBy\":\"admin\",\"createTime\":\"2025-11-25 15:36:57\",\"dictType\":\"\",\"edit\":false,\"htmlType\":\"input\",\"increment\":true,\"insert\":true,\"isIncrement\":\"1\",\"isInsert\":\"1\",\"isPk\":\"1\",\"isRequired\":\"0\",\"javaField\":\"templateId\",\"javaType\":\"Long\",\"list\":false,\"params\":{},\"pk\":true,\"query\":false,\"queryType\":\"EQ\",\"required\":false,\"sort\":1,\"superColumn\":false,\"tableId\":13,\"updateBy\":\"\",\"usableColumn\":false},{\"capJavaField\":\"TemplateName\",\"columnComment\":\"模板名称\",\"columnId\":173,\"columnName\":\"template_name\",\"columnType\":\"varchar(100)\",\"createBy\":\"admin\",\"createTime\":\"2025-11-25 15:36:57\",\"dictType\":\"\",\"edit\":true,\"htmlType\":\"input\",\"increment\":false,\"insert\":true,\"isEdit\":\"1\",\"isIncrement\":\"0\",\"isInsert\":\"1\",\"isList\":\"1\",\"isPk\":\"0\",\"isQuery\":\"1\",\"isRequired\":\"1\",\"javaField\":\"templateName\",\"javaType\":\"String\",\"list\":true,\"params\":{},\"pk\":false,\"query\":true,\"queryType\":\"LIKE\",\"required\":true,\"sort\":2,\"superColumn\":false,\"tableId\":13,\"updateBy\":\"\",\"usableColumn\":false},{\"capJavaField\":\"TemplateType\",\"columnComment\":\"模板类型(KPI:关键指标, OKR:目标与成果, COMPETENCY:能力素质)\",\"columnId\":174,\"columnName\":\"template_type\",\"columnType\":\"varchar(20)\",\"createBy\":\"admin\",\"createTime\":\"2025-11-25 15:36:57\",\"dictType\":\"\",\"edit\":true,\"htmlType\":\"select\",\"increment\":false,\"insert\":true,\"isEdit\":\"1\",\"isIncrement\":\"0\",\"isInsert\":\"1\",\"isList\":\"1\",\"isPk\":\"0\",\"isQuery\":\"1\",\"isRequired\":\"1\",\"javaField\":\"templateType\",\"javaType\":\"String\",\"list\":true,\"params\":{},\"pk\":false,\"query\":true,\"queryType\":\"EQ\",\"required\":true,\"sort\":3,\"superColumn\":false,\"tableId\":13,\"updateBy\":\"\",\"usableColumn\":false},{\"capJavaField\":\"DeptId\",\"columnComment\":\"适用部门ID\",\"columnId\":175,\"columnName\":\"dept_id\",\"columnType\":\"bigint(20)\",\"createBy\":\"admin\",\"createTime\":\"2025-11-25 15:36:57\",\"dictType\":\"\",\"edit\":true,\"htmlType\":\"input\",\"increment\":false,\"insert\":true,\"isEdi', '{\"msg\":\"操作成功\",\"code\":200}', 0, NULL, '2025-11-25 15:37:41', 52);
INSERT INTO `sys_oper_log` VALUES (196, '代码生成', 2, 'com.ruoyi.generator.controller.GenController.editSave()', 'PUT', 1, 'admin', '研发部门', '/tool/gen', '127.0.0.1', '内网IP', '{\"businessName\":\"template\",\"className\":\"PerfTemplate\",\"columns\":[{\"capJavaField\":\"TemplateId\",\"columnComment\":\"模板ID\",\"columnId\":172,\"columnName\":\"template_id\",\"columnType\":\"bigint(20)\",\"createBy\":\"admin\",\"createTime\":\"2025-11-25 15:36:57\",\"dictType\":\"\",\"edit\":false,\"htmlType\":\"input\",\"increment\":true,\"insert\":true,\"isIncrement\":\"1\",\"isInsert\":\"1\",\"isPk\":\"1\",\"isRequired\":\"0\",\"javaField\":\"templateId\",\"javaType\":\"Long\",\"list\":false,\"params\":{},\"pk\":true,\"query\":false,\"queryType\":\"EQ\",\"required\":false,\"sort\":1,\"superColumn\":false,\"tableId\":13,\"updateBy\":\"\",\"updateTime\":\"2025-11-25 15:37:40\",\"usableColumn\":false},{\"capJavaField\":\"TemplateName\",\"columnComment\":\"模板名称\",\"columnId\":173,\"columnName\":\"template_name\",\"columnType\":\"varchar(100)\",\"createBy\":\"admin\",\"createTime\":\"2025-11-25 15:36:57\",\"dictType\":\"\",\"edit\":true,\"htmlType\":\"input\",\"increment\":false,\"insert\":true,\"isEdit\":\"1\",\"isIncrement\":\"0\",\"isInsert\":\"1\",\"isList\":\"1\",\"isPk\":\"0\",\"isQuery\":\"1\",\"isRequired\":\"1\",\"javaField\":\"templateName\",\"javaType\":\"String\",\"list\":true,\"params\":{},\"pk\":false,\"query\":true,\"queryType\":\"LIKE\",\"required\":true,\"sort\":2,\"superColumn\":false,\"tableId\":13,\"updateBy\":\"\",\"updateTime\":\"2025-11-25 15:37:40\",\"usableColumn\":false},{\"capJavaField\":\"TemplateType\",\"columnComment\":\"模板类型(KPI:关键指标, OKR:目标与成果, COMPETENCY:能力素质)\",\"columnId\":174,\"columnName\":\"template_type\",\"columnType\":\"varchar(20)\",\"createBy\":\"admin\",\"createTime\":\"2025-11-25 15:36:57\",\"dictType\":\"\",\"edit\":true,\"htmlType\":\"select\",\"increment\":false,\"insert\":true,\"isEdit\":\"1\",\"isIncrement\":\"0\",\"isInsert\":\"1\",\"isList\":\"1\",\"isPk\":\"0\",\"isQuery\":\"1\",\"isRequired\":\"1\",\"javaField\":\"templateType\",\"javaType\":\"String\",\"list\":true,\"params\":{},\"pk\":false,\"query\":true,\"queryType\":\"EQ\",\"required\":true,\"sort\":3,\"superColumn\":false,\"tableId\":13,\"updateBy\":\"\",\"updateTime\":\"2025-11-25 15:37:41\",\"usableColumn\":false},{\"capJavaField\":\"DeptId\",\"columnComment\":\"适用部门ID\",\"columnId\":175,\"columnName\":\"dept_id\",\"columnType\":\"bigint(20)\",\"createBy\":\"admin\",\"createTime\":', '{\"msg\":\"操作成功\",\"code\":200}', 0, NULL, '2025-11-25 15:40:24', 42);
INSERT INTO `sys_oper_log` VALUES (197, '代码生成', 2, 'com.ruoyi.generator.controller.GenController.editSave()', 'PUT', 1, 'admin', '研发部门', '/tool/gen', '127.0.0.1', '内网IP', '{\"businessName\":\"templateItem\",\"className\":\"PerfTemplateItem\",\"columns\":[{\"capJavaField\":\"ItemId\",\"columnComment\":\"指标项ID\",\"columnId\":184,\"columnName\":\"item_id\",\"columnType\":\"bigint(20)\",\"createBy\":\"admin\",\"createTime\":\"2025-11-25 15:36:57\",\"dictType\":\"\",\"edit\":false,\"htmlType\":\"input\",\"increment\":true,\"insert\":true,\"isIncrement\":\"1\",\"isInsert\":\"1\",\"isPk\":\"1\",\"isRequired\":\"0\",\"javaField\":\"itemId\",\"javaType\":\"Long\",\"list\":false,\"params\":{},\"pk\":true,\"query\":false,\"queryType\":\"EQ\",\"required\":false,\"sort\":1,\"superColumn\":false,\"tableId\":14,\"updateBy\":\"\",\"usableColumn\":false},{\"capJavaField\":\"TemplateId\",\"columnComment\":\"模板ID\",\"columnId\":185,\"columnName\":\"template_id\",\"columnType\":\"bigint(20)\",\"createBy\":\"admin\",\"createTime\":\"2025-11-25 15:36:57\",\"dictType\":\"\",\"edit\":true,\"htmlType\":\"input\",\"increment\":false,\"insert\":true,\"isEdit\":\"1\",\"isIncrement\":\"0\",\"isInsert\":\"1\",\"isList\":\"1\",\"isPk\":\"0\",\"isQuery\":\"1\",\"isRequired\":\"1\",\"javaField\":\"templateId\",\"javaType\":\"Long\",\"list\":true,\"params\":{},\"pk\":false,\"query\":true,\"queryType\":\"EQ\",\"required\":true,\"sort\":2,\"superColumn\":false,\"tableId\":14,\"updateBy\":\"\",\"usableColumn\":false},{\"capJavaField\":\"ParentId\",\"columnComment\":\"父指标ID\",\"columnId\":186,\"columnName\":\"parent_id\",\"columnType\":\"bigint(20)\",\"createBy\":\"admin\",\"createTime\":\"2025-11-25 15:36:57\",\"dictType\":\"\",\"edit\":true,\"htmlType\":\"input\",\"increment\":false,\"insert\":true,\"isEdit\":\"1\",\"isIncrement\":\"0\",\"isInsert\":\"1\",\"isList\":\"1\",\"isPk\":\"0\",\"isQuery\":\"1\",\"isRequired\":\"0\",\"javaField\":\"parentId\",\"javaType\":\"Long\",\"list\":true,\"params\":{},\"pk\":false,\"query\":true,\"queryType\":\"EQ\",\"required\":false,\"sort\":3,\"superColumn\":true,\"tableId\":14,\"updateBy\":\"\",\"usableColumn\":true},{\"capJavaField\":\"ItemName\",\"columnComment\":\"指标名称\",\"columnId\":187,\"columnName\":\"item_name\",\"columnType\":\"varchar(200)\",\"createBy\":\"admin\",\"createTime\":\"2025-11-25 15:36:57\",\"dictType\":\"\",\"edit\":true,\"htmlType\":\"input\",\"increment\":false,\"insert\":true,\"isEdit\":\"1\",\"isIncrement\":\"0\",\"isInsert\":\"1\",\"isList\":\"1\",\"isPk\":\"0\",\"', '{\"msg\":\"操作成功\",\"code\":200}', 0, NULL, '2025-11-25 15:41:25', 38);
INSERT INTO `sys_oper_log` VALUES (198, '代码生成', 8, 'com.ruoyi.generator.controller.GenController.batchGenCode()', 'GET', 1, 'admin', '研发部门', '/tool/gen/batchGenCode', '127.0.0.1', '内网IP', '{\"tables\":\"perf_template,perf_template_item\"}', NULL, 0, NULL, '2025-11-25 15:41:36', 342);
INSERT INTO `sys_oper_log` VALUES (199, '菜单管理', 2, 'com.ruoyi.web.controller.system.SysMenuController.edit()', 'PUT', 1, 'admin', '研发部门', '/system/menu', '127.0.0.1', '内网IP', '{\"children\":[],\"component\":\"perf/template/index\",\"createTime\":\"2025-11-25 15:49:28\",\"icon\":\"documentation\",\"isCache\":\"0\",\"isFrame\":\"1\",\"menuId\":2061,\"menuName\":\"绩效模板\",\"menuType\":\"C\",\"orderNum\":1,\"params\":{},\"parentId\":2000,\"path\":\"template\",\"perms\":\"perf:template:list\",\"routeName\":\"\",\"status\":\"0\",\"updateBy\":\"admin\",\"visible\":\"0\"}', '{\"msg\":\"操作成功\",\"code\":200}', 0, NULL, '2025-11-25 15:51:04', 14);
INSERT INTO `sys_oper_log` VALUES (200, '菜单管理', 2, 'com.ruoyi.web.controller.system.SysMenuController.edit()', 'PUT', 1, 'admin', '研发部门', '/system/menu', '127.0.0.1', '内网IP', '{\"children\":[],\"component\":\"perf/templateItem/index\",\"createTime\":\"2025-11-25 15:49:43\",\"icon\":\"chart\",\"isCache\":\"0\",\"isFrame\":\"1\",\"menuId\":2067,\"menuName\":\"模板指标\",\"menuType\":\"C\",\"orderNum\":1,\"params\":{},\"parentId\":2000,\"path\":\"templateItem\",\"perms\":\"perf:templateItem:list\",\"routeName\":\"\",\"status\":\"0\",\"updateBy\":\"admin\",\"visible\":\"0\"}', '{\"msg\":\"操作成功\",\"code\":200}', 0, NULL, '2025-11-25 15:51:16', 8);
INSERT INTO `sys_oper_log` VALUES (201, '绩效模板', 1, 'com.ruoyi.web.controller.perf.PerfTemplateController.add()', 'POST', 1, 'admin', '研发部门', '/perf/template', '127.0.0.1', '内网IP', '{\"deptId\":103,\"postIds\":[2],\"templateName\":\"开发部\",\"templateType\":\"OKR\"}', '{\"msg\":\"操作成功\",\"code\":200}', 0, NULL, '2025-11-25 16:21:54', 32);
INSERT INTO `sys_oper_log` VALUES (202, '绩效模板', 1, 'com.ruoyi.web.controller.perf.PerfTemplateController.add()', 'POST', 1, 'admin', '研发部门', '/perf/template', '127.0.0.1', '内网IP', '{\"deptId\":104,\"postIds\":[2,3],\"templateName\":\"市场部\",\"templateType\":\"KPI\"}', '{\"msg\":\"操作成功\",\"code\":200}', 0, NULL, '2025-11-25 16:22:24', 8);
INSERT INTO `sys_oper_log` VALUES (203, '绩效模板', 1, 'com.ruoyi.web.controller.perf.PerfTemplateController.add()', 'POST', 1, 'admin', '研发部门', '/perf/template', '127.0.0.1', '内网IP', '{\"deptId\":105,\"postIds\":[2,4],\"templateName\":\"测试部\",\"templateType\":\"COMPETENCY\"}', '{\"msg\":\"操作成功\",\"code\":200}', 0, NULL, '2025-11-25 16:23:26', 37);
INSERT INTO `sys_oper_log` VALUES (204, '绩效模板', 1, 'com.ruoyi.web.controller.perf.PerfTemplateController.add()', 'POST', 1, 'admin', '研发部门', '/perf/template', '127.0.0.1', '内网IP', '{\"deptId\":105,\"postIds\":[2,4],\"status\":\"0\",\"templateName\":\"测试部\",\"templateType\":\"COMPETENCY\"}', '{\"msg\":\"操作成功\",\"code\":200}', 0, NULL, '2025-11-25 17:04:49', 30);
INSERT INTO `sys_oper_log` VALUES (205, '绩效模板', 1, 'com.ruoyi.web.controller.perf.PerfTemplateController.add()', 'POST', 1, 'admin', '研发部门', '/perf/template', '127.0.0.1', '内网IP', '{\"deptId\":105,\"postIds\":[2,4],\"status\":\"0\",\"templateName\":\"测试部\",\"templateType\":\"COMPETENCY\"}', '{\"msg\":\"操作成功\",\"code\":200}', 0, NULL, '2025-11-25 17:19:42', 27);
INSERT INTO `sys_oper_log` VALUES (206, '绩效模板', 2, 'com.ruoyi.web.controller.perf.PerfTemplateController.edit()', 'PUT', 1, 'admin', '研发部门', '/perf/template', '127.0.0.1', '内网IP', '{\"deptId\":105,\"id\":104,\"postIds\":[2,4],\"status\":\"0\",\"templateName\":\"测试部\",\"templateType\":\"COMPETENCY\"}', '{\"msg\":\"操作成功\",\"code\":200}', 0, NULL, '2025-11-25 17:22:57', 22);
INSERT INTO `sys_oper_log` VALUES (207, '绩效模板', 3, 'com.ruoyi.web.controller.perf.PerfTemplateController.remove()', 'DELETE', 1, 'admin', '研发部门', '/perf/template/103', '127.0.0.1', '内网IP', '[103]', '{\"msg\":\"操作成功\",\"code\":200}', 0, NULL, '2025-11-25 17:25:40', 21);
INSERT INTO `sys_oper_log` VALUES (208, '绩效模板', 2, 'com.ruoyi.web.controller.perf.PerfTemplateController.edit()', 'PUT', 1, 'admin', '研发部门', '/perf/template', '127.0.0.1', '内网IP', '{\"deptId\":100,\"id\":1,\"postIds\":[2,3],\"status\":\"0\",\"templateName\":\"技术研发部绩效模板\",\"templateType\":\"OKR\"}', '{\"msg\":\"操作成功\",\"code\":200}', 0, NULL, '2025-11-25 18:20:05', 21);
INSERT INTO `sys_oper_log` VALUES (209, '绩效模板', 2, 'com.ruoyi.web.controller.perf.PerfTemplateController.edit()', 'PUT', 1, 'admin', '研发部门', '/perf/template', '127.0.0.1', '内网IP', '{\"deptId\":105,\"id\":104,\"postIds\":[4,1],\"status\":\"0\",\"templateName\":\"测试部\",\"templateType\":\"COMPETENCY\"}', '{\"msg\":\"操作成功\",\"code\":200}', 0, NULL, '2025-11-25 18:20:13', 9);
INSERT INTO `sys_oper_log` VALUES (210, '绩效模板', 2, 'com.ruoyi.web.controller.perf.PerfTemplateController.edit()', 'PUT', 1, 'admin', '研发部门', '/perf/template', '127.0.0.1', '内网IP', '{\"deptId\":100,\"id\":1,\"postIds\":[2,3,1],\"status\":\"0\",\"templateName\":\"技术研发部绩效模板\",\"templateType\":\"OKR\"}', '{\"msg\":\"操作成功\",\"code\":200}', 0, NULL, '2025-11-25 18:20:19', 7);
INSERT INTO `sys_oper_log` VALUES (211, '绩效模板', 2, 'com.ruoyi.web.controller.perf.PerfTemplateController.edit()', 'PUT', 1, 'admin', '研发部门', '/perf/template', '127.0.0.1', '内网IP', '{\"deptId\":100,\"id\":1,\"postIds\":[2,3,1],\"status\":\"1\",\"templateName\":\"技术研发部绩效模板\",\"templateType\":\"OKR\"}', '{\"msg\":\"操作成功\",\"code\":200}', 0, NULL, '2025-11-25 18:30:30', 6);
INSERT INTO `sys_oper_log` VALUES (212, '绩效模板', 5, 'com.ruoyi.web.controller.perf.PerfTemplateController.export()', 'POST', 1, 'admin', '研发部门', '/perf/template/export', '127.0.0.1', '内网IP', '{\"pageSize\":\"10\",\"pageNum\":\"1\"}', NULL, 0, NULL, '2025-11-25 18:36:15', 533);
INSERT INTO `sys_oper_log` VALUES (213, '绩效模板', 2, 'com.ruoyi.web.controller.perf.PerfTemplateController.edit()', 'PUT', 1, 'admin', '研发部门', '/perf/template', '127.0.0.1', '内网IP', '{\"deptId\":105,\"id\":102,\"postIds\":[2,4],\"status\":\"0\",\"templateName\":\"测试部\",\"templateType\":\"COMPETENCY\"}', '{\"msg\":\"操作成功\",\"code\":200}', 0, NULL, '2025-11-25 18:37:15', 21);
INSERT INTO `sys_oper_log` VALUES (214, '模板指标', 1, 'com.ruoyi.web.controller.perf.PerfTemplateItemController.add()', 'POST', 1, 'admin', '研发部门', '/perf/templateItem', '127.0.0.1', '内网IP', '{\"createTime\":\"2025-11-26 14:53:18\",\"itemName\":\"运营产品质量\",\"itemType\":\"KEY_RESULT\",\"maxScore\":10,\"minScore\":1,\"params\":{},\"parentId\":101,\"templateId\":101,\"weight\":50}', NULL, 1, 'nested exception is org.apache.ibatis.executor.ExecutorException: Error getting generated key or setting result to parameter object. Cause: org.apache.ibatis.executor.ExecutorException: No setter found for the keyProperty \'itemId\' in \'com.ruoyi.perf.domain.PerfTemplateItem\'.', '2025-11-26 14:53:18', 27);
INSERT INTO `sys_oper_log` VALUES (215, '模板指标', 1, 'com.ruoyi.web.controller.perf.PerfTemplateItemController.add()', 'POST', 1, 'admin', '研发部门', '/perf/templateItem', '127.0.0.1', '内网IP', '{\"createTime\":\"2025-11-26 14:56:40\",\"itemName\":\"11\",\"itemType\":\"OBJECTIVE\",\"maxScore\":2,\"minScore\":2,\"params\":{},\"parentId\":101,\"scoreStandard\":\"111\",\"templateId\":100,\"weight\":2}', NULL, 1, 'nested exception is org.apache.ibatis.executor.ExecutorException: Error getting generated key or setting result to parameter object. Cause: org.apache.ibatis.executor.ExecutorException: No setter found for the keyProperty \'itemId\' in \'com.ruoyi.perf.domain.PerfTemplateItem\'.', '2025-11-26 14:56:40', 7);
INSERT INTO `sys_oper_log` VALUES (216, '模板指标', 1, 'com.ruoyi.web.controller.perf.PerfTemplateItemController.add()', 'POST', 1, 'admin', '研发部门', '/perf/templateItem', '127.0.0.1', '内网IP', '{\"createTime\":\"2025-11-26 14:56:57\",\"itemName\":\"11\",\"itemType\":\"OBJECTIVE\",\"maxScore\":2,\"minScore\":2,\"params\":{},\"parentId\":101,\"scoreStandard\":\"111\",\"templateId\":100,\"weight\":2}', NULL, 1, 'nested exception is org.apache.ibatis.executor.ExecutorException: Error getting generated key or setting result to parameter object. Cause: org.apache.ibatis.executor.ExecutorException: No setter found for the keyProperty \'itemId\' in \'com.ruoyi.perf.domain.PerfTemplateItem\'.', '2025-11-26 14:56:57', 7);
INSERT INTO `sys_oper_log` VALUES (217, '模板指标', 1, 'com.ruoyi.web.controller.perf.PerfTemplateItemController.add()', 'POST', 1, 'admin', '研发部门', '/perf/templateItem', '127.0.0.1', '内网IP', '{\"itemName\":\"11\",\"itemType\":\"OBJECTIVE\",\"maxScore\":2,\"minScore\":2,\"params\":{},\"parentId\":101,\"scoreStandard\":\"111\",\"templateId\":100,\"weight\":2}', '{\"msg\":\"操作成功\",\"code\":200}', 0, NULL, '2025-11-26 15:20:41', 30);
INSERT INTO `sys_oper_log` VALUES (218, '模板指标', 2, 'com.ruoyi.web.controller.perf.PerfTemplateItemController.edit()', 'PUT', 1, 'admin', '研发部门', '/perf/templateItem', '127.0.0.1', '内网IP', '{\"createBy\":\"\",\"id\":101,\"itemName\":\"产品质量提升\",\"itemType\":\"OBJECTIVE\",\"maxScore\":5,\"minScore\":1,\"params\":{},\"parentId\":106,\"scoreStandard\":\"代码质量、测试覆盖、线上稳定性\",\"sortOrder\":1,\"templateId\":100,\"updateBy\":\"\",\"weight\":40}', '{\"msg\":\"操作成功\",\"code\":200}', 0, NULL, '2025-11-26 15:21:02', 15);
INSERT INTO `sys_oper_log` VALUES (219, '模板指标', 2, 'com.ruoyi.web.controller.perf.PerfTemplateItemController.edit()', 'PUT', 1, 'admin', '研发部门', '/perf/templateItem', '127.0.0.1', '内网IP', '{\"createBy\":\"\",\"id\":102,\"itemName\":\"代码Review通过率\",\"itemType\":\"KEY_RESULT\",\"maxScore\":10,\"minScore\":1,\"params\":{},\"parentId\":101,\"scoreStandard\":\"95%以上:5分, 90-95%:4分, 85-90%:3分, 80-85%:2分, 低于80%:1分\",\"sortOrder\":1,\"templateId\":1,\"updateBy\":\"\",\"weight\":10}', '{\"msg\":\"操作成功\",\"code\":200}', 0, NULL, '2025-11-26 15:21:07', 10);
INSERT INTO `sys_oper_log` VALUES (220, '模板指标', 2, 'com.ruoyi.web.controller.perf.PerfTemplateItemController.edit()', 'PUT', 1, 'admin', '研发部门', '/perf/templateItem', '127.0.0.1', '内网IP', '{\"createBy\":\"\",\"id\":102,\"itemName\":\"代码Review通过率\",\"itemType\":\"KEY_RESULT\",\"maxScore\":10,\"minScore\":1,\"params\":{},\"parentId\":110,\"scoreStandard\":\"95%以上:5分, 90-95%:4分, 85-90%:3分, 80-85%:2分, 低于80%:1分\",\"sortOrder\":1,\"templateId\":101,\"updateBy\":\"1\",\"updateTime\":\"2025-11-26 15:21:08\",\"weight\":10}', '{\"msg\":\"操作成功\",\"code\":200}', 0, NULL, '2025-11-26 15:21:16', 9);
INSERT INTO `sys_oper_log` VALUES (221, '模板指标', 2, 'com.ruoyi.web.controller.perf.PerfTemplateItemController.edit()', 'PUT', 1, 'admin', '研发部门', '/perf/templateItem', '127.0.0.1', '内网IP', '{\"createBy\":\"\",\"id\":103,\"itemName\":\"单元测试覆盖率\",\"itemType\":\"KEY_RESULT\",\"maxScore\":10,\"minScore\":1,\"params\":{},\"parentId\":106,\"scoreStandard\":\"85%以上:5分, 80-85%:4分, 75-80%:3分, 70-75%:2分, 低于70%:1分\",\"sortOrder\":2,\"templateId\":104,\"updateBy\":\"\",\"weight\":10}', '{\"msg\":\"操作成功\",\"code\":200}', 0, NULL, '2025-11-26 15:21:51', 7);
INSERT INTO `sys_oper_log` VALUES (222, '模板指标', 2, 'com.ruoyi.web.controller.perf.PerfTemplateItemController.edit()', 'PUT', 1, 'admin', '研发部门', '/perf/templateItem', '127.0.0.1', '内网IP', '{\"createBy\":\"\",\"id\":102,\"itemName\":\"代码Review通过率\",\"itemType\":\"KEY_RESULT\",\"maxScore\":10,\"minScore\":1,\"params\":{},\"scoreStandard\":\"95%以上:5分, 90-95%:4分, 85-90%:3分, 80-85%:2分, 低于80%:1分\",\"sortOrder\":1,\"templateId\":101,\"updateBy\":\"1\",\"updateTime\":\"2025-11-26 15:21:17\",\"weight\":10}', '{\"msg\":\"操作成功\",\"code\":200}', 0, NULL, '2025-11-26 15:23:16', 6);
INSERT INTO `sys_oper_log` VALUES (223, '模板指标', 2, 'com.ruoyi.web.controller.perf.PerfTemplateItemController.edit()', 'PUT', 1, 'admin', '研发部门', '/perf/templateItem', '127.0.0.1', '内网IP', '{\"createBy\":\"\",\"id\":101,\"itemName\":\"产品质量提升\",\"itemType\":\"OBJECTIVE\",\"maxScore\":5,\"minScore\":1,\"params\":{},\"scoreStandard\":\"代码质量、测试覆盖、线上稳定性\",\"sortOrder\":1,\"templateId\":100,\"updateBy\":\"1\",\"updateTime\":\"2025-11-26 15:21:02\",\"weight\":40}', '{\"msg\":\"操作成功\",\"code\":200}', 0, NULL, '2025-11-26 15:23:39', 6);
INSERT INTO `sys_oper_log` VALUES (224, '模板指标', 2, 'com.ruoyi.web.controller.perf.PerfTemplateItemController.edit()', 'PUT', 1, 'admin', '研发部门', '/perf/templateItem', '127.0.0.1', '内网IP', '{\"createBy\":\"\",\"id\":101,\"itemName\":\"产品质量提升\",\"itemType\":\"OBJECTIVE\",\"maxScore\":5,\"minScore\":1,\"params\":{},\"parentId\":106,\"scoreStandard\":\"代码质量、测试覆盖、线上稳定性\",\"sortOrder\":1,\"templateId\":100,\"updateBy\":\"1\",\"updateTime\":\"2025-11-26 15:23:40\",\"weight\":40}', '{\"msg\":\"操作成功\",\"code\":200}', 0, NULL, '2025-11-26 15:24:15', 10);
INSERT INTO `sys_oper_log` VALUES (225, '模板指标', 2, 'com.ruoyi.web.controller.perf.PerfTemplateItemController.edit()', 'PUT', 1, 'admin', '研发部门', '/perf/templateItem', '127.0.0.1', '内网IP', '{\"createBy\":\"\",\"id\":101,\"itemName\":\"产品质量提升\",\"itemType\":\"OBJECTIVE\",\"maxScore\":5,\"minScore\":1,\"params\":{},\"scoreStandard\":\"代码质量、测试覆盖、线上稳定性\",\"sortOrder\":1,\"templateId\":100,\"updateBy\":\"1\",\"updateTime\":\"2025-11-26 15:24:16\",\"weight\":40}', '{\"msg\":\"操作成功\",\"code\":200}', 0, NULL, '2025-11-26 15:24:24', 8);
INSERT INTO `sys_oper_log` VALUES (226, '模板指标', 1, 'com.ruoyi.web.controller.perf.PerfTemplateItemController.add()', 'POST', 1, 'admin', '研发部门', '/perf/templateItem', '127.0.0.1', '内网IP', '{\"itemName\":\"测试\",\"itemType\":\"OBJECTIVE\",\"maxScore\":1,\"minScore\":1,\"params\":{},\"templateId\":100,\"weight\":1}', '{\"msg\":\"操作成功\",\"code\":200}', 0, NULL, '2025-11-26 15:25:45', 7);
INSERT INTO `sys_oper_log` VALUES (227, '模板指标', 2, 'com.ruoyi.web.controller.perf.PerfTemplateItemController.edit()', 'PUT', 1, 'admin', '研发部门', '/perf/templateItem', '127.0.0.1', '内网IP', '{\"createBy\":\"\",\"id\":101,\"itemName\":\"产品质量提升\",\"itemType\":\"OBJECTIVE\",\"maxScore\":5,\"minScore\":1,\"params\":{},\"scoreStandard\":\"代码质量、测试覆盖、线上稳定性\",\"sortOrder\":1,\"templateId\":100,\"updateBy\":\"1\",\"updateTime\":\"2025-11-26 15:24:24\",\"weight\":40}', '{\"msg\":\"操作成功\",\"code\":200}', 0, NULL, '2025-11-26 15:38:33', 25);
INSERT INTO `sys_oper_log` VALUES (228, '模板指标', 2, 'com.ruoyi.web.controller.perf.PerfTemplateItemController.edit()', 'PUT', 1, 'admin', '研发部门', '/perf/templateItem', '127.0.0.1', '内网IP', '{\"createBy\":\"\",\"id\":101,\"itemName\":\"产品质量提升\",\"itemType\":\"OBJECTIVE\",\"maxScore\":5,\"minScore\":1,\"params\":{},\"parentId\":118,\"scoreStandard\":\"代码质量、测试覆盖、线上稳定性\",\"sortOrder\":1,\"templateId\":100,\"updateBy\":\"1\",\"updateTime\":\"2025-11-26 15:38:33\",\"weight\":40}', '{\"msg\":\"操作成功\",\"code\":200}', 0, NULL, '2025-11-26 15:38:39', 8);
INSERT INTO `sys_oper_log` VALUES (229, '模板指标', 2, 'com.ruoyi.web.controller.perf.PerfTemplateItemController.edit()', 'PUT', 1, 'admin', '研发部门', '/perf/templateItem', '127.0.0.1', '内网IP', '{\"createBy\":\"\",\"id\":101,\"itemName\":\"产品质量提升\",\"itemType\":\"OBJECTIVE\",\"maxScore\":5,\"minScore\":1,\"params\":{},\"scoreStandard\":\"代码质量、测试覆盖、线上稳定性\",\"sortOrder\":1,\"templateId\":100,\"updateBy\":\"1\",\"updateTime\":\"2025-11-26 15:38:39\",\"weight\":40}', '{\"msg\":\"操作成功\",\"code\":200}', 0, NULL, '2025-11-26 15:38:42', 9);
INSERT INTO `sys_oper_log` VALUES (230, '绩效周期', 1, 'com.ruoyi.web.controller.perf.PerfPeriodController.add()', 'POST', 1, 'admin', '研发部门', '/perf/period', '127.0.0.1', '内网IP', '{\"createTime\":\"2025-11-26 15:39:13\",\"params\":{},\"periodName\":\"2025年10月\",\"periodType\":\"QUARTER\",\"scoreDeadline\":\"2025-11-28\",\"status\":\"0\",\"submitDeadline\":\"2025-11-26\"}', NULL, 1, 'nested exception is org.apache.ibatis.reflection.ReflectionException: There is no getter for property named \'delFlag\' in \'class com.ruoyi.perf.domain.PerfPeriod\'', '2025-11-26 15:39:13', 9);
INSERT INTO `sys_oper_log` VALUES (231, '绩效周期', 1, 'com.ruoyi.web.controller.perf.PerfPeriodController.add()', 'POST', 1, 'admin', '研发部门', '/perf/period', '127.0.0.1', '内网IP', '{\"createTime\":\"2025-11-26 15:40:06\",\"params\":{},\"periodName\":\"d\",\"periodType\":\"MONTH\",\"scoreDeadline\":\"2025-11-28\",\"status\":\"0\",\"submitDeadline\":\"2025-11-11\"}', NULL, 1, 'nested exception is org.apache.ibatis.reflection.ReflectionException: There is no getter for property named \'delFlag\' in \'class com.ruoyi.perf.domain.PerfPeriod\'', '2025-11-26 15:40:06', 1);
INSERT INTO `sys_oper_log` VALUES (232, '绩效周期', 1, 'com.ruoyi.web.controller.perf.PerfPeriodController.add()', 'POST', 1, 'admin', '研发部门', '/perf/period', '127.0.0.1', '内网IP', '{\"createTime\":\"2025-11-26 15:40:14\",\"params\":{},\"periodName\":\"d\",\"periodType\":\"MONTH\",\"scoreDeadline\":\"2025-11-28\",\"status\":\"0\",\"submitDeadline\":\"2025-11-11\"}', NULL, 1, 'nested exception is org.apache.ibatis.reflection.ReflectionException: There is no getter for property named \'delFlag\' in \'class com.ruoyi.perf.domain.PerfPeriod\'', '2025-11-26 15:40:14', 2);
INSERT INTO `sys_oper_log` VALUES (233, '绩效周期', 1, 'com.ruoyi.web.controller.perf.PerfPeriodController.add()', 'POST', 1, 'admin', '研发部门', '/perf/period', '127.0.0.1', '内网IP', '{\"createBy\":\"1\",\"createTime\":\"2025-11-26 15:42:10\",\"params\":{},\"periodId\":113,\"periodName\":\"d\",\"periodType\":\"MONTH\",\"scoreDeadline\":\"2025-11-28\",\"status\":\"0\",\"submitDeadline\":\"2025-11-11\"}', '{\"msg\":\"操作成功\",\"code\":200}', 0, NULL, '2025-11-26 15:42:10', 24);
INSERT INTO `sys_oper_log` VALUES (234, '绩效周期', 2, 'com.ruoyi.web.controller.perf.PerfPeriodController.edit()', 'PUT', 1, 'admin', '研发部门', '/perf/period', '127.0.0.1', '内网IP', '{\"createBy\":\"1\",\"createTime\":\"2025-11-26 15:42:11\",\"params\":{},\"periodId\":113,\"periodName\":\"d\",\"periodType\":\"MONTH\",\"scoreDeadline\":\"2025-11-28\",\"status\":\"1\",\"submitDeadline\":\"2025-11-11\",\"updateBy\":\"\",\"updateTime\":\"2025-11-26 15:42:24\"}', NULL, 1, 'nested exception is org.apache.ibatis.reflection.ReflectionException: There is no getter for property named \'delFlag\' in \'class com.ruoyi.perf.domain.PerfPeriod\'', '2025-11-26 15:42:24', 5);
INSERT INTO `sys_oper_log` VALUES (235, '绩效周期', 2, 'com.ruoyi.web.controller.perf.PerfPeriodController.edit()', 'PUT', 1, 'admin', '研发部门', '/perf/period', '127.0.0.1', '内网IP', '{\"createBy\":\"1\",\"createTime\":\"2025-11-26 15:42:11\",\"params\":{},\"periodId\":113,\"periodName\":\"d\",\"periodType\":\"MONTH\",\"scoreDeadline\":\"2025-11-28\",\"status\":\"1\",\"submitDeadline\":\"2025-11-11\",\"updateBy\":\"1\",\"updateTime\":\"2025-11-26 15:43:04\"}', '{\"msg\":\"操作成功\",\"code\":200}', 0, NULL, '2025-11-26 15:43:04', 21);
INSERT INTO `sys_oper_log` VALUES (236, '模板指标', 3, 'com.ruoyi.web.controller.perf.PerfTemplateItemController.remove()', 'DELETE', 1, 'admin', '研发部门', '/perf/templateItem/117', '127.0.0.1', '内网IP', '[117]', '{\"msg\":\"操作成功\",\"code\":200}', 0, NULL, '2025-11-26 15:53:33', 18);
INSERT INTO `sys_oper_log` VALUES (237, '绩效模板', 3, 'com.ruoyi.web.controller.perf.PerfTemplateController.remove()', 'DELETE', 1, 'admin', '研发部门', '/perf/template/100', '127.0.0.1', '内网IP', '[100]', '{\"msg\":\"操作成功\",\"code\":200}', 0, NULL, '2025-11-26 15:54:59', 20);
INSERT INTO `sys_oper_log` VALUES (238, '模板指标', 3, 'com.ruoyi.web.controller.perf.PerfTemplateItemController.remove()', 'DELETE', 1, 'admin', '研发部门', '/perf/templateItem/116', '127.0.0.1', '内网IP', '[116]', '{\"msg\":\"操作成功\",\"code\":200}', 0, NULL, '2025-11-26 15:55:04', 5);
INSERT INTO `sys_oper_log` VALUES (239, '模板指标', 3, 'com.ruoyi.web.controller.perf.PerfTemplateItemController.remove()', 'DELETE', 1, 'admin', '研发部门', '/perf/templateItem/115', '127.0.0.1', '内网IP', '[115]', '{\"msg\":\"操作成功\",\"code\":200}', 0, NULL, '2025-11-26 15:55:06', 5);
INSERT INTO `sys_oper_log` VALUES (240, '模板指标', 2, 'com.ruoyi.web.controller.perf.PerfTemplateItemController.edit()', 'PUT', 1, 'admin', '研发部门', '/perf/templateItem', '127.0.0.1', '内网IP', '{\"createBy\":\"\",\"createTime\":\"2025-11-26 14:56:57\",\"id\":116,\"itemName\":\"11\",\"itemType\":\"OBJECTIVE\",\"maxScore\":2,\"minScore\":2,\"params\":{},\"scoreStandard\":\"111\",\"sortOrder\":0,\"templateId\":101,\"updateBy\":\"\",\"weight\":2}', '{\"msg\":\"操作成功\",\"code\":200}', 0, NULL, '2025-11-26 15:55:39', 22);
INSERT INTO `sys_oper_log` VALUES (241, '模板指标', 3, 'com.ruoyi.web.controller.perf.PerfTemplateItemController.remove()', 'DELETE', 1, 'admin', '研发部门', '/perf/templateItem/116', '127.0.0.1', '内网IP', '[116]', '{\"msg\":\"操作成功\",\"code\":200}', 0, NULL, '2025-11-26 15:55:49', 4);
INSERT INTO `sys_oper_log` VALUES (242, '模板指标', 1, 'com.ruoyi.web.controller.perf.PerfTemplateItemController.copyTemplateItem()', 'POST', 1, 'admin', '研发部门', '/perf/templateItem/copyTemplateItem/118', '127.0.0.1', '内网IP', '118', NULL, 0, NULL, '2025-11-26 16:19:11', 7);
INSERT INTO `sys_oper_log` VALUES (243, '模板指标', 1, 'com.ruoyi.web.controller.perf.PerfTemplateItemController.copyTemplateItem()', 'POST', 1, 'admin', '研发部门', '/perf/templateItem/copyTemplateItem/118', '127.0.0.1', '内网IP', '118', '{\"msg\":\"操作成功\",\"code\":200,\"data\":1}', 0, NULL, '2025-11-26 16:20:31', 27);
INSERT INTO `sys_oper_log` VALUES (244, '模板指标', 1, 'com.ruoyi.web.controller.perf.PerfTemplateItemController.copyTemplateItem()', 'POST', 1, 'admin', '研发部门', '/perf/templateItem/copyTemplateItem/104', '127.0.0.1', '内网IP', '104', '{\"msg\":\"操作成功\",\"code\":200,\"data\":1}', 0, NULL, '2025-11-26 16:20:39', 10);
INSERT INTO `sys_oper_log` VALUES (245, '模板指标', 2, 'com.ruoyi.web.controller.perf.PerfTemplateItemController.edit()', 'PUT', 1, 'admin', '研发部门', '/perf/templateItem', '127.0.0.1', '内网IP', '{\"createBy\":\"1\",\"createTime\":\"2025-11-26 16:20:39\",\"id\":120,\"itemName\":\"线上缺陷数量\",\"itemType\":\"COMPETENCY\",\"maxScore\":5,\"minScore\":1,\"params\":{},\"parentId\":101,\"scoreStandard\":\"无严重缺陷:5分, 1-2个:4分, 3-4个:3分, 5-6个:2分, 超过6个:1分\",\"sortOrder\":3,\"templateId\":101,\"updateBy\":\"\",\"weight\":10}', '{\"msg\":\"操作成功\",\"code\":200}', 0, NULL, '2025-11-26 17:31:17', 22);
INSERT INTO `sys_oper_log` VALUES (246, '模板指标', 2, 'com.ruoyi.web.controller.perf.PerfTemplateItemController.edit()', 'PUT', 1, 'admin', '研发部门', '/perf/templateItem', '127.0.0.1', '内网IP', '{\"createBy\":\"1\",\"createTime\":\"2025-11-26 16:20:31\",\"id\":119,\"itemName\":\"测试\",\"itemType\":\"OBJECTIVE\",\"maxScore\":1,\"minScore\":1,\"params\":{},\"sortOrder\":0,\"templateId\":101,\"updateBy\":\"\",\"weight\":1}', '{\"msg\":\"操作成功\",\"code\":200}', 0, NULL, '2025-11-26 17:31:26', 9);
INSERT INTO `sys_oper_log` VALUES (247, '代码生成', 3, 'com.ruoyi.generator.controller.GenController.remove()', 'DELETE', 1, 'admin', '研发部门', '/tool/gen/11', '127.0.0.1', '内网IP', '[11]', '{\"msg\":\"操作成功\",\"code\":200}', 0, NULL, '2025-11-26 17:50:40', 36);
INSERT INTO `sys_oper_log` VALUES (248, '代码生成', 3, 'com.ruoyi.generator.controller.GenController.remove()', 'DELETE', 1, 'admin', '研发部门', '/tool/gen/12', '127.0.0.1', '内网IP', '[12]', '{\"msg\":\"操作成功\",\"code\":200}', 0, NULL, '2025-11-26 17:50:43', 12);
INSERT INTO `sys_oper_log` VALUES (249, '代码生成', 6, 'com.ruoyi.generator.controller.GenController.importTableSave()', 'POST', 1, 'admin', '研发部门', '/tool/gen/importTable', '127.0.0.1', '内网IP', '{\"tables\":\"perf_workflow_config,perf_interview,perf_appeal,perf_score_flow,perf_performance,perf_performance_content\"}', '{\"msg\":\"操作成功\",\"code\":200}', 0, NULL, '2025-11-26 17:51:00', 202);
INSERT INTO `sys_oper_log` VALUES (250, '代码生成', 2, 'com.ruoyi.generator.controller.GenController.editSave()', 'PUT', 1, 'admin', '研发部门', '/tool/gen', '127.0.0.1', '内网IP', '{\"businessName\":\"flowConfig\",\"className\":\"PerfWorkflowConfig\",\"columns\":[{\"capJavaField\":\"Id\",\"columnComment\":\"配置ID\",\"columnId\":272,\"columnName\":\"id\",\"columnType\":\"bigint(20)\",\"createBy\":\"admin\",\"createTime\":\"2025-11-26 17:51:00\",\"dictType\":\"\",\"edit\":false,\"htmlType\":\"input\",\"increment\":true,\"insert\":true,\"isIncrement\":\"1\",\"isInsert\":\"1\",\"isPk\":\"1\",\"isRequired\":\"0\",\"javaField\":\"id\",\"javaType\":\"Long\",\"list\":false,\"params\":{},\"pk\":true,\"query\":false,\"queryType\":\"EQ\",\"required\":false,\"sort\":1,\"superColumn\":false,\"tableId\":20,\"updateBy\":\"\",\"usableColumn\":false},{\"capJavaField\":\"ConfigName\",\"columnComment\":\"配置名称\",\"columnId\":273,\"columnName\":\"config_name\",\"columnType\":\"varchar(100)\",\"createBy\":\"admin\",\"createTime\":\"2025-11-26 17:51:00\",\"dictType\":\"\",\"edit\":true,\"htmlType\":\"input\",\"increment\":false,\"insert\":true,\"isEdit\":\"1\",\"isIncrement\":\"0\",\"isInsert\":\"1\",\"isList\":\"1\",\"isPk\":\"0\",\"isQuery\":\"1\",\"isRequired\":\"1\",\"javaField\":\"configName\",\"javaType\":\"String\",\"list\":true,\"params\":{},\"pk\":false,\"query\":true,\"queryType\":\"LIKE\",\"required\":true,\"sort\":2,\"superColumn\":false,\"tableId\":20,\"updateBy\":\"\",\"usableColumn\":false},{\"capJavaField\":\"TemplateId\",\"columnComment\":\"模板ID\",\"columnId\":274,\"columnName\":\"template_id\",\"columnType\":\"bigint(20)\",\"createBy\":\"admin\",\"createTime\":\"2025-11-26 17:51:00\",\"dictType\":\"\",\"edit\":true,\"htmlType\":\"input\",\"increment\":false,\"insert\":true,\"isEdit\":\"1\",\"isIncrement\":\"0\",\"isInsert\":\"1\",\"isList\":\"1\",\"isPk\":\"0\",\"isQuery\":\"1\",\"isRequired\":\"1\",\"javaField\":\"templateId\",\"javaType\":\"Long\",\"list\":true,\"params\":{},\"pk\":false,\"query\":true,\"queryType\":\"EQ\",\"required\":true,\"sort\":3,\"superColumn\":false,\"tableId\":20,\"updateBy\":\"\",\"usableColumn\":false},{\"capJavaField\":\"DeptId\",\"columnComment\":\"适用部门ID\",\"columnId\":275,\"columnName\":\"dept_id\",\"columnType\":\"bigint(20)\",\"createBy\":\"admin\",\"createTime\":\"2025-11-26 17:51:00\",\"dictType\":\"\",\"edit\":true,\"htmlType\":\"input\",\"increment\":false,\"insert\":true,\"isEdit\":\"1\",\"isIncrement\":\"0\",\"isInsert\":\"1\",\"isList\":\"1\",\"isPk\":\"0\",\"isQuer', '{\"msg\":\"操作成功\",\"code\":200}', 0, NULL, '2025-11-26 17:52:45', 42);
INSERT INTO `sys_oper_log` VALUES (251, '代码生成', 2, 'com.ruoyi.generator.controller.GenController.editSave()', 'PUT', 1, 'admin', '研发部门', '/tool/gen', '127.0.0.1', '内网IP', '{\"businessName\":\"scoreFlow\",\"className\":\"PerfScoreFlow\",\"columns\":[{\"capJavaField\":\"Id\",\"columnComment\":\"流程ID\",\"columnId\":259,\"columnName\":\"id\",\"columnType\":\"bigint(20)\",\"createBy\":\"admin\",\"createTime\":\"2025-11-26 17:51:00\",\"dictType\":\"\",\"edit\":false,\"htmlType\":\"input\",\"increment\":true,\"insert\":true,\"isIncrement\":\"1\",\"isInsert\":\"1\",\"isPk\":\"1\",\"isRequired\":\"0\",\"javaField\":\"id\",\"javaType\":\"Long\",\"list\":false,\"params\":{},\"pk\":true,\"query\":false,\"queryType\":\"EQ\",\"required\":false,\"sort\":1,\"superColumn\":false,\"tableId\":19,\"updateBy\":\"\",\"usableColumn\":false},{\"capJavaField\":\"PerformanceId\",\"columnComment\":\"绩效ID\",\"columnId\":260,\"columnName\":\"performance_id\",\"columnType\":\"bigint(20)\",\"createBy\":\"admin\",\"createTime\":\"2025-11-26 17:51:00\",\"dictType\":\"\",\"edit\":true,\"htmlType\":\"input\",\"increment\":false,\"insert\":true,\"isEdit\":\"1\",\"isIncrement\":\"0\",\"isInsert\":\"1\",\"isList\":\"1\",\"isPk\":\"0\",\"isQuery\":\"1\",\"isRequired\":\"1\",\"javaField\":\"performanceId\",\"javaType\":\"Long\",\"list\":true,\"params\":{},\"pk\":false,\"query\":true,\"queryType\":\"EQ\",\"required\":true,\"sort\":2,\"superColumn\":false,\"tableId\":19,\"updateBy\":\"\",\"usableColumn\":false},{\"capJavaField\":\"Step\",\"columnComment\":\"步骤序号\",\"columnId\":261,\"columnName\":\"step\",\"columnType\":\"int(11)\",\"createBy\":\"admin\",\"createTime\":\"2025-11-26 17:51:00\",\"dictType\":\"\",\"edit\":true,\"htmlType\":\"input\",\"increment\":false,\"insert\":true,\"isEdit\":\"1\",\"isIncrement\":\"0\",\"isInsert\":\"1\",\"isList\":\"1\",\"isPk\":\"0\",\"isQuery\":\"1\",\"isRequired\":\"1\",\"javaField\":\"step\",\"javaType\":\"Long\",\"list\":true,\"params\":{},\"pk\":false,\"query\":true,\"queryType\":\"EQ\",\"required\":true,\"sort\":3,\"superColumn\":false,\"tableId\":19,\"updateBy\":\"\",\"usableColumn\":false},{\"capJavaField\":\"StepName\",\"columnComment\":\"步骤名称\",\"columnId\":262,\"columnName\":\"step_name\",\"columnType\":\"varchar(100)\",\"createBy\":\"admin\",\"createTime\":\"2025-11-26 17:51:00\",\"dictType\":\"\",\"edit\":true,\"htmlType\":\"input\",\"increment\":false,\"insert\":true,\"isEdit\":\"1\",\"isIncrement\":\"0\",\"isInsert\":\"1\",\"isList\":\"1\",\"isPk\":\"0\",\"isQuery\":\"1\",\"isRequired\":\"', '{\"msg\":\"操作成功\",\"code\":200}', 0, NULL, '2025-11-26 17:53:39', 32);
INSERT INTO `sys_oper_log` VALUES (252, '代码生成', 2, 'com.ruoyi.generator.controller.GenController.editSave()', 'PUT', 1, 'admin', '研发部门', '/tool/gen', '127.0.0.1', '内网IP', '{\"businessName\":\"content\",\"className\":\"PerfPerformanceContent\",\"columns\":[{\"capJavaField\":\"Id\",\"columnComment\":\"内容ID\",\"columnId\":244,\"columnName\":\"id\",\"columnType\":\"bigint(20)\",\"createBy\":\"admin\",\"createTime\":\"2025-11-26 17:51:00\",\"dictType\":\"\",\"edit\":false,\"htmlType\":\"input\",\"increment\":true,\"insert\":true,\"isIncrement\":\"1\",\"isInsert\":\"1\",\"isPk\":\"1\",\"isRequired\":\"0\",\"javaField\":\"id\",\"javaType\":\"Long\",\"list\":false,\"params\":{},\"pk\":true,\"query\":false,\"queryType\":\"EQ\",\"required\":false,\"sort\":1,\"superColumn\":false,\"tableId\":18,\"updateBy\":\"\",\"usableColumn\":false},{\"capJavaField\":\"PerformanceId\",\"columnComment\":\"绩效ID\",\"columnId\":245,\"columnName\":\"performance_id\",\"columnType\":\"bigint(20)\",\"createBy\":\"admin\",\"createTime\":\"2025-11-26 17:51:00\",\"dictType\":\"\",\"edit\":true,\"htmlType\":\"input\",\"increment\":false,\"insert\":true,\"isEdit\":\"1\",\"isIncrement\":\"0\",\"isInsert\":\"1\",\"isList\":\"1\",\"isPk\":\"0\",\"isQuery\":\"1\",\"isRequired\":\"1\",\"javaField\":\"performanceId\",\"javaType\":\"Long\",\"list\":true,\"params\":{},\"pk\":false,\"query\":true,\"queryType\":\"EQ\",\"required\":true,\"sort\":2,\"superColumn\":false,\"tableId\":18,\"updateBy\":\"\",\"usableColumn\":false},{\"capJavaField\":\"ItemId\",\"columnComment\":\"指标项ID\",\"columnId\":246,\"columnName\":\"item_id\",\"columnType\":\"bigint(20)\",\"createBy\":\"admin\",\"createTime\":\"2025-11-26 17:51:00\",\"dictType\":\"\",\"edit\":true,\"htmlType\":\"input\",\"increment\":false,\"insert\":true,\"isEdit\":\"1\",\"isIncrement\":\"0\",\"isInsert\":\"1\",\"isList\":\"1\",\"isPk\":\"0\",\"isQuery\":\"1\",\"isRequired\":\"1\",\"javaField\":\"itemId\",\"javaType\":\"Long\",\"list\":true,\"params\":{},\"pk\":false,\"query\":true,\"queryType\":\"EQ\",\"required\":true,\"sort\":3,\"superColumn\":false,\"tableId\":18,\"updateBy\":\"\",\"usableColumn\":false},{\"capJavaField\":\"SelfTarget\",\"columnComment\":\"自评目标\",\"columnId\":247,\"columnName\":\"self_target\",\"columnType\":\"text\",\"createBy\":\"admin\",\"createTime\":\"2025-11-26 17:51:00\",\"dictType\":\"\",\"edit\":true,\"htmlType\":\"textarea\",\"increment\":false,\"insert\":true,\"isEdit\":\"1\",\"isIncrement\":\"0\",\"isInsert\":\"1\",\"isList\":\"1\",\"isPk\":\"0\",\"isQuery\":\"', '{\"msg\":\"操作成功\",\"code\":200}', 0, NULL, '2025-11-26 17:54:11', 35);
INSERT INTO `sys_oper_log` VALUES (253, '代码生成', 2, 'com.ruoyi.generator.controller.GenController.editSave()', 'PUT', 1, 'admin', '研发部门', '/tool/gen', '127.0.0.1', '内网IP', '{\"businessName\":\"performance\",\"className\":\"PerfPerformance\",\"columns\":[{\"capJavaField\":\"Id\",\"columnComment\":\"绩效ID\",\"columnId\":226,\"columnName\":\"id\",\"columnType\":\"bigint(20)\",\"createBy\":\"admin\",\"createTime\":\"2025-11-26 17:51:00\",\"dictType\":\"\",\"edit\":false,\"htmlType\":\"input\",\"increment\":true,\"insert\":true,\"isIncrement\":\"1\",\"isInsert\":\"1\",\"isPk\":\"1\",\"isRequired\":\"0\",\"javaField\":\"id\",\"javaType\":\"Long\",\"list\":false,\"params\":{},\"pk\":true,\"query\":false,\"queryType\":\"EQ\",\"required\":false,\"sort\":1,\"superColumn\":false,\"tableId\":17,\"updateBy\":\"\",\"usableColumn\":false},{\"capJavaField\":\"PerformanceNo\",\"columnComment\":\"绩效编号\",\"columnId\":227,\"columnName\":\"performance_no\",\"columnType\":\"varchar(50)\",\"createBy\":\"admin\",\"createTime\":\"2025-11-26 17:51:00\",\"dictType\":\"\",\"edit\":true,\"htmlType\":\"input\",\"increment\":false,\"insert\":true,\"isEdit\":\"1\",\"isIncrement\":\"0\",\"isInsert\":\"1\",\"isList\":\"1\",\"isPk\":\"0\",\"isQuery\":\"1\",\"isRequired\":\"1\",\"javaField\":\"performanceNo\",\"javaType\":\"String\",\"list\":true,\"params\":{},\"pk\":false,\"query\":true,\"queryType\":\"EQ\",\"required\":true,\"sort\":2,\"superColumn\":false,\"tableId\":17,\"updateBy\":\"\",\"usableColumn\":false},{\"capJavaField\":\"PeriodId\",\"columnComment\":\"绩效周期ID\",\"columnId\":228,\"columnName\":\"period_id\",\"columnType\":\"bigint(20)\",\"createBy\":\"admin\",\"createTime\":\"2025-11-26 17:51:00\",\"dictType\":\"\",\"edit\":true,\"htmlType\":\"input\",\"increment\":false,\"insert\":true,\"isEdit\":\"1\",\"isIncrement\":\"0\",\"isInsert\":\"1\",\"isList\":\"1\",\"isPk\":\"0\",\"isQuery\":\"1\",\"isRequired\":\"1\",\"javaField\":\"periodId\",\"javaType\":\"Long\",\"list\":true,\"params\":{},\"pk\":false,\"query\":true,\"queryType\":\"EQ\",\"required\":true,\"sort\":3,\"superColumn\":false,\"tableId\":17,\"updateBy\":\"\",\"usableColumn\":false},{\"capJavaField\":\"TemplateId\",\"columnComment\":\"模板ID\",\"columnId\":229,\"columnName\":\"template_id\",\"columnType\":\"bigint(20)\",\"createBy\":\"admin\",\"createTime\":\"2025-11-26 17:51:00\",\"dictType\":\"\",\"edit\":true,\"htmlType\":\"input\",\"increment\":false,\"insert\":true,\"isEdit\":\"1\",\"isIncrement\":\"0\",\"isInsert\":\"1\",\"isList\":\"1\",\"isPk\":\"0\",\"', '{\"msg\":\"操作成功\",\"code\":200}', 0, NULL, '2025-11-26 17:54:54', 38);
INSERT INTO `sys_oper_log` VALUES (254, '代码生成', 2, 'com.ruoyi.generator.controller.GenController.editSave()', 'PUT', 1, 'admin', '研发部门', '/tool/gen', '127.0.0.1', '内网IP', '{\"businessName\":\"interview\",\"className\":\"PerfInterview\",\"columns\":[{\"capJavaField\":\"Id\",\"columnComment\":\"面谈ID\",\"columnId\":213,\"columnName\":\"id\",\"columnType\":\"bigint(20)\",\"createBy\":\"admin\",\"createTime\":\"2025-11-26 17:51:00\",\"dictType\":\"\",\"edit\":false,\"htmlType\":\"input\",\"increment\":true,\"insert\":true,\"isIncrement\":\"1\",\"isInsert\":\"1\",\"isPk\":\"1\",\"isRequired\":\"0\",\"javaField\":\"id\",\"javaType\":\"Long\",\"list\":false,\"params\":{},\"pk\":true,\"query\":false,\"queryType\":\"EQ\",\"required\":false,\"sort\":1,\"superColumn\":false,\"tableId\":16,\"updateBy\":\"\",\"usableColumn\":false},{\"capJavaField\":\"PerformanceId\",\"columnComment\":\"绩效ID\",\"columnId\":214,\"columnName\":\"performance_id\",\"columnType\":\"bigint(20)\",\"createBy\":\"admin\",\"createTime\":\"2025-11-26 17:51:00\",\"dictType\":\"\",\"edit\":true,\"htmlType\":\"input\",\"increment\":false,\"insert\":true,\"isEdit\":\"1\",\"isIncrement\":\"0\",\"isInsert\":\"1\",\"isList\":\"1\",\"isPk\":\"0\",\"isQuery\":\"1\",\"isRequired\":\"1\",\"javaField\":\"performanceId\",\"javaType\":\"Long\",\"list\":true,\"params\":{},\"pk\":false,\"query\":true,\"queryType\":\"EQ\",\"required\":true,\"sort\":2,\"superColumn\":false,\"tableId\":16,\"updateBy\":\"\",\"usableColumn\":false},{\"capJavaField\":\"InterviewerId\",\"columnComment\":\"面谈人ID\",\"columnId\":215,\"columnName\":\"interviewer_id\",\"columnType\":\"bigint(20)\",\"createBy\":\"admin\",\"createTime\":\"2025-11-26 17:51:00\",\"dictType\":\"\",\"edit\":true,\"htmlType\":\"input\",\"increment\":false,\"insert\":true,\"isEdit\":\"1\",\"isIncrement\":\"0\",\"isInsert\":\"1\",\"isList\":\"1\",\"isPk\":\"0\",\"isQuery\":\"1\",\"isRequired\":\"1\",\"javaField\":\"interviewerId\",\"javaType\":\"Long\",\"list\":true,\"params\":{},\"pk\":false,\"query\":true,\"queryType\":\"EQ\",\"required\":true,\"sort\":3,\"superColumn\":false,\"tableId\":16,\"updateBy\":\"\",\"usableColumn\":false},{\"capJavaField\":\"IntervieweeId\",\"columnComment\":\"被面谈人ID\",\"columnId\":216,\"columnName\":\"interviewee_id\",\"columnType\":\"bigint(20)\",\"createBy\":\"admin\",\"createTime\":\"2025-11-26 17:51:00\",\"dictType\":\"\",\"edit\":true,\"htmlType\":\"input\",\"increment\":false,\"insert\":true,\"isEdit\":\"1\",\"isIncrement\":\"0\",\"isInsert\":\"1\",\"isList\":\"', '{\"msg\":\"操作成功\",\"code\":200}', 0, NULL, '2025-11-26 17:55:20', 28);
INSERT INTO `sys_oper_log` VALUES (255, '代码生成', 2, 'com.ruoyi.generator.controller.GenController.editSave()', 'PUT', 1, 'admin', '研发部门', '/tool/gen', '127.0.0.1', '内网IP', '{\"businessName\":\"appeal\",\"className\":\"PerfAppeal\",\"columns\":[{\"capJavaField\":\"Id\",\"columnComment\":\"申诉ID\",\"columnId\":200,\"columnName\":\"id\",\"columnType\":\"bigint(20)\",\"createBy\":\"admin\",\"createTime\":\"2025-11-26 17:51:00\",\"dictType\":\"\",\"edit\":false,\"htmlType\":\"input\",\"increment\":true,\"insert\":true,\"isIncrement\":\"1\",\"isInsert\":\"1\",\"isPk\":\"1\",\"isRequired\":\"0\",\"javaField\":\"id\",\"javaType\":\"Long\",\"list\":false,\"params\":{},\"pk\":true,\"query\":false,\"queryType\":\"EQ\",\"required\":false,\"sort\":1,\"superColumn\":false,\"tableId\":15,\"updateBy\":\"\",\"usableColumn\":false},{\"capJavaField\":\"PerformanceId\",\"columnComment\":\"绩效ID\",\"columnId\":201,\"columnName\":\"performance_id\",\"columnType\":\"bigint(20)\",\"createBy\":\"admin\",\"createTime\":\"2025-11-26 17:51:00\",\"dictType\":\"\",\"edit\":true,\"htmlType\":\"input\",\"increment\":false,\"insert\":true,\"isEdit\":\"1\",\"isIncrement\":\"0\",\"isInsert\":\"1\",\"isList\":\"1\",\"isPk\":\"0\",\"isQuery\":\"1\",\"isRequired\":\"1\",\"javaField\":\"performanceId\",\"javaType\":\"Long\",\"list\":true,\"params\":{},\"pk\":false,\"query\":true,\"queryType\":\"EQ\",\"required\":true,\"sort\":2,\"superColumn\":false,\"tableId\":15,\"updateBy\":\"\",\"usableColumn\":false},{\"capJavaField\":\"AppealReason\",\"columnComment\":\"申诉理由\",\"columnId\":202,\"columnName\":\"appeal_reason\",\"columnType\":\"text\",\"createBy\":\"admin\",\"createTime\":\"2025-11-26 17:51:00\",\"dictType\":\"\",\"edit\":true,\"htmlType\":\"textarea\",\"increment\":false,\"insert\":true,\"isEdit\":\"1\",\"isIncrement\":\"0\",\"isInsert\":\"1\",\"isList\":\"1\",\"isPk\":\"0\",\"isQuery\":\"1\",\"isRequired\":\"1\",\"javaField\":\"appealReason\",\"javaType\":\"String\",\"list\":true,\"params\":{},\"pk\":false,\"query\":true,\"queryType\":\"EQ\",\"required\":true,\"sort\":3,\"superColumn\":false,\"tableId\":15,\"updateBy\":\"\",\"usableColumn\":false},{\"capJavaField\":\"AppealStatus\",\"columnComment\":\"申诉状态(PENDING:待处理, PROCESSING:处理中, RESOLVED:已处理, REJECTED:已驳回)\",\"columnId\":203,\"columnName\":\"appeal_status\",\"columnType\":\"varchar(20)\",\"createBy\":\"admin\",\"createTime\":\"2025-11-26 17:51:00\",\"dictType\":\"\",\"edit\":true,\"htmlType\":\"radio\",\"increment\":false,\"insert\":true,\"isEdit\":\"1\",', '{\"msg\":\"操作成功\",\"code\":200}', 0, NULL, '2025-11-26 17:55:40', 27);
INSERT INTO `sys_oper_log` VALUES (256, '代码生成', 8, 'com.ruoyi.generator.controller.GenController.batchGenCode()', 'GET', 1, 'admin', '研发部门', '/tool/gen/batchGenCode', '127.0.0.1', '内网IP', '{\"tables\":\"perf_appeal,perf_interview,perf_performance,perf_performance_content,perf_score_flow,perf_workflow_config\"}', NULL, 0, NULL, '2025-11-26 17:59:35', 625);
INSERT INTO `sys_oper_log` VALUES (257, '菜单管理', 2, 'com.ruoyi.web.controller.system.SysMenuController.edit()', 'PUT', 1, 'admin', '研发部门', '/system/menu', '127.0.0.1', '内网IP', '{\"children\":[],\"component\":\"perf/interview/index\",\"createTime\":\"2025-11-26 18:31:07\",\"icon\":\"#\",\"isCache\":\"0\",\"isFrame\":\"1\",\"menuId\":2091,\"menuName\":\"绩效面谈\",\"menuType\":\"C\",\"orderNum\":1,\"params\":{},\"parentId\":2000,\"path\":\"interview\",\"perms\":\"perf:interview:list\",\"routeName\":\"\",\"status\":\"0\",\"updateBy\":\"admin\",\"visible\":\"0\"}', '{\"msg\":\"操作成功\",\"code\":200}', 0, NULL, '2025-11-26 20:03:57', 21);
INSERT INTO `sys_oper_log` VALUES (258, '菜单管理', 2, 'com.ruoyi.web.controller.system.SysMenuController.edit()', 'PUT', 1, 'admin', '研发部门', '/system/menu', '127.0.0.1', '内网IP', '{\"children\":[],\"component\":\"perf/performance/index\",\"createTime\":\"2025-11-26 18:30:50\",\"icon\":\"form\",\"isCache\":\"0\",\"isFrame\":\"1\",\"menuId\":2073,\"menuName\":\"绩效实例\",\"menuType\":\"C\",\"orderNum\":1,\"params\":{},\"parentId\":2000,\"path\":\"performance\",\"perms\":\"perf:performance:list\",\"routeName\":\"\",\"status\":\"0\",\"updateBy\":\"admin\",\"visible\":\"0\"}', '{\"msg\":\"操作成功\",\"code\":200}', 0, NULL, '2025-11-27 14:18:22', 10);
INSERT INTO `sys_oper_log` VALUES (259, '菜单管理', 2, 'com.ruoyi.web.controller.system.SysMenuController.edit()', 'PUT', 1, 'admin', '研发部门', '/system/menu', '127.0.0.1', '内网IP', '{\"children\":[],\"component\":\"perf/content/index\",\"createTime\":\"2025-11-26 18:30:55\",\"icon\":\"log\",\"isCache\":\"0\",\"isFrame\":\"1\",\"menuId\":2079,\"menuName\":\"绩效内容\",\"menuType\":\"C\",\"orderNum\":1,\"params\":{},\"parentId\":2000,\"path\":\"content\",\"perms\":\"perf:content:list\",\"routeName\":\"\",\"status\":\"0\",\"updateBy\":\"admin\",\"visible\":\"0\"}', '{\"msg\":\"操作成功\",\"code\":200}', 0, NULL, '2025-11-27 14:18:33', 10);
INSERT INTO `sys_oper_log` VALUES (260, '绩效实例', 1, 'com.ruoyi.web.controller.perf.PerfPerformanceController.add()', 'POST', 1, 'admin', '研发部门', '/perf/performance', '127.0.0.1', '内网IP', '{\"createTime\":\"2025-11-27 15:54:38\",\"deptId\":105,\"params\":{},\"periodId\":112,\"templateId\":101,\"userId\":2}', NULL, 1, '\r\n### Error updating database.  Cause: java.sql.SQLException: Field \'performance_no\' doesn\'t have a default value\r\n### The error may exist in file [D:\\AAliuchanghua\\dgls_project\\ry-perf-apex\\ruoyi-system\\target\\classes\\mapper\\perf\\PerfPerformanceMapper.xml]\r\n### The error may involve com.ruoyi.perf.mapper.PerfPerformanceMapper.insertPerfPerformance-Inline\r\n### The error occurred while setting parameters\r\n### SQL: insert into perf_performance          ( period_id,             template_id,             user_id,             dept_id,                                                                                                                                  create_time )           values ( ?,             ?,             ?,             ?,                                                                                                                                  ? )\r\n### Cause: java.sql.SQLException: Field \'performance_no\' doesn\'t have a default value\n; Field \'performance_no\' doesn\'t have a default value; nested exception is java.sql.SQLException: Field \'performance_no\' doesn\'t have a default value', '2025-11-27 15:54:38', 54);
INSERT INTO `sys_oper_log` VALUES (261, '绩效实例', 1, 'com.ruoyi.web.controller.perf.PerfPerformanceController.add()', 'POST', 1, 'admin', '研发部门', '/perf/performance', '127.0.0.1', '内网IP', '{\"currentStep\":0,\"deptId\":103,\"performanceNo\":\"PERF-dcafc961-39e4-43e6-861d-09e8d6d8347e\",\"periodId\":112,\"status\":\"PENDING_SUBMISSION\",\"templateId\":102,\"userId\":1}', '{\"msg\":\"操作成功\",\"code\":200}', 0, NULL, '2025-11-27 16:42:06', 21);
INSERT INTO `sys_oper_log` VALUES (262, '绩效实例', 1, 'com.ruoyi.web.controller.perf.PerfPerformanceController.add()', 'POST', 1, 'admin', '研发部门', '/perf/performance', '127.0.0.1', '内网IP', '{\"currentStep\":0,\"deptId\":103,\"performanceNo\":\"PERF202511271645517531\",\"periodId\":112,\"status\":\"PENDING_SUBMISSION\",\"templateId\":101,\"userId\":100}', '{\"msg\":\"操作成功\",\"code\":200}', 0, NULL, '2025-11-27 16:45:51', 36);
INSERT INTO `sys_oper_log` VALUES (263, '绩效实例', 2, 'com.ruoyi.web.controller.perf.PerfPerformanceController.edit()', 'PUT', 1, 'admin', '研发部门', '/perf/performance', '127.0.0.1', '内网IP', '{\"currentStep\":2,\"deptId\":103,\"id\":1001,\"performanceNo\":\"PERF-2024Q1-1001\",\"periodId\":202401,\"status\":\"PENDING_SCORE\",\"templateId\":102,\"userId\":100}', NULL, 1, '\r\n### Error querying database.  Cause: java.sql.SQLSyntaxErrorException: Unknown column \'remark\' in \'field list\'\r\n### The error may exist in com/ruoyi/perf/mapper/PerfPerformanceMapper.java (best guess)\r\n### The error may involve defaultParameterMap\r\n### The error occurred while setting parameters\r\n### SQL: SELECT id,performance_no,period_id,template_id,user_id,dept_id,self_score,final_score,current_step,status,reject_reason,submit_time,confirm_time,del_flag,create_by,create_time,update_by,update_time,remark FROM perf_performance WHERE id=?  AND del_flag=\'0\'\r\n### Cause: java.sql.SQLSyntaxErrorException: Unknown column \'remark\' in \'field list\'\n; bad SQL grammar []; nested exception is java.sql.SQLSyntaxErrorException: Unknown column \'remark\' in \'field list\'', '2025-11-27 16:52:54', 43);
INSERT INTO `sys_oper_log` VALUES (264, '绩效实例', 2, 'com.ruoyi.web.controller.perf.PerfPerformanceController.edit()', 'PUT', 1, 'admin', '研发部门', '/perf/performance', '127.0.0.1', '内网IP', '{\"currentStep\":2,\"deptId\":103,\"id\":1001,\"performanceNo\":\"PERF-2024Q1-1001\",\"periodId\":202401,\"status\":\"PENDING_SCORE\",\"templateId\":102,\"userId\":100}', '{\"msg\":\"操作成功\",\"code\":200}', 0, NULL, '2025-11-27 16:54:39', 31);
INSERT INTO `sys_oper_log` VALUES (265, '绩效实例', 2, 'com.ruoyi.web.controller.perf.PerfPerformanceController.edit()', 'PUT', 1, 'admin', '研发部门', '/perf/performance', '127.0.0.1', '内网IP', '{\"currentStep\":0,\"deptId\":105,\"id\":1003,\"performanceNo\":\"PERF202511271645517531\",\"periodId\":112,\"status\":\"PENDING_SUBMISSION\",\"templateId\":101,\"userId\":2}', '{\"msg\":\"操作成功\",\"code\":200}', 0, NULL, '2025-11-27 17:24:06', 27);
INSERT INTO `sys_oper_log` VALUES (266, '绩效实例', 3, 'com.ruoyi.web.controller.perf.PerfPerformanceController.remove()', 'DELETE', 1, 'admin', '研发部门', '/perf/performance/1003,1001', '127.0.0.1', '内网IP', '[1003,1001]', '{\"msg\":\"操作成功\",\"code\":200}', 0, NULL, '2025-11-27 18:34:01', 19);
INSERT INTO `sys_oper_log` VALUES (267, '绩效实例', 1, 'com.ruoyi.web.controller.perf.PerfPerformanceController.add()', 'POST', 1, 'admin', '研发部门', '/perf/performance', '127.0.0.1', '内网IP', '{\"currentStep\":0,\"deptId\":103,\"performanceNo\":\"PERF202511281527124058\",\"periodId\":110,\"status\":\"PENDING_SUBMISSION\",\"templateId\":101,\"userId\":1}', '{\"msg\":\"操作成功\",\"code\":200}', 0, NULL, '2025-11-28 15:27:12', 56);
INSERT INTO `sys_oper_log` VALUES (268, '绩效模板', 1, 'com.ruoyi.web.controller.perf.PerfTemplateController.add()', 'POST', 1, 'admin', '研发部门', '/perf/template', '127.0.0.1', '内网IP', '{\"deptId\":106,\"postIds\":[4],\"status\":\"0\",\"templateName\":\"新人模版\",\"templateType\":\"OKR\"}', '{\"msg\":\"操作成功\",\"code\":200}', 0, NULL, '2025-11-28 15:29:09', 10);
INSERT INTO `sys_oper_log` VALUES (269, '绩效实例', 1, 'com.ruoyi.web.controller.perf.PerfPerformanceController.add()', 'POST', 1, 'admin', '研发部门', '/perf/performance', '127.0.0.1', '内网IP', '{\"currentStep\":0,\"deptId\":103,\"performanceNo\":\"PERF202511281529303237\",\"periodId\":110,\"status\":\"PENDING_SUBMISSION\",\"templateId\":105,\"userId\":1}', NULL, 1, '该模版没有指标', '2025-11-28 15:29:30', 12);
INSERT INTO `sys_oper_log` VALUES (270, '绩效实例', 1, 'com.ruoyi.web.controller.perf.PerfPerformanceController.add()', 'POST', 1, 'admin', '研发部门', '/perf/performance', '127.0.0.1', '内网IP', '{\"currentStep\":0,\"deptId\":103,\"performanceNo\":\"PERF202511281529375024\",\"periodId\":110,\"status\":\"PENDING_SUBMISSION\",\"templateId\":105,\"userId\":1}', NULL, 1, '该模版没有指标', '2025-11-28 15:29:37', 12);
INSERT INTO `sys_oper_log` VALUES (271, '菜单管理', 1, 'com.ruoyi.web.controller.system.SysMenuController.add()', 'POST', 1, 'admin', '研发部门', '/system/menu', '127.0.0.1', '内网IP', '{\"children\":[],\"createBy\":\"admin\",\"icon\":\"user\",\"isCache\":\"0\",\"isFrame\":\"1\",\"menuName\":\"我的绩效\",\"menuType\":\"M\",\"orderNum\":5,\"params\":{},\"parentId\":0,\"path\":\"myPerf\",\"status\":\"0\",\"visible\":\"0\"}', '{\"msg\":\"操作成功\",\"code\":200}', 0, NULL, '2025-11-28 16:33:41', 16);
INSERT INTO `sys_oper_log` VALUES (272, '菜单管理', 1, 'com.ruoyi.web.controller.system.SysMenuController.add()', 'POST', 1, 'admin', '研发部门', '/system/menu', '127.0.0.1', '内网IP', '{\"children\":[],\"createBy\":\"admin\",\"icon\":\"log\",\"isCache\":\"0\",\"isFrame\":\"1\",\"menuName\":\"绩效内容\",\"menuType\":\"M\",\"orderNum\":1,\"params\":{},\"parentId\":2109,\"path\":\"myPerf/myPerformance/index\",\"status\":\"0\",\"visible\":\"0\"}', '{\"msg\":\"操作成功\",\"code\":200}', 0, NULL, '2025-11-28 16:38:27', 6);
INSERT INTO `sys_oper_log` VALUES (273, '菜单管理', 2, 'com.ruoyi.web.controller.system.SysMenuController.edit()', 'PUT', 1, 'admin', '研发部门', '/system/menu', '127.0.0.1', '内网IP', '{\"children\":[],\"createTime\":\"2025-11-28 16:38:27\",\"icon\":\"log\",\"isCache\":\"0\",\"isFrame\":\"1\",\"menuId\":2110,\"menuName\":\"绩效内容\",\"menuType\":\"M\",\"orderNum\":1,\"params\":{},\"parentId\":2109,\"path\":\"myPerf/performance/index\",\"perms\":\"\",\"routeName\":\"\",\"status\":\"0\",\"updateBy\":\"admin\",\"visible\":\"0\"}', '{\"msg\":\"操作成功\",\"code\":200}', 0, NULL, '2025-11-28 16:39:48', 9);
INSERT INTO `sys_oper_log` VALUES (274, '菜单管理', 2, 'com.ruoyi.web.controller.system.SysMenuController.edit()', 'PUT', 1, 'admin', '研发部门', '/system/menu', '127.0.0.1', '内网IP', '{\"children\":[],\"createTime\":\"2025-11-28 16:38:27\",\"icon\":\"log\",\"isCache\":\"0\",\"isFrame\":\"1\",\"menuId\":2110,\"menuName\":\"绩效内容\",\"menuType\":\"M\",\"orderNum\":1,\"params\":{},\"parentId\":2109,\"path\":\"myPerf/performance/index\",\"perms\":\"\",\"routeName\":\"\",\"status\":\"0\",\"updateBy\":\"admin\",\"visible\":\"0\"}', '{\"msg\":\"操作成功\",\"code\":200}', 0, NULL, '2025-11-28 16:40:27', 11);
INSERT INTO `sys_oper_log` VALUES (275, '菜单管理', 2, 'com.ruoyi.web.controller.system.SysMenuController.edit()', 'PUT', 1, 'admin', '研发部门', '/system/menu', '127.0.0.1', '内网IP', '{\"children\":[],\"component\":\"myPerf/performance/index\",\"createTime\":\"2025-11-28 16:38:27\",\"icon\":\"log\",\"isCache\":\"0\",\"isFrame\":\"1\",\"menuId\":2110,\"menuName\":\"绩效内容\",\"menuType\":\"C\",\"orderNum\":1,\"params\":{},\"parentId\":2109,\"path\":\"myperformance\",\"perms\":\"\",\"routeName\":\"\",\"status\":\"0\",\"updateBy\":\"admin\",\"visible\":\"0\"}', '{\"msg\":\"操作成功\",\"code\":200}', 0, NULL, '2025-11-28 16:42:08', 9);
INSERT INTO `sys_oper_log` VALUES (276, '菜单管理', 2, 'com.ruoyi.web.controller.system.SysMenuController.edit()', 'PUT', 1, 'admin', '研发部门', '/system/menu', '127.0.0.1', '内网IP', '{\"children\":[],\"component\":\"myPerf/performance/index\",\"createTime\":\"2025-11-28 16:38:27\",\"icon\":\"log\",\"isCache\":\"0\",\"isFrame\":\"1\",\"menuId\":2110,\"menuName\":\"绩效内容\",\"menuType\":\"C\",\"orderNum\":1,\"params\":{},\"parentId\":2109,\"path\":\"myperformance\",\"perms\":\"\",\"routeName\":\"\",\"status\":\"0\",\"updateBy\":\"admin\",\"visible\":\"0\"}', '{\"msg\":\"操作成功\",\"code\":200}', 0, NULL, '2025-11-28 16:43:02', 8);
INSERT INTO `sys_oper_log` VALUES (277, '绩效实例', 2, 'com.ruoyi.web.controller.perf.PerfPerformanceController.edit()', 'PUT', 1, 'admin', '研发部门', '/perf/performance', '127.0.0.1', '内网IP', '{\"currentStep\":0,\"deptId\":105,\"id\":1003,\"performanceNo\":\"PERF202511271645517531\",\"periodId\":110,\"status\":\"PENDING_SUBMISSION\",\"templateId\":101,\"userId\":1}', '{\"msg\":\"操作成功\",\"code\":200}', 0, NULL, '2025-11-28 17:36:14', 33);
INSERT INTO `sys_oper_log` VALUES (278, '绩效实例', 2, 'com.ruoyi.web.controller.perf.PerfPerformanceController.edit()', 'PUT', 1, 'admin', '研发部门', '/perf/performance', '127.0.0.1', '内网IP', '{\"currentStep\":0,\"deptId\":103,\"id\":1004,\"performanceNo\":\"PERF202511281527124058\",\"periodId\":110,\"status\":\"PENDING_SUBMISSION\",\"templateId\":102,\"userId\":1}', NULL, 1, '该模板没有指标', '2025-11-28 17:36:40', 22);
INSERT INTO `sys_oper_log` VALUES (279, '绩效实例', 2, 'com.ruoyi.web.controller.perf.PerfPerformanceController.edit()', 'PUT', 1, 'admin', '研发部门', '/perf/performance', '127.0.0.1', '内网IP', '{\"currentStep\":0,\"deptId\":103,\"id\":1004,\"performanceNo\":\"PERF202511281527124058\",\"periodId\":110,\"status\":\"PENDING_SUBMISSION\",\"templateId\":105,\"userId\":1}', NULL, 1, '该模板没有指标', '2025-11-28 17:36:46', 14);
INSERT INTO `sys_oper_log` VALUES (280, '绩效实例', 2, 'com.ruoyi.web.controller.perf.PerfPerformanceController.edit()', 'PUT', 1, 'admin', '研发部门', '/perf/performance', '127.0.0.1', '内网IP', '{\"currentStep\":0,\"deptId\":103,\"id\":1004,\"performanceNo\":\"PERF202511281527124058\",\"periodId\":110,\"status\":\"PENDING_SUBMISSION\",\"templateId\":104,\"userId\":1}', '{\"msg\":\"操作成功\",\"code\":200}', 0, NULL, '2025-11-28 17:36:49', 21);
INSERT INTO `sys_oper_log` VALUES (281, '绩效实例', 2, 'com.ruoyi.web.controller.perf.PerfPerformanceController.edit()', 'PUT', 1, 'admin', '研发部门', '/perf/performance', '127.0.0.1', '内网IP', '{\"currentStep\":0,\"deptId\":103,\"id\":1004,\"performanceNo\":\"PERF202511281527124058\",\"periodId\":110,\"status\":\"PENDING_SUBMISSION\",\"templateId\":101,\"userId\":100}', '{\"msg\":\"操作成功\",\"code\":200}', 0, NULL, '2025-11-28 17:37:25', 26);
INSERT INTO `sys_oper_log` VALUES (282, '绩效实例', 2, 'com.ruoyi.web.controller.perf.PerfPerformanceController.edit()', 'PUT', 1, 'admin', '研发部门', '/perf/performance', '127.0.0.1', '内网IP', '{\"currentStep\":0,\"deptId\":103,\"id\":1004,\"performanceNo\":\"PERF202511281527124058\",\"periodId\":110,\"status\":\"PENDING_SUBMISSION\",\"templateId\":104,\"userId\":100}', '{\"msg\":\"操作成功\",\"code\":200}', 0, NULL, '2025-11-28 17:40:14', 60);
INSERT INTO `sys_oper_log` VALUES (283, '绩效实例', 2, 'com.ruoyi.web.controller.perf.PerfPerformanceController.edit()', 'PUT', 1, 'admin', '研发部门', '/perf/performance', '127.0.0.1', '内网IP', '{\"currentStep\":0,\"deptId\":103,\"id\":1004,\"performanceNo\":\"PERF202511281527124058\",\"periodId\":110,\"status\":\"PENDING_SUBMISSION\",\"templateId\":101,\"userId\":100}', '{\"msg\":\"操作成功\",\"code\":200}', 0, NULL, '2025-11-28 17:40:24', 27);
INSERT INTO `sys_oper_log` VALUES (284, '绩效实例', 1, 'com.ruoyi.web.controller.perf.PerfPerformanceController.addMyPerformance()', 'POST', 1, 'admin', '研发部门', '/perf/performance/addMyPerformance', '127.0.0.1', '内网IP', '{\"currentStep\":0,\"deptId\":103,\"performanceNo\":\"PERF202511281817387244\",\"periodId\":112,\"status\":\"PENDING_SUBMISSION\",\"templateId\":101,\"userId\":1}', '{\"msg\":\"操作成功\",\"code\":200}', 0, NULL, '2025-11-28 18:17:38', 62);
INSERT INTO `sys_oper_log` VALUES (285, '绩效实例', 2, 'com.ruoyi.web.controller.perf.PerfPerformanceController.editMyPerformance()', 'PUT', 1, 'admin', '研发部门', '/perf/performance/editMyPerformance', '127.0.0.1', '内网IP', '{\"currentStep\":0,\"deptId\":103,\"id\":1007,\"performanceNo\":\"PERF202511281817387244\",\"periodId\":110,\"status\":\"PENDING_SUBMISSION\",\"templateId\":101,\"userId\":1}', '{\"msg\":\"操作成功\",\"code\":200}', 0, NULL, '2025-11-28 18:18:03', 12);
INSERT INTO `sys_oper_log` VALUES (286, '绩效实例', 2, 'com.ruoyi.web.controller.perf.PerfPerformanceController.editMyPerformance()', 'PUT', 1, 'admin', '研发部门', '/perf/performance/editMyPerformance', '127.0.0.1', '内网IP', '{\"currentStep\":0,\"deptId\":103,\"id\":1007,\"performanceNo\":\"PERF202511281817387244\",\"periodId\":110,\"status\":\"PENDING_SUBMISSION\",\"templateId\":104,\"userId\":1}', '{\"msg\":\"操作成功\",\"code\":200}', 0, NULL, '2025-11-28 18:18:28', 19);
INSERT INTO `sys_oper_log` VALUES (287, '模板指标', 3, 'com.ruoyi.web.controller.perf.PerfTemplateItemController.remove()', 'DELETE', 1, 'admin', '研发部门', '/perf/templateItem/119', '127.0.0.1', '内网IP', '[119]', '{\"msg\":\"操作成功\",\"code\":200}', 0, NULL, '2025-12-01 10:23:31', 15);
INSERT INTO `sys_oper_log` VALUES (288, '绩效模板', 1, 'com.ruoyi.web.controller.perf.PerfTemplateController.add()', 'POST', 1, 'admin', '研发部门', '/perf/template', '127.0.0.1', '内网IP', '{\"deptId\":103,\"postIds\":[4,2],\"status\":\"0\",\"templateName\":\"IT绩效模版\",\"templateType\":\"KPI\"}', '{\"msg\":\"操作成功\",\"code\":200}', 0, NULL, '2025-12-01 13:41:10', 16);
INSERT INTO `sys_oper_log` VALUES (289, '模板指标', 1, 'com.ruoyi.web.controller.perf.PerfTemplateItemController.add()', 'POST', 1, 'admin', '研发部门', '/perf/templateItem', '127.0.0.1', '内网IP', '{\"itemName\":\"代码质量\",\"itemType\":\"KEY_RESULT\",\"maxScore\":10,\"minScore\":1,\"params\":{},\"templateId\":106,\"weight\":40}', '{\"msg\":\"操作成功\",\"code\":200}', 0, NULL, '2025-12-01 13:43:26', 15);
INSERT INTO `sys_oper_log` VALUES (290, '模板指标', 1, 'com.ruoyi.web.controller.perf.PerfTemplateItemController.add()', 'POST', 1, 'admin', '研发部门', '/perf/templateItem', '127.0.0.1', '内网IP', '{\"itemName\":\"线上缺陷数量\",\"itemType\":\"KEY_RESULT\",\"maxScore\":10,\"minScore\":1,\"params\":{},\"parentId\":121,\"scoreStandard\":\"无严重缺陷:5分, 1-2个:4分, 3-4个:3分, 5-6个:2分, 超过6个:1分\",\"templateId\":106,\"weight\":10}', '{\"msg\":\"操作成功\",\"code\":200}', 0, NULL, '2025-12-01 13:44:00', 6);
INSERT INTO `sys_oper_log` VALUES (291, '绩效实例', 2, 'com.ruoyi.web.controller.perf.PerfPerformanceController.editMyPerformance()', 'PUT', 1, 'admin', '研发部门', '/perf/performance/editMyPerformance', '127.0.0.1', '内网IP', '{\"currentStep\":0,\"deptId\":103,\"id\":1007,\"performanceNo\":\"PERF202511281817387244\",\"periodId\":110,\"status\":\"PENDING_SUBMISSION\",\"templateId\":106,\"userId\":1}', '{\"msg\":\"操作成功\",\"code\":200}', 0, NULL, '2025-12-01 13:56:42', 57);
INSERT INTO `sys_oper_log` VALUES (292, '绩效内容', 2, 'com.ruoyi.web.controller.perf.PerfPerformanceContentController.editBatch()', 'PUT', 1, 'admin', '研发部门', '/perf/content/batch', '127.0.0.1', '内网IP', '[{\"id\":133,\"itemId\":104,\"params\":{},\"performanceId\":1007,\"selfComment\":\"很不错\",\"selfResult\":\"项目基本按时交付，功能完整\",\"selfScore\":5,\"selfTarget\":\"完成了代码规范整改\",\"updateTime\":\"2025-12-01 14:44:52\"},{\"id\":134,\"itemId\":105,\"params\":{},\"performanceId\":1007,\"selfResult\":\"帮助新同事熟悉项目，解决技术难题\",\"selfScore\":5,\"selfTarget\":\"完成了《微服务架构实践》分享\",\"updateTime\":\"2025-12-01 14:44:52\"},{\"id\":136,\"itemId\":122,\"params\":{},\"performanceId\":1007,\"selfComment\":\"成功将项目容器化部署\",\"selfResult\":\"成功将项目容器化部署\",\"selfScore\":9.5,\"selfTarget\":\"很好 的\",\"updateTime\":\"2025-12-01 14:44:52\"}]', '{\"msg\":\"操作成功\",\"code\":200}', 0, NULL, '2025-12-01 14:44:52', 31);
INSERT INTO `sys_oper_log` VALUES (293, '绩效内容', 2, 'com.ruoyi.web.controller.perf.PerfPerformanceContentController.editBatch()', 'PUT', 1, 'admin', '研发部门', '/perf/content/batch', '127.0.0.1', '内网IP', '[{\"id\":133,\"itemId\":104,\"params\":{},\"performanceId\":1007,\"selfComment\":\"很不错\",\"selfResult\":\"项目基本按时交付，功能完整\",\"selfScore\":5,\"selfTarget\":\"完成了代码规范整改\",\"updateTime\":\"2025-12-01 14:46:06\"},{\"id\":134,\"itemId\":105,\"params\":{},\"performanceId\":1007,\"selfResult\":\"帮助新同事熟悉项目，解决技术难题\",\"selfScore\":5,\"selfTarget\":\"完成了《微服务架构实践》分享\",\"updateTime\":\"2025-12-01 14:46:06\"},{\"id\":136,\"itemId\":122,\"params\":{},\"performanceId\":1007,\"selfComment\":\"成功将项目容器化部署\",\"selfResult\":\"成功将项目容器化部署\",\"selfScore\":9.5,\"selfTarget\":\"很好 的\",\"updateTime\":\"2025-12-01 14:46:06\"}]', '{\"msg\":\"操作成功\",\"code\":200}', 0, NULL, '2025-12-01 14:46:06', 14);
INSERT INTO `sys_oper_log` VALUES (294, '绩效实例', 2, 'com.ruoyi.web.controller.perf.PerfPerformanceController.edit()', 'PUT', 1, 'admin', '研发部门', '/perf/performance', '127.0.0.1', '内网IP', '{\"currentStep\":2,\"id\":1007,\"status\":\"PENDING_SCORE\"}', NULL, 1, '该模板没有指标', '2025-12-01 14:46:06', 67);
INSERT INTO `sys_oper_log` VALUES (295, '绩效内容', 2, 'com.ruoyi.web.controller.perf.PerfPerformanceContentController.editBatch()', 'PUT', 1, 'admin', '研发部门', '/perf/content/batch', '127.0.0.1', '内网IP', '[{\"id\":133,\"itemId\":104,\"params\":{},\"performanceId\":1007,\"selfComment\":\"很不错\",\"selfResult\":\"项目基本按时交付，功能完整\",\"selfScore\":5,\"selfTarget\":\"完成了代码规范整改\",\"updateTime\":\"2025-12-01 14:54:02\"},{\"id\":134,\"itemId\":105,\"params\":{},\"performanceId\":1007,\"selfResult\":\"帮助新同事熟悉项目，解决技术难题\",\"selfScore\":5,\"selfTarget\":\"完成了《微服务架构实践》分享\",\"updateTime\":\"2025-12-01 14:54:02\"},{\"id\":136,\"itemId\":122,\"params\":{},\"performanceId\":1007,\"selfComment\":\"成功将项目容器化部署\",\"selfResult\":\"成功将项目容器化部署\",\"selfScore\":9.5,\"selfTarget\":\"很好 的\",\"updateTime\":\"2025-12-01 14:54:02\"}]', '{\"msg\":\"操作成功\",\"code\":200}', 0, NULL, '2025-12-01 14:54:02', 16);
INSERT INTO `sys_oper_log` VALUES (296, '绩效内容', 2, 'com.ruoyi.web.controller.perf.PerfPerformanceContentController.editBatch()', 'PUT', 1, 'admin', '研发部门', '/perf/content/batch', '127.0.0.1', '内网IP', '[{\"id\":133,\"itemId\":104,\"params\":{},\"performanceId\":1007,\"selfComment\":\"很不错\",\"selfResult\":\"项目基本按时交付，功能完整\",\"selfScore\":5,\"selfTarget\":\"完成了代码规范整改\",\"updateBy\":\"1\",\"updateTime\":\"2025-12-01 14:58:23\"},{\"id\":134,\"itemId\":105,\"params\":{},\"performanceId\":1007,\"selfResult\":\"帮助新同事熟悉项目，解决技术难题\",\"selfScore\":5,\"selfTarget\":\"完成了《微服务架构实践》分享\",\"updateBy\":\"1\",\"updateTime\":\"2025-12-01 14:58:23\"},{\"id\":136,\"itemId\":122,\"params\":{},\"performanceId\":1007,\"selfComment\":\"成功将项目容器化部署\",\"selfResult\":\"成功将项目容器化部署\",\"selfScore\":9.5,\"selfTarget\":\"很好 的\",\"updateBy\":\"1\",\"updateTime\":\"2025-12-01 14:58:23\"}]', NULL, 1, '\r\n### Error updating database.  Cause: java.sql.SQLSyntaxErrorException: You have an error in your SQL syntax; check the manual that corresponds to your MySQL server version for the right syntax to use near \'update perf_performance_content\n       SET performance_id = 1007,\n        item_i\' at line 15\r\n### The error may exist in file [D:\\AAliuchanghua\\dgls_project\\ry-perf-apex\\ruoyi-system\\target\\classes\\mapper\\perf\\PerfPerformanceContentMapper.xml]\r\n### The error may involve com.ruoyi.perf.mapper.PerfPerformanceContentMapper.updateBatch-Inline\r\n### The error occurred while setting parameters\r\n### SQL: update perf_performance_content        SET performance_id = ?,         item_id = ?,         self_target = ?,         self_result = ?,         self_score = ?,         self_comment = ?,                                    update_by = ?,         update_time = ?        where id = ?      ;        update perf_performance_content        SET performance_id = ?,         item_id = ?,         self_target = ?,         self_result = ?,         self_score = ?,                                             update_by = ?,         update_time = ?        where id = ?      ;        update perf_performance_content        SET performance_id = ?,         item_id = ?,         self_target = ?,         self_result = ?,         self_score = ?,         self_comment = ?,                                    update_by = ?,         update_time = ?        where id = ?\r\n### Cause: java.sql.SQLSyntaxErrorException: You have an error in your SQL syntax; check the manual that corresponds to your MySQL server version for the right syntax to use near \'update perf_performance_content\n       SET performance_id = 1007,\n        item_i\' at line 15\n; bad SQL grammar []; nested exception is java.sql.SQLSyntaxErrorException: You have an error in your SQL syntax; check the manual that corresponds to your MySQL server version for the right syntax to use near \'update perf_performance_content\n       SET performance_id = 10', '2025-12-01 14:58:23', 76);
INSERT INTO `sys_oper_log` VALUES (297, '绩效内容', 2, 'com.ruoyi.web.controller.perf.PerfPerformanceContentController.editBatch()', 'PUT', 1, 'admin', '研发部门', '/perf/content/batch', '127.0.0.1', '内网IP', '[{\"id\":133,\"itemId\":104,\"params\":{},\"performanceId\":1007,\"selfComment\":\"很不错\",\"selfResult\":\"项目基本按时交付，功能完整\",\"selfScore\":5,\"selfTarget\":\"完成了代码规范整改\",\"updateBy\":\"1\",\"updateTime\":\"2025-12-01 14:58:41\"},{\"id\":134,\"itemId\":105,\"params\":{},\"performanceId\":1007,\"selfResult\":\"帮助新同事熟悉项目，解决技术难题\",\"selfScore\":5,\"selfTarget\":\"完成了《微服务架构实践》分享\",\"updateBy\":\"1\",\"updateTime\":\"2025-12-01 14:58:41\"},{\"id\":136,\"itemId\":122,\"params\":{},\"performanceId\":1007,\"selfComment\":\"成功将项目容器化部署\",\"selfResult\":\"成功将项目容器化部署\",\"selfScore\":9.5,\"selfTarget\":\"很好 的\",\"updateBy\":\"1\",\"updateTime\":\"2025-12-01 14:58:41\"}]', NULL, 1, '\r\n### Error updating database.  Cause: java.sql.SQLSyntaxErrorException: You have an error in your SQL syntax; check the manual that corresponds to your MySQL server version for the right syntax to use near \'update perf_performance_content\n       SET performance_id = 1007,\n        item_i\' at line 15\r\n### The error may exist in file [D:\\AAliuchanghua\\dgls_project\\ry-perf-apex\\ruoyi-system\\target\\classes\\mapper\\perf\\PerfPerformanceContentMapper.xml]\r\n### The error may involve com.ruoyi.perf.mapper.PerfPerformanceContentMapper.updateBatch-Inline\r\n### The error occurred while setting parameters\r\n### SQL: update perf_performance_content        SET performance_id = ?,         item_id = ?,         self_target = ?,         self_result = ?,         self_score = ?,         self_comment = ?,                                    update_by = ?,         update_time = ?        where id = ?      ;        update perf_performance_content        SET performance_id = ?,         item_id = ?,         self_target = ?,         self_result = ?,         self_score = ?,                                             update_by = ?,         update_time = ?        where id = ?      ;        update perf_performance_content        SET performance_id = ?,         item_id = ?,         self_target = ?,         self_result = ?,         self_score = ?,         self_comment = ?,                                    update_by = ?,         update_time = ?        where id = ?\r\n### Cause: java.sql.SQLSyntaxErrorException: You have an error in your SQL syntax; check the manual that corresponds to your MySQL server version for the right syntax to use near \'update perf_performance_content\n       SET performance_id = 1007,\n        item_i\' at line 15\n; bad SQL grammar []; nested exception is java.sql.SQLSyntaxErrorException: You have an error in your SQL syntax; check the manual that corresponds to your MySQL server version for the right syntax to use near \'update perf_performance_content\n       SET performance_id = 10', '2025-12-01 14:58:41', 7);
INSERT INTO `sys_oper_log` VALUES (298, '绩效内容', 2, 'com.ruoyi.web.controller.perf.PerfPerformanceContentController.editBatch()', 'PUT', 1, 'admin', '研发部门', '/perf/content/batch', '127.0.0.1', '内网IP', '[{\"id\":133,\"itemId\":104,\"params\":{},\"performanceId\":1007,\"selfComment\":\"很不错\",\"selfResult\":\"项目基本按时交付，功能完整\",\"selfScore\":5,\"selfTarget\":\"完成了代码规范整改\",\"updateTime\":\"2025-12-01 15:04:47\"},{\"id\":134,\"itemId\":105,\"params\":{},\"performanceId\":1007,\"selfResult\":\"帮助新同事熟悉项目，解决技术难题\",\"selfScore\":5,\"selfTarget\":\"完成了《微服务架构实践》分享\",\"updateTime\":\"2025-12-01 15:04:47\"},{\"id\":136,\"itemId\":122,\"params\":{},\"performanceId\":1007,\"selfComment\":\"成功将项目容器化部署\",\"selfResult\":\"成功将项目容器化部署\",\"selfScore\":9.5,\"selfTarget\":\"很好 的\",\"updateTime\":\"2025-12-01 15:04:47\"}]', '{\"msg\":\"操作成功\",\"code\":200}', 0, NULL, '2025-12-01 15:04:47', 31);
INSERT INTO `sys_oper_log` VALUES (299, '绩效实例', 2, 'com.ruoyi.web.controller.perf.PerfPerformanceController.edit()', 'PUT', 1, 'admin', '研发部门', '/perf/performance', '127.0.0.1', '内网IP', '{\"currentStep\":2,\"id\":1007,\"status\":\"PENDING_SCORE\"}', NULL, 1, '该模板没有指标', '2025-12-01 15:04:47', 33);
INSERT INTO `sys_oper_log` VALUES (300, '绩效内容', 2, 'com.ruoyi.web.controller.perf.PerfPerformanceContentController.editBatch()', 'PUT', 1, 'admin', '研发部门', '/perf/content/batch', '127.0.0.1', '内网IP', '[{\"id\":127,\"itemId\":102,\"params\":{},\"performanceId\":1007,\"selfScore\":1,\"updateTime\":\"2025-12-01 15:08:19\"},{\"id\":129,\"itemId\":119,\"params\":{},\"performanceId\":1007,\"selfScore\":0,\"updateTime\":\"2025-12-01 15:08:19\"},{\"id\":131,\"itemId\":103,\"params\":{},\"performanceId\":1007,\"selfScore\":0,\"updateTime\":\"2025-12-01 15:08:19\"},{\"id\":128,\"itemId\":114,\"params\":{},\"performanceId\":1007,\"selfScore\":0,\"updateTime\":\"2025-12-01 15:08:19\"},{\"id\":130,\"itemId\":120,\"params\":{},\"performanceId\":1007,\"selfScore\":0,\"updateTime\":\"2025-12-01 15:08:19\"},{\"id\":133,\"itemId\":104,\"params\":{},\"performanceId\":1007,\"selfComment\":\"很不错\",\"selfResult\":\"项目基本按时交付，功能完整\",\"selfScore\":5,\"selfTarget\":\"完成了代码规范整改\",\"updateTime\":\"2025-12-01 15:08:19\"},{\"id\":134,\"itemId\":105,\"params\":{},\"performanceId\":1007,\"selfResult\":\"帮助新同事熟悉项目，解决技术难题\",\"selfScore\":5,\"selfTarget\":\"完成了《微服务架构实践》分享\",\"updateTime\":\"2025-12-01 15:08:19\"},{\"id\":136,\"itemId\":122,\"params\":{},\"performanceId\":1007,\"selfComment\":\"成功将项目容器化部署\",\"selfResult\":\"成功将项目容器化部署\",\"selfScore\":9.5,\"selfTarget\":\"很好 的\",\"updateTime\":\"2025-12-01 15:08:19\"}]', '{\"msg\":\"操作成功\",\"code\":200}', 0, NULL, '2025-12-01 15:08:19', 26);
INSERT INTO `sys_oper_log` VALUES (301, '绩效内容', 2, 'com.ruoyi.web.controller.perf.PerfPerformanceContentController.editBatch()', 'PUT', 1, 'admin', '研发部门', '/perf/content/batch', '127.0.0.1', '内网IP', '[{\"id\":127,\"itemId\":102,\"params\":{},\"performanceId\":1007,\"selfScore\":1,\"updateBy\":\"1\",\"updateTime\":\"2025-12-01 15:10:24\"},{\"id\":129,\"itemId\":119,\"params\":{},\"performanceId\":1007,\"selfScore\":1,\"updateBy\":\"1\",\"updateTime\":\"2025-12-01 15:10:24\"},{\"id\":131,\"itemId\":103,\"params\":{},\"performanceId\":1007,\"selfScore\":1,\"updateBy\":\"1\",\"updateTime\":\"2025-12-01 15:10:24\"},{\"id\":128,\"itemId\":114,\"params\":{},\"performanceId\":1007,\"selfScore\":1,\"updateBy\":\"1\",\"updateTime\":\"2025-12-01 15:10:24\"},{\"id\":130,\"itemId\":120,\"params\":{},\"performanceId\":1007,\"selfScore\":1,\"updateBy\":\"1\",\"updateTime\":\"2025-12-01 15:10:24\"},{\"id\":133,\"itemId\":104,\"params\":{},\"performanceId\":1007,\"selfComment\":\"很不错\",\"selfResult\":\"项目基本按时交付，功能完整\",\"selfScore\":5,\"selfTarget\":\"完成了代码规范整改\",\"updateBy\":\"1\",\"updateTime\":\"2025-12-01 15:10:24\"},{\"id\":134,\"itemId\":105,\"params\":{},\"performanceId\":1007,\"selfResult\":\"帮助新同事熟悉项目，解决技术难题\",\"selfScore\":5,\"selfTarget\":\"完成了《微服务架构实践》分享\",\"updateBy\":\"1\",\"updateTime\":\"2025-12-01 15:10:24\"},{\"id\":136,\"itemId\":122,\"params\":{},\"performanceId\":1007,\"selfComment\":\"成功将项目容器化部署\",\"selfResult\":\"成功将项目容器化部署\",\"selfScore\":9.5,\"selfTarget\":\"很好 的\",\"updateBy\":\"1\",\"updateTime\":\"2025-12-01 15:10:24\"}]', '{\"msg\":\"操作成功\",\"code\":200}', 0, NULL, '2025-12-01 15:10:24', 43);
INSERT INTO `sys_oper_log` VALUES (302, '绩效内容', 2, 'com.ruoyi.web.controller.perf.PerfPerformanceContentController.editBatch()', 'PUT', 1, 'admin', '研发部门', '/perf/content/batch', '127.0.0.1', '内网IP', '{\"contentList\":[{\"id\":127,\"itemId\":102,\"params\":{},\"performanceId\":1007,\"selfScore\":1,\"updateBy\":\"1\",\"updateTime\":\"2025-12-01 15:42:55\"},{\"id\":129,\"itemId\":119,\"params\":{},\"performanceId\":1007,\"selfScore\":1,\"updateBy\":\"1\",\"updateTime\":\"2025-12-01 15:42:55\"},{\"id\":131,\"itemId\":103,\"params\":{},\"performanceId\":1007,\"selfScore\":1,\"updateBy\":\"1\",\"updateTime\":\"2025-12-01 15:42:55\"},{\"id\":128,\"itemId\":114,\"params\":{},\"performanceId\":1007,\"selfScore\":1,\"updateBy\":\"1\",\"updateTime\":\"2025-12-01 15:42:55\"},{\"id\":130,\"itemId\":120,\"params\":{},\"performanceId\":1007,\"selfScore\":1,\"updateBy\":\"1\",\"updateTime\":\"2025-12-01 15:42:55\"},{\"id\":133,\"itemId\":104,\"params\":{},\"performanceId\":1007,\"selfComment\":\"很不错\",\"selfResult\":\"项目基本按时交付，功能完整\",\"selfScore\":5,\"selfTarget\":\"完成了代码规范整改\",\"updateBy\":\"1\",\"updateTime\":\"2025-12-01 15:42:55\"},{\"id\":134,\"itemId\":105,\"params\":{},\"performanceId\":1007,\"selfResult\":\"帮助新同事熟悉项目，解决技术难题\",\"selfScore\":5,\"selfTarget\":\"完成了《微服务架构实践》分享\",\"updateBy\":\"1\",\"updateTime\":\"2025-12-01 15:42:55\"},{\"id\":136,\"itemId\":122,\"params\":{},\"performanceId\":1007,\"selfComment\":\"成功将项目容器化部署\",\"selfResult\":\"成功将项目容器化部署\",\"selfScore\":9.5,\"selfTarget\":\"很好 的\",\"updateBy\":\"1\",\"updateTime\":\"2025-12-01 15:42:55\"}],\"performanceId\":1007,\"performanceStatus\":\"DRAFT\"}', '{\"msg\":\"操作成功\",\"code\":200}', 0, NULL, '2025-12-01 15:42:55', 53);
INSERT INTO `sys_oper_log` VALUES (303, '绩效内容', 2, 'com.ruoyi.web.controller.perf.PerfPerformanceContentController.editBatch()', 'PUT', 1, 'admin', '研发部门', '/perf/content/batch', '127.0.0.1', '内网IP', '{\"contentList\":[{\"id\":127,\"itemId\":102,\"params\":{},\"performanceId\":1007,\"selfScore\":1,\"updateBy\":\"1\",\"updateTime\":\"2025-12-01 15:42:58\"},{\"id\":129,\"itemId\":119,\"params\":{},\"performanceId\":1007,\"selfScore\":1,\"updateBy\":\"1\",\"updateTime\":\"2025-12-01 15:42:58\"},{\"id\":131,\"itemId\":103,\"params\":{},\"performanceId\":1007,\"selfScore\":1,\"updateBy\":\"1\",\"updateTime\":\"2025-12-01 15:42:58\"},{\"id\":128,\"itemId\":114,\"params\":{},\"performanceId\":1007,\"selfScore\":1,\"updateBy\":\"1\",\"updateTime\":\"2025-12-01 15:42:58\"},{\"id\":130,\"itemId\":120,\"params\":{},\"performanceId\":1007,\"selfScore\":1,\"updateBy\":\"1\",\"updateTime\":\"2025-12-01 15:42:58\"},{\"id\":133,\"itemId\":104,\"params\":{},\"performanceId\":1007,\"selfComment\":\"很不错\",\"selfResult\":\"项目基本按时交付，功能完整\",\"selfScore\":5,\"selfTarget\":\"完成了代码规范整改\",\"updateBy\":\"1\",\"updateTime\":\"2025-12-01 15:42:58\"},{\"id\":134,\"itemId\":105,\"params\":{},\"performanceId\":1007,\"selfResult\":\"帮助新同事熟悉项目，解决技术难题\",\"selfScore\":5,\"selfTarget\":\"完成了《微服务架构实践》分享\",\"updateBy\":\"1\",\"updateTime\":\"2025-12-01 15:42:58\"},{\"id\":136,\"itemId\":122,\"params\":{},\"performanceId\":1007,\"selfComment\":\"成功将项目容器化部署\",\"selfResult\":\"成功将项目容器化部署\",\"selfScore\":9.5,\"selfTarget\":\"很好 的\",\"updateBy\":\"1\",\"updateTime\":\"2025-12-01 15:42:58\"}],\"performanceId\":1007,\"performanceStatus\":\"PENDING_SCORE\",\"performanceStep\":2}', '{\"msg\":\"操作成功\",\"code\":200}', 0, NULL, '2025-12-01 15:42:58', 38);
INSERT INTO `sys_oper_log` VALUES (304, '绩效内容', 2, 'com.ruoyi.web.controller.perf.PerfPerformanceContentController.editBatch()', 'PUT', 1, 'admin', '研发部门', '/perf/content/batch', '127.0.0.1', '内网IP', '{\"contentList\":[{\"id\":127,\"itemId\":102,\"params\":{},\"performanceId\":1007,\"selfScore\":1,\"updateBy\":\"1\",\"updateTime\":\"2025-12-01 15:59:53\"},{\"id\":129,\"itemId\":119,\"params\":{},\"performanceId\":1007,\"selfScore\":1,\"updateBy\":\"1\",\"updateTime\":\"2025-12-01 15:59:53\"},{\"id\":131,\"itemId\":103,\"params\":{},\"performanceId\":1007,\"selfScore\":1,\"updateBy\":\"1\",\"updateTime\":\"2025-12-01 15:59:53\"},{\"id\":128,\"itemId\":114,\"params\":{},\"performanceId\":1007,\"selfScore\":1,\"updateBy\":\"1\",\"updateTime\":\"2025-12-01 15:59:53\"},{\"id\":130,\"itemId\":120,\"params\":{},\"performanceId\":1007,\"selfScore\":1,\"updateBy\":\"1\",\"updateTime\":\"2025-12-01 15:59:53\"},{\"id\":133,\"itemId\":104,\"params\":{},\"performanceId\":1007,\"selfComment\":\"很不错\",\"selfResult\":\"项目基本按时交付，功能完整\",\"selfScore\":5,\"selfTarget\":\"完成了代码规范整改\",\"updateBy\":\"1\",\"updateTime\":\"2025-12-01 15:59:53\"},{\"id\":134,\"itemId\":105,\"params\":{},\"performanceId\":1007,\"selfResult\":\"帮助新同事熟悉项目，解决技术难题\",\"selfScore\":5,\"selfTarget\":\"完成了《微服务架构实践》分享\",\"updateBy\":\"1\",\"updateTime\":\"2025-12-01 15:59:53\"},{\"id\":136,\"itemId\":122,\"params\":{},\"performanceId\":1007,\"selfComment\":\"成功将项目容器化部署\",\"selfResult\":\"成功将项目容器化部署11\",\"selfScore\":9.5,\"selfTarget\":\"很好 的\",\"updateBy\":\"1\",\"updateTime\":\"2025-12-01 15:59:53\"}],\"performanceId\":1007,\"performanceStatus\":\"PENDING_SCORE\",\"performanceStep\":2}', '{\"msg\":\"操作成功\",\"code\":200}', 0, NULL, '2025-12-01 15:59:53', 52);
INSERT INTO `sys_oper_log` VALUES (305, '绩效内容', 2, 'com.ruoyi.web.controller.perf.PerfPerformanceContentController.editBatch()', 'PUT', 1, 'admin', '研发部门', '/perf/content/batch', '127.0.0.1', '内网IP', '{\"contentList\":[{\"id\":127,\"itemId\":102,\"params\":{},\"performanceId\":1007,\"selfScore\":1,\"updateBy\":\"1\",\"updateTime\":\"2025-12-01 16:04:16\"},{\"id\":129,\"itemId\":119,\"params\":{},\"performanceId\":1007,\"selfScore\":1,\"updateBy\":\"1\",\"updateTime\":\"2025-12-01 16:04:16\"},{\"id\":131,\"itemId\":103,\"params\":{},\"performanceId\":1007,\"selfScore\":1,\"updateBy\":\"1\",\"updateTime\":\"2025-12-01 16:04:16\"},{\"id\":128,\"itemId\":114,\"params\":{},\"performanceId\":1007,\"selfScore\":1,\"updateBy\":\"1\",\"updateTime\":\"2025-12-01 16:04:16\"},{\"id\":130,\"itemId\":120,\"params\":{},\"performanceId\":1007,\"selfScore\":1,\"updateBy\":\"1\",\"updateTime\":\"2025-12-01 16:04:16\"},{\"id\":133,\"itemId\":104,\"params\":{},\"performanceId\":1007,\"selfComment\":\"很不错\",\"selfResult\":\"项目基本按时交付，功能完整\",\"selfScore\":5,\"selfTarget\":\"完成了代码规范整改\",\"updateBy\":\"1\",\"updateTime\":\"2025-12-01 16:04:16\"},{\"id\":134,\"itemId\":105,\"params\":{},\"performanceId\":1007,\"selfResult\":\"帮助新同事熟悉项目，解决技术难题\",\"selfScore\":5,\"selfTarget\":\"完成了《微服务架构实践》分享\",\"updateBy\":\"1\",\"updateTime\":\"2025-12-01 16:04:16\"},{\"id\":136,\"itemId\":122,\"params\":{},\"performanceId\":1007,\"selfComment\":\"成功将项目容器化部署222\",\"selfResult\":\"成功将项目容器化部署11\",\"selfScore\":9.5,\"selfTarget\":\"很好 的\",\"updateBy\":\"1\",\"updateTime\":\"2025-12-01 16:04:16\"}],\"performanceId\":1007,\"performanceStatus\":\"PENDING_SCORE\",\"performanceStep\":2}', '{\"msg\":\"操作成功\",\"code\":200}', 0, NULL, '2025-12-01 16:04:16', 21);
INSERT INTO `sys_oper_log` VALUES (306, '绩效内容', 2, 'com.ruoyi.web.controller.perf.PerfPerformanceContentController.editBatch()', 'PUT', 1, 'admin', '研发部门', '/perf/content/batch', '127.0.0.1', '内网IP', '{\"contentList\":[{\"id\":127,\"itemId\":102,\"params\":{},\"performanceId\":1007,\"selfScore\":1,\"updateBy\":\"1\",\"updateTime\":\"2025-12-01 16:05:44\"},{\"id\":129,\"itemId\":119,\"params\":{},\"performanceId\":1007,\"selfScore\":1,\"updateBy\":\"1\",\"updateTime\":\"2025-12-01 16:05:44\"},{\"id\":131,\"itemId\":103,\"params\":{},\"performanceId\":1007,\"selfScore\":1,\"updateBy\":\"1\",\"updateTime\":\"2025-12-01 16:05:44\"},{\"id\":128,\"itemId\":114,\"params\":{},\"performanceId\":1007,\"selfScore\":1,\"updateBy\":\"1\",\"updateTime\":\"2025-12-01 16:05:44\"},{\"id\":130,\"itemId\":120,\"params\":{},\"performanceId\":1007,\"selfScore\":1,\"updateBy\":\"1\",\"updateTime\":\"2025-12-01 16:05:44\"},{\"id\":133,\"itemId\":104,\"params\":{},\"performanceId\":1007,\"selfComment\":\"很不错\",\"selfResult\":\"项目基本按时交付，功能完整\",\"selfScore\":5,\"selfTarget\":\"完成了代码规范整改\",\"updateBy\":\"1\",\"updateTime\":\"2025-12-01 16:05:44\"},{\"id\":134,\"itemId\":105,\"params\":{},\"performanceId\":1007,\"selfResult\":\"帮助新同事熟悉项目，解决技术难题\",\"selfScore\":5,\"selfTarget\":\"完成了《微服务架构实践》分享\",\"updateBy\":\"1\",\"updateTime\":\"2025-12-01 16:05:44\"},{\"id\":136,\"itemId\":122,\"params\":{},\"performanceId\":1007,\"selfComment\":\"成功将项目容器化部署22233\",\"selfResult\":\"成功将项目容器化部署11\",\"selfScore\":9.5,\"selfTarget\":\"很好 的\",\"updateBy\":\"1\",\"updateTime\":\"2025-12-01 16:05:44\"}],\"performanceId\":1007,\"performanceStatus\":\"PENDING_SCORE\",\"performanceStep\":2}', '{\"msg\":\"操作成功\",\"code\":200}', 0, NULL, '2025-12-01 16:05:44', 21);
INSERT INTO `sys_oper_log` VALUES (307, '绩效内容', 2, 'com.ruoyi.web.controller.perf.PerfPerformanceContentController.editBatch()', 'PUT', 1, 'admin', '研发部门', '/perf/content/batch', '127.0.0.1', '内网IP', '{\"contentList\":[{\"id\":127,\"itemId\":102,\"params\":{},\"performanceId\":1007,\"selfScore\":1,\"selfTarget\":\"6666\",\"updateBy\":\"1\",\"updateTime\":\"2025-12-01 16:09:05\"},{\"id\":129,\"itemId\":119,\"params\":{},\"performanceId\":1007,\"selfScore\":1,\"updateBy\":\"1\",\"updateTime\":\"2025-12-01 16:09:05\"},{\"id\":131,\"itemId\":103,\"params\":{},\"performanceId\":1007,\"selfScore\":1,\"updateBy\":\"1\",\"updateTime\":\"2025-12-01 16:09:05\"},{\"id\":128,\"itemId\":114,\"params\":{},\"performanceId\":1007,\"selfScore\":1,\"updateBy\":\"1\",\"updateTime\":\"2025-12-01 16:09:05\"},{\"id\":130,\"itemId\":120,\"params\":{},\"performanceId\":1007,\"selfScore\":1,\"updateBy\":\"1\",\"updateTime\":\"2025-12-01 16:09:05\"},{\"id\":133,\"itemId\":104,\"params\":{},\"performanceId\":1007,\"selfComment\":\"很不错\",\"selfResult\":\"项目基本按时交付，功能完整\",\"selfScore\":5,\"selfTarget\":\"完成了代码规范整改\",\"updateBy\":\"1\",\"updateTime\":\"2025-12-01 16:09:05\"},{\"id\":134,\"itemId\":105,\"params\":{},\"performanceId\":1007,\"selfResult\":\"帮助新同事熟悉项目，解决技术难题\",\"selfScore\":5,\"selfTarget\":\"完成了《微服务架构实践》分享\",\"updateBy\":\"1\",\"updateTime\":\"2025-12-01 16:09:05\"},{\"id\":136,\"itemId\":122,\"params\":{},\"performanceId\":1007,\"selfComment\":\"成功将项目容器化部署22233\",\"selfResult\":\"成功将项目容器化部署11\",\"selfScore\":9.5,\"selfTarget\":\"很好 的\",\"updateBy\":\"1\",\"updateTime\":\"2025-12-01 16:09:05\"}],\"performanceId\":1007,\"performanceStatus\":\"PENDING_SCORE\",\"performanceStep\":1}', '{\"msg\":\"操作成功\",\"code\":200}', 0, NULL, '2025-12-01 16:09:05', 23);
INSERT INTO `sys_oper_log` VALUES (308, '绩效周期', 2, 'com.ruoyi.web.controller.perf.PerfPeriodController.edit()', 'PUT', 1, 'admin', '研发部门', '/perf/period', '127.0.0.1', '内网IP', '{\"createBy\":\"1\",\"createTime\":\"2025-11-26 15:42:11\",\"params\":{},\"periodId\":113,\"periodName\":\"2025第3季度\",\"periodType\":\"QUARTER\",\"scoreDeadline\":\"2025-11-30\",\"status\":\"1\",\"submitDeadline\":\"2025-12-15\",\"updateBy\":\"1\",\"updateTime\":\"2025-12-01 17:05:31\"}', '{\"msg\":\"操作成功\",\"code\":200}', 0, NULL, '2025-12-01 17:05:31', 12);
INSERT INTO `sys_oper_log` VALUES (309, '绩效周期', 2, 'com.ruoyi.web.controller.perf.PerfPeriodController.edit()', 'PUT', 1, 'admin', '研发部门', '/perf/period', '127.0.0.1', '内网IP', '{\"createBy\":\"\",\"createTime\":\"2025-11-21 16:46:42\",\"params\":{},\"periodId\":112,\"periodName\":\"2025年11月\",\"periodType\":\"MONTH\",\"scoreDeadline\":\"2025-12-30\",\"status\":\"0\",\"submitDeadline\":\"2025-12-15\",\"updateBy\":\"1\",\"updateTime\":\"2025-12-01 17:05:47\"}', '{\"msg\":\"操作成功\",\"code\":200}', 0, NULL, '2025-12-01 17:05:47', 5);
INSERT INTO `sys_oper_log` VALUES (310, '绩效周期', 2, 'com.ruoyi.web.controller.perf.PerfPeriodController.edit()', 'PUT', 1, 'admin', '研发部门', '/perf/period', '127.0.0.1', '内网IP', '{\"createBy\":\"\",\"createTime\":\"2025-11-21 16:46:42\",\"params\":{},\"periodId\":112,\"periodName\":\"2025年11月\",\"periodType\":\"MONTH\",\"scoreDeadline\":\"2025-12-30\",\"status\":\"1\",\"submitDeadline\":\"2025-12-15\",\"updateBy\":\"1\",\"updateTime\":\"2025-12-01 17:05:52\"}', '{\"msg\":\"操作成功\",\"code\":200}', 0, NULL, '2025-12-01 17:05:52', 5);
INSERT INTO `sys_oper_log` VALUES (311, '部门管理', 2, 'com.ruoyi.web.controller.system.SysDeptController.edit()', 'PUT', 1, 'admin', '研发部门', '/system/dept', '127.0.0.1', '内网IP', '{\"ancestors\":\"0,100\",\"children\":[],\"deptId\":103,\"deptName\":\"IT部\",\"email\":\"ry@qq.com\",\"leader\":\"若依\",\"orderNum\":1,\"params\":{},\"parentId\":100,\"parentName\":\"深圳总公司\",\"phone\":\"15888888888\",\"status\":\"0\",\"updateBy\":\"admin\"}', '{\"msg\":\"操作成功\",\"code\":200}', 0, NULL, '2025-12-01 17:16:57', 15);
INSERT INTO `sys_oper_log` VALUES (312, '部门管理', 2, 'com.ruoyi.web.controller.system.SysDeptController.edit()', 'PUT', 1, 'admin', '研发部门', '/system/dept', '127.0.0.1', '内网IP', '{\"ancestors\":\"0,100\",\"children\":[],\"deptId\":106,\"deptName\":\"财务部门\",\"email\":\"ry@qq.com\",\"leader\":\"若依\",\"orderNum\":4,\"params\":{},\"parentId\":100,\"parentName\":\"深圳总公司\",\"phone\":\"15888888888\",\"status\":\"0\",\"updateBy\":\"admin\"}', '{\"msg\":\"操作成功\",\"code\":200}', 0, NULL, '2025-12-01 17:17:03', 14);
INSERT INTO `sys_oper_log` VALUES (313, '部门管理', 3, 'com.ruoyi.web.controller.system.SysDeptController.remove()', 'DELETE', 1, 'admin', '研发部门', '/system/dept/102', '127.0.0.1', '内网IP', '102', '{\"msg\":\"存在下级部门,不允许删除\",\"code\":601}', 0, NULL, '2025-12-01 17:17:10', 4);
INSERT INTO `sys_oper_log` VALUES (314, '部门管理', 3, 'com.ruoyi.web.controller.system.SysDeptController.remove()', 'DELETE', 1, 'admin', '研发部门', '/system/dept/109', '127.0.0.1', '内网IP', '109', '{\"msg\":\"操作成功\",\"code\":200}', 0, NULL, '2025-12-01 17:17:12', 6);
INSERT INTO `sys_oper_log` VALUES (315, '部门管理', 3, 'com.ruoyi.web.controller.system.SysDeptController.remove()', 'DELETE', 1, 'admin', '研发部门', '/system/dept/108', '127.0.0.1', '内网IP', '108', '{\"msg\":\"操作成功\",\"code\":200}', 0, NULL, '2025-12-01 17:17:14', 7);
INSERT INTO `sys_oper_log` VALUES (316, '部门管理', 3, 'com.ruoyi.web.controller.system.SysDeptController.remove()', 'DELETE', 1, 'admin', '研发部门', '/system/dept/102', '127.0.0.1', '内网IP', '102', '{\"msg\":\"操作成功\",\"code\":200}', 0, NULL, '2025-12-01 17:17:16', 6);
INSERT INTO `sys_oper_log` VALUES (317, '部门管理', 2, 'com.ruoyi.web.controller.system.SysDeptController.edit()', 'PUT', 1, 'admin', '研发部门', '/system/dept', '127.0.0.1', '内网IP', '{\"ancestors\":\"0,100\",\"children\":[],\"deptId\":105,\"deptName\":\"采购部\",\"email\":\"ry@qq.com\",\"leader\":\"若依\",\"orderNum\":3,\"params\":{},\"parentId\":100,\"parentName\":\"深圳总公司\",\"phone\":\"15888888888\",\"status\":\"0\",\"updateBy\":\"admin\"}', '{\"msg\":\"操作成功\",\"code\":200}', 0, NULL, '2025-12-01 17:17:34', 11);
INSERT INTO `sys_oper_log` VALUES (318, '部门管理', 2, 'com.ruoyi.web.controller.system.SysDeptController.edit()', 'PUT', 1, 'admin', '研发部门', '/system/dept', '127.0.0.1', '内网IP', '{\"ancestors\":\"0,100\",\"children\":[],\"deptId\":104,\"deptName\":\"人事部\",\"email\":\"ry@qq.com\",\"leader\":\"若依\",\"orderNum\":2,\"params\":{},\"parentId\":100,\"parentName\":\"深圳总公司\",\"phone\":\"15888888888\",\"status\":\"0\",\"updateBy\":\"admin\"}', '{\"msg\":\"操作成功\",\"code\":200}', 0, NULL, '2025-12-01 17:17:44', 13);
INSERT INTO `sys_oper_log` VALUES (319, '部门管理', 2, 'com.ruoyi.web.controller.system.SysDeptController.edit()', 'PUT', 1, 'admin', '研发部门', '/system/dept', '127.0.0.1', '内网IP', '{\"ancestors\":\"0,100\",\"children\":[],\"deptId\":101,\"deptName\":\"1TG\",\"email\":\"ry@qq.com\",\"leader\":\"柒喜\",\"orderNum\":1,\"params\":{},\"parentId\":100,\"parentName\":\"底格里斯\",\"phone\":\"15888888888\",\"status\":\"0\",\"updateBy\":\"admin\"}', '{\"msg\":\"操作成功\",\"code\":200}', 0, NULL, '2025-12-01 17:17:55', 28);
INSERT INTO `sys_oper_log` VALUES (320, '部门管理', 1, 'com.ruoyi.web.controller.system.SysDeptController.add()', 'POST', 1, 'admin', '研发部门', '/system/dept', '127.0.0.1', '内网IP', '{\"ancestors\":\"0,100\",\"children\":[],\"createBy\":\"admin\",\"deptName\":\"FWG\",\"orderNum\":2,\"params\":{},\"parentId\":100,\"status\":\"0\"}', '{\"msg\":\"操作成功\",\"code\":200}', 0, NULL, '2025-12-01 17:18:05', 6);
INSERT INTO `sys_oper_log` VALUES (321, '部门管理', 2, 'com.ruoyi.web.controller.system.SysDeptController.edit()', 'PUT', 1, 'admin', '研发部门', '/system/dept', '127.0.0.1', '内网IP', '{\"ancestors\":\"0,100\",\"children\":[],\"deptId\":103,\"deptName\":\"IT部\",\"email\":\"ry@qq.com\",\"leader\":\"若依\",\"orderNum\":4,\"params\":{},\"parentId\":100,\"parentName\":\"底格里斯\",\"phone\":\"15888888888\",\"status\":\"0\",\"updateBy\":\"admin\"}', '{\"msg\":\"操作成功\",\"code\":200}', 0, NULL, '2025-12-01 17:18:14', 12);
INSERT INTO `sys_oper_log` VALUES (322, '部门管理', 2, 'com.ruoyi.web.controller.system.SysDeptController.edit()', 'PUT', 1, 'admin', '研发部门', '/system/dept', '127.0.0.1', '内网IP', '{\"ancestors\":\"0,100\",\"children\":[],\"deptId\":104,\"deptName\":\"人事部\",\"email\":\"ry@qq.com\",\"leader\":\"若依\",\"orderNum\":3,\"params\":{},\"parentId\":100,\"parentName\":\"底格里斯\",\"phone\":\"15888888888\",\"status\":\"0\",\"updateBy\":\"admin\"}', '{\"msg\":\"操作成功\",\"code\":200}', 0, NULL, '2025-12-01 17:18:17', 12);
INSERT INTO `sys_oper_log` VALUES (323, '部门管理', 2, 'com.ruoyi.web.controller.system.SysDeptController.edit()', 'PUT', 1, 'admin', '研发部门', '/system/dept', '127.0.0.1', '内网IP', '{\"ancestors\":\"0,100\",\"children\":[],\"deptId\":106,\"deptName\":\"财务部门\",\"email\":\"ry@qq.com\",\"leader\":\"若依\",\"orderNum\":5,\"params\":{},\"parentId\":100,\"parentName\":\"底格里斯\",\"phone\":\"15888888888\",\"status\":\"0\",\"updateBy\":\"admin\"}', '{\"msg\":\"操作成功\",\"code\":200}', 0, NULL, '2025-12-01 17:18:23', 11);
INSERT INTO `sys_oper_log` VALUES (324, '部门管理', 2, 'com.ruoyi.web.controller.system.SysDeptController.edit()', 'PUT', 1, 'admin', '研发部门', '/system/dept', '127.0.0.1', '内网IP', '{\"ancestors\":\"0,100\",\"children\":[],\"deptId\":105,\"deptName\":\"采购部\",\"email\":\"ry@qq.com\",\"leader\":\"若依\",\"orderNum\":7,\"params\":{},\"parentId\":100,\"parentName\":\"底格里斯\",\"phone\":\"15888888888\",\"status\":\"0\",\"updateBy\":\"admin\"}', '{\"msg\":\"操作成功\",\"code\":200}', 0, NULL, '2025-12-01 17:18:34', 12);
INSERT INTO `sys_oper_log` VALUES (325, '部门管理', 2, 'com.ruoyi.web.controller.system.SysDeptController.edit()', 'PUT', 1, 'admin', '研发部门', '/system/dept', '127.0.0.1', '内网IP', '{\"ancestors\":\"0,100\",\"children\":[],\"deptId\":103,\"deptName\":\"IT部\",\"email\":\"ry@qq.com\",\"leader\":\"若依\",\"orderNum\":6,\"params\":{},\"parentId\":100,\"parentName\":\"底格里斯\",\"phone\":\"15888888888\",\"status\":\"0\",\"updateBy\":\"admin\"}', '{\"msg\":\"操作成功\",\"code\":200}', 0, NULL, '2025-12-01 17:18:38', 13);
INSERT INTO `sys_oper_log` VALUES (326, '部门管理', 1, 'com.ruoyi.web.controller.system.SysDeptController.add()', 'POST', 1, 'admin', '研发部门', '/system/dept', '127.0.0.1', '内网IP', '{\"ancestors\":\"0,100\",\"children\":[],\"createBy\":\"admin\",\"deptName\":\"产品部\",\"orderNum\":4,\"params\":{},\"parentId\":100,\"status\":\"0\"}', '{\"msg\":\"操作成功\",\"code\":200}', 0, NULL, '2025-12-01 17:18:59', 8);
INSERT INTO `sys_oper_log` VALUES (327, '部门管理', 1, 'com.ruoyi.web.controller.system.SysDeptController.add()', 'POST', 1, 'admin', '研发部门', '/system/dept', '127.0.0.1', '内网IP', '{\"ancestors\":\"0,100,101\",\"children\":[],\"createBy\":\"admin\",\"deptName\":\"欧洲站\",\"orderNum\":1,\"params\":{},\"parentId\":101,\"status\":\"0\"}', '{\"msg\":\"操作成功\",\"code\":200}', 0, NULL, '2025-12-01 17:19:23', 6);
INSERT INTO `sys_oper_log` VALUES (328, '部门管理', 1, 'com.ruoyi.web.controller.system.SysDeptController.add()', 'POST', 1, 'admin', '研发部门', '/system/dept', '127.0.0.1', '内网IP', '{\"ancestors\":\"0,100,101\",\"children\":[],\"createBy\":\"admin\",\"deptName\":\"北美站\",\"orderNum\":0,\"params\":{},\"parentId\":101,\"status\":\"0\"}', '{\"msg\":\"操作成功\",\"code\":200}', 0, NULL, '2025-12-01 17:19:32', 9);
INSERT INTO `sys_oper_log` VALUES (329, '部门管理', 1, 'com.ruoyi.web.controller.system.SysDeptController.add()', 'POST', 1, 'admin', '研发部门', '/system/dept', '127.0.0.1', '内网IP', '{\"ancestors\":\"0,100,101\",\"children\":[],\"createBy\":\"admin\",\"deptName\":\"独立站\",\"orderNum\":0,\"params\":{},\"parentId\":101,\"status\":\"0\"}', '{\"msg\":\"操作成功\",\"code\":200}', 0, NULL, '2025-12-01 17:19:50', 10);
INSERT INTO `sys_oper_log` VALUES (330, '岗位管理', 2, 'com.ruoyi.web.controller.system.SysPostController.edit()', 'PUT', 1, 'admin', '研发部门', '/system/post', '127.0.0.1', '内网IP', '{\"createBy\":\"admin\",\"createTime\":\"2025-11-20 13:58:13\",\"flag\":false,\"params\":{},\"postCode\":\"se\",\"postId\":2,\"postName\":\"Leader\",\"postSort\":2,\"remark\":\"\",\"status\":\"0\",\"updateBy\":\"admin\"}', '{\"msg\":\"操作成功\",\"code\":200}', 0, NULL, '2025-12-01 17:20:53', 10);
INSERT INTO `sys_oper_log` VALUES (331, '岗位管理', 2, 'com.ruoyi.web.controller.system.SysPostController.edit()', 'PUT', 1, 'admin', '研发部门', '/system/post', '127.0.0.1', '内网IP', '{\"createBy\":\"admin\",\"createTime\":\"2025-11-20 13:58:13\",\"flag\":false,\"params\":{},\"postCode\":\"se\",\"postId\":2,\"postName\":\"软件工程师\",\"postSort\":2,\"remark\":\"\",\"status\":\"0\",\"updateBy\":\"admin\"}', '{\"msg\":\"操作成功\",\"code\":200}', 0, NULL, '2025-12-01 17:21:14', 6);
INSERT INTO `sys_oper_log` VALUES (332, '岗位管理', 2, 'com.ruoyi.web.controller.system.SysPostController.edit()', 'PUT', 1, 'admin', '研发部门', '/system/post', '127.0.0.1', '内网IP', '{\"createBy\":\"admin\",\"createTime\":\"2025-11-20 13:58:13\",\"flag\":false,\"params\":{},\"postCode\":\"it\",\"postId\":2,\"postName\":\"软件工程师\",\"postSort\":2,\"remark\":\"\",\"status\":\"0\",\"updateBy\":\"admin\"}', '{\"msg\":\"操作成功\",\"code\":200}', 0, NULL, '2025-12-01 17:21:33', 6);
INSERT INTO `sys_oper_log` VALUES (333, '岗位管理', 1, 'com.ruoyi.web.controller.system.SysPostController.add()', 'POST', 1, 'admin', '研发部门', '/system/post', '127.0.0.1', '内网IP', '{\"createBy\":\"admin\",\"flag\":false,\"params\":{},\"postCode\":\"op\",\"postId\":5,\"postName\":\"运营\",\"postSort\":0,\"status\":\"0\"}', '{\"msg\":\"操作成功\",\"code\":200}', 0, NULL, '2025-12-01 17:22:00', 8);
INSERT INTO `sys_oper_log` VALUES (334, '岗位管理', 2, 'com.ruoyi.web.controller.system.SysPostController.edit()', 'PUT', 1, 'admin', '研发部门', '/system/post', '127.0.0.1', '内网IP', '{\"createBy\":\"admin\",\"createTime\":\"2025-12-01 17:22:00\",\"flag\":false,\"params\":{},\"postCode\":\"op\",\"postId\":5,\"postName\":\"运营\",\"postSort\":5,\"status\":\"0\",\"updateBy\":\"admin\"}', '{\"msg\":\"操作成功\",\"code\":200}', 0, NULL, '2025-12-01 17:22:12', 5);
INSERT INTO `sys_oper_log` VALUES (335, '用户管理', 1, 'com.ruoyi.web.controller.system.SysUserController.add()', 'POST', 1, 'admin', '研发部门', '/system/user', '127.0.0.1', '内网IP', '{\"admin\":false,\"createBy\":\"admin\",\"deptId\":103,\"nickName\":\"柒喜\",\"params\":{},\"postIds\":[],\"roleIds\":[],\"status\":\"0\",\"userId\":101,\"userName\":\"qixi\"}', '{\"msg\":\"操作成功\",\"code\":200}', 0, NULL, '2025-12-01 17:55:36', 97);
INSERT INTO `sys_oper_log` VALUES (336, '角色管理', 2, 'com.ruoyi.web.controller.system.SysRoleController.edit()', 'PUT', 1, 'admin', '研发部门', '/system/role', '127.0.0.1', '内网IP', '{\"admin\":false,\"createTime\":\"2025-11-20 13:58:14\",\"dataScope\":\"2\",\"delFlag\":\"0\",\"deptCheckStrictly\":true,\"flag\":false,\"menuCheckStrictly\":true,\"menuIds\":[2109,2110],\"params\":{},\"remark\":\"普通角色\",\"roleId\":2,\"roleKey\":\"common\",\"roleName\":\"普通角色\",\"roleSort\":2,\"status\":\"0\",\"updateBy\":\"admin\"}', '{\"msg\":\"操作成功\",\"code\":200}', 0, NULL, '2025-12-01 17:56:01', 33);
INSERT INTO `sys_oper_log` VALUES (337, '用户管理', 4, 'com.ruoyi.web.controller.system.SysUserController.insertAuthRole()', 'PUT', 1, 'admin', '研发部门', '/system/user/authRole', '127.0.0.1', '内网IP', '{\"roleIds\":\"2\",\"userId\":\"101\"}', '{\"msg\":\"操作成功\",\"code\":200}', 0, NULL, '2025-12-01 17:56:39', 8);
INSERT INTO `sys_oper_log` VALUES (338, '个人信息', 2, 'com.ruoyi.web.controller.system.SysProfileController.updatePwd()', 'PUT', 1, 'qixi', 'IT部', '/system/user/profile/updatePwd', '127.0.0.1', '内网IP', '{}', '{\"msg\":\"操作成功\",\"code\":200}', 0, NULL, '2025-12-01 17:58:07', 196);
INSERT INTO `sys_oper_log` VALUES (339, '模板指标', 2, 'com.ruoyi.web.controller.perf.PerfTemplateItemController.edit()', 'PUT', 1, 'admin', '研发部门', '/perf/templateItem', '127.0.0.1', '内网IP', '{\"createBy\":\"1\",\"createTime\":\"2025-12-01 13:44:01\",\"id\":122,\"itemName\":\"线上缺陷数量\",\"itemType\":\"KEY_RESULT\",\"maxScore\":10,\"minScore\":1,\"params\":{},\"parentId\":101,\"scoreStandard\":\"无严重缺陷:5分, 1-2个:4分, 3-4个:3分, 5-6个:2分, 超过6个:1分\",\"sortOrder\":0,\"templateId\":106,\"updateBy\":\"\",\"weight\":10}', '{\"msg\":\"操作成功\",\"code\":200}', 0, NULL, '2025-12-01 18:05:30', 33);
INSERT INTO `sys_oper_log` VALUES (340, '模板指标', 2, 'com.ruoyi.web.controller.perf.PerfTemplateItemController.edit()', 'PUT', 1, 'admin', '研发部门', '/perf/templateItem', '127.0.0.1', '内网IP', '{\"createBy\":\"1\",\"createTime\":\"2025-12-01 13:44:01\",\"id\":122,\"itemName\":\"线上缺陷数量\",\"maxScore\":10,\"minScore\":1,\"params\":{},\"parentId\":101,\"scoreStandard\":\"无严重缺陷:5分, 1-2个:4分, 3-4个:3分, 5-6个:2分, 超过6个:1分\",\"sortOrder\":0,\"templateId\":106,\"updateBy\":\"1\",\"updateTime\":\"2025-12-01 18:05:30\",\"weight\":10}', '{\"msg\":\"操作成功\",\"code\":200}', 0, NULL, '2025-12-01 18:06:06', 10);
INSERT INTO `sys_oper_log` VALUES (341, '模板指标', 1, 'com.ruoyi.web.controller.perf.PerfTemplateItemController.add()', 'POST', 1, 'admin', '研发部门', '/perf/templateItem', '127.0.0.1', '内网IP', '{\"itemName\":\"csd\",\"itemType\":\"\",\"params\":{},\"parentId\":101,\"remark\":\"\",\"scoreStandard\":\"\",\"templateId\":101}', NULL, 1, '\r\n### Error updating database.  Cause: java.sql.SQLException: Field \'weight\' doesn\'t have a default value\r\n### The error may exist in com/ruoyi/perf/mapper/PerfTemplateItemMapper.java (best guess)\r\n### The error may involve com.ruoyi.perf.mapper.PerfTemplateItemMapper.insert-Inline\r\n### The error occurred while setting parameters\r\n### SQL: INSERT INTO perf_template_item  ( template_id, parent_id, item_name, item_type,  score_standard,     create_by, create_time,   remark )  VALUES  ( ?, ?, ?, ?,  ?,     ?, ?,   ? )\r\n### Cause: java.sql.SQLException: Field \'weight\' doesn\'t have a default value\n; Field \'weight\' doesn\'t have a default value; nested exception is java.sql.SQLException: Field \'weight\' doesn\'t have a default value', '2025-12-01 18:15:51', 52);
INSERT INTO `sys_oper_log` VALUES (342, '模板指标', 1, 'com.ruoyi.web.controller.perf.PerfTemplateItemController.add()', 'POST', 1, 'admin', '研发部门', '/perf/templateItem', '127.0.0.1', '内网IP', '{\"itemName\":\"水电费\",\"itemType\":\"\",\"params\":{},\"parentId\":101,\"remark\":\"\",\"scoreStandard\":\"\",\"templateId\":101,\"weight\":3}', '{\"msg\":\"操作成功\",\"code\":200}', 0, NULL, '2025-12-01 18:17:32', 12);
INSERT INTO `sys_oper_log` VALUES (343, '模板指标', 2, 'com.ruoyi.web.controller.perf.PerfTemplateItemController.edit()', 'PUT', 1, 'admin', '研发部门', '/perf/templateItem', '127.0.0.1', '内网IP', '{\"createBy\":\"1\",\"createTime\":\"2025-12-01 13:43:26\",\"id\":121,\"itemName\":\"代码质量\",\"itemType\":\"\",\"params\":{},\"parentId\":101,\"remark\":\"\",\"scoreStandard\":\"\",\"sortOrder\":0,\"templateId\":106,\"updateBy\":\"\",\"weight\":40}', '{\"msg\":\"操作成功\",\"code\":200}', 0, NULL, '2025-12-01 18:50:53', 7);
INSERT INTO `sys_oper_log` VALUES (344, '模板指标', 2, 'com.ruoyi.web.controller.perf.PerfTemplateItemController.edit()', 'PUT', 1, 'admin', '研发部门', '/perf/templateItem', '127.0.0.1', '内网IP', '{\"createBy\":\"1\",\"createTime\":\"2025-12-01 13:43:26\",\"id\":121,\"itemName\":\"代码质量\",\"itemType\":\"OBJECTIVE\",\"maxScore\":10,\"minScore\":1,\"params\":{},\"remark\":\"\",\"scoreStandard\":\"\",\"sortOrder\":0,\"templateId\":106,\"updateBy\":\"1\",\"updateTime\":\"2025-12-01 18:50:53\",\"weight\":40}', '{\"msg\":\"操作成功\",\"code\":200}', 0, NULL, '2025-12-01 18:51:01', 7);
INSERT INTO `sys_oper_log` VALUES (345, '模板指标', 1, 'com.ruoyi.web.controller.perf.PerfTemplateItemController.add()', 'POST', 1, 'admin', '研发部门', '/perf/templateItem', '127.0.0.1', '内网IP', '{\"itemName\":\"而\",\"itemType\":\"目标\",\"maxScore\":1,\"minScore\":1,\"params\":{},\"templateId\":101,\"weight\":1}', '{\"msg\":\"操作成功\",\"code\":200}', 0, NULL, '2025-12-01 18:55:40', 5);
INSERT INTO `sys_oper_log` VALUES (346, '模板指标', 2, 'com.ruoyi.web.controller.perf.PerfTemplateItemController.edit()', 'PUT', 1, 'admin', '研发部门', '/perf/templateItem', '127.0.0.1', '内网IP', '{\"createBy\":\"1\",\"createTime\":\"2025-12-01 18:17:32\",\"id\":123,\"itemName\":\"水电费\",\"itemType\":\"\",\"maxScore\":5,\"minScore\":1,\"params\":{},\"parentId\":101,\"remark\":\"\",\"scoreStandard\":\"\",\"sortOrder\":0,\"templateId\":101,\"updateBy\":\"\",\"weight\":3}', '{\"msg\":\"操作成功\",\"code\":200}', 0, NULL, '2025-12-01 18:55:46', 11);
INSERT INTO `sys_oper_log` VALUES (347, '模板指标', 1, 'com.ruoyi.web.controller.perf.PerfTemplateItemController.add()', 'POST', 1, 'admin', '研发部门', '/perf/templateItem', '127.0.0.1', '内网IP', '{\"itemName\":\"特为\",\"itemType\":\"目标\",\"maxScore\":1,\"minScore\":10,\"params\":{},\"templateId\":101,\"weight\":10}', '{\"msg\":\"操作成功\",\"code\":200}', 0, NULL, '2025-12-01 18:56:16', 6);
INSERT INTO `sys_oper_log` VALUES (348, '模板指标', 2, 'com.ruoyi.web.controller.perf.PerfTemplateItemController.edit()', 'PUT', 1, 'admin', '研发部门', '/perf/templateItem', '127.0.0.1', '内网IP', '{\"createBy\":\"1\",\"createTime\":\"2025-12-01 18:56:16\",\"id\":125,\"itemName\":\"特为\",\"itemType\":\"OBJECTIVE\",\"maxScore\":1,\"minScore\":10,\"params\":{},\"sortOrder\":0,\"templateId\":101,\"updateBy\":\"\",\"weight\":10}', '{\"msg\":\"操作成功\",\"code\":200}', 0, NULL, '2025-12-01 18:57:26', 7);
INSERT INTO `sys_oper_log` VALUES (349, '模板指标', 2, 'com.ruoyi.web.controller.perf.PerfTemplateItemController.edit()', 'PUT', 1, 'admin', '研发部门', '/perf/templateItem', '127.0.0.1', '内网IP', '{\"createBy\":\"1\",\"createTime\":\"2025-12-01 18:55:41\",\"id\":124,\"itemName\":\"而\",\"itemType\":\"KEY_RESULT\",\"maxScore\":1,\"minScore\":1,\"params\":{},\"sortOrder\":0,\"templateId\":101,\"updateBy\":\"\",\"weight\":1}', '{\"msg\":\"操作成功\",\"code\":200}', 0, NULL, '2025-12-01 18:57:30', 6);
INSERT INTO `sys_oper_log` VALUES (350, '模板指标', 1, 'com.ruoyi.web.controller.perf.PerfTemplateItemController.add()', 'POST', 1, 'admin', '研发部门', '/perf/templateItem', '127.0.0.1', '内网IP', '{\"itemName\":\"方法\",\"itemType\":\"OBJECTIVE\",\"maxScore\":1,\"minScore\":2,\"params\":{},\"templateId\":101,\"weight\":3}', '{\"msg\":\"操作成功\",\"code\":200}', 0, NULL, '2025-12-01 18:57:41', 3);
INSERT INTO `sys_oper_log` VALUES (351, '模板指标', 1, 'com.ruoyi.web.controller.perf.PerfTemplateItemController.add()', 'POST', 1, 'admin', 'IT部', '/perf/templateItem', '127.0.0.1', '内网IP', '{\"itemName\":\"代码质量\",\"itemType\":\"OBJECTIVE\",\"maxScore\":1,\"minScore\":1,\"params\":{},\"templateId\":106,\"weight\":40}', '{\"msg\":\"操作成功\",\"code\":200}', 0, NULL, '2025-12-02 10:13:31', 21);
INSERT INTO `sys_oper_log` VALUES (352, '模板指标', 3, 'com.ruoyi.web.controller.perf.PerfTemplateItemController.remove()', 'DELETE', 1, 'admin', 'IT部', '/perf/templateItem/124', '127.0.0.1', '内网IP', '[124]', '{\"msg\":\"操作成功\",\"code\":200}', 0, NULL, '2025-12-02 10:13:42', 5);
INSERT INTO `sys_oper_log` VALUES (353, '模板指标', 3, 'com.ruoyi.web.controller.perf.PerfTemplateItemController.remove()', 'DELETE', 1, 'admin', 'IT部', '/perf/templateItem/123', '127.0.0.1', '内网IP', '[123]', '{\"msg\":\"操作成功\",\"code\":200}', 0, NULL, '2025-12-02 10:13:44', 5);
INSERT INTO `sys_oper_log` VALUES (354, '模板指标', 2, 'com.ruoyi.web.controller.perf.PerfTemplateItemController.edit()', 'PUT', 1, 'admin', 'IT部', '/perf/templateItem', '127.0.0.1', '内网IP', '{\"createBy\":\"1\",\"createTime\":\"2025-12-01 13:43:26\",\"id\":121,\"itemName\":\"提升代码质量，减少线上缺陷\",\"itemType\":\"COMPETENCY\",\"maxScore\":10,\"minScore\":1,\"params\":{},\"parentId\":101,\"remark\":\"\",\"scoreStandard\":\"95%以上:5分, 90-95%:4分, 85-90%:3分, 80-85%:2分, 低于80%:1分\",\"sortOrder\":0,\"templateId\":106,\"updateBy\":\"1\",\"updateTime\":\"2025-12-01 18:51:02\",\"weight\":10}', '{\"msg\":\"操作成功\",\"code\":200}', 0, NULL, '2025-12-02 10:14:36', 11);
INSERT INTO `sys_oper_log` VALUES (355, '模板指标', 2, 'com.ruoyi.web.controller.perf.PerfTemplateItemController.edit()', 'PUT', 1, 'admin', 'IT部', '/perf/templateItem', '127.0.0.1', '内网IP', '{\"createBy\":\"\",\"createTime\":\"2025-11-26 14:53:19\",\"id\":101,\"itemName\":\"产品质量提升\",\"itemType\":\"OBJECTIVE\",\"maxScore\":5,\"minScore\":1,\"params\":{},\"scoreStandard\":\"代码质量、测试覆盖、线上稳定性\",\"sortOrder\":1,\"templateId\":106,\"updateBy\":\"1\",\"updateTime\":\"2025-11-26 15:38:42\",\"weight\":40}', '{\"msg\":\"操作成功\",\"code\":200}', 0, NULL, '2025-12-02 10:14:48', 6);
INSERT INTO `sys_oper_log` VALUES (356, '模板指标', 2, 'com.ruoyi.web.controller.perf.PerfTemplateItemController.edit()', 'PUT', 1, 'admin', 'IT部', '/perf/templateItem', '127.0.0.1', '内网IP', '{\"createBy\":\"1\",\"createTime\":\"2025-11-26 15:25:45\",\"id\":118,\"itemName\":\"线上缺陷数量\",\"itemType\":\"OBJECTIVE\",\"maxScore\":10,\"minScore\":1,\"params\":{},\"parentId\":101,\"scoreStandard\":\"100%完成:5分, 95-100%:4分, 90-95%:3分, 85-90%:2分, 低于85%:1分\",\"sortOrder\":0,\"templateId\":106,\"updateBy\":\"\",\"weight\":10}', '{\"msg\":\"操作成功\",\"code\":200}', 0, NULL, '2025-12-02 10:15:30', 7);
INSERT INTO `sys_oper_log` VALUES (357, '模板指标', 1, 'com.ruoyi.web.controller.perf.PerfTemplateItemController.copyTemplateItem()', 'POST', 1, 'admin', 'IT部', '/perf/templateItem/copyTemplateItem/122', '127.0.0.1', '内网IP', '122', '{\"msg\":\"操作成功\",\"code\":200,\"data\":1}', 0, NULL, '2025-12-02 11:57:34', 11);
INSERT INTO `sys_oper_log` VALUES (358, '模板指标', 2, 'com.ruoyi.web.controller.perf.PerfTemplateItemController.edit()', 'PUT', 1, 'admin', 'IT部', '/perf/templateItem', '127.0.0.1', '内网IP', '{\"createBy\":\"1\",\"createTime\":\"2025-12-02 11:57:34\",\"id\":128,\"itemName\":\"线上缺陷数量\",\"itemType\":\"KEY_RESULT\",\"maxScore\":10,\"minScore\":1,\"params\":{},\"parentId\":125,\"scoreStandard\":\"无严重缺陷:5分, 1-2个:4分, 3-4个:3分, 5-6个:2分, 超过6个:1分\",\"sortOrder\":0,\"templateId\":106,\"updateBy\":\"\",\"weight\":10}', '{\"msg\":\"操作成功\",\"code\":200}', 0, NULL, '2025-12-02 13:37:22', 12);
INSERT INTO `sys_oper_log` VALUES (359, '模板指标', 1, 'com.ruoyi.web.controller.perf.PerfTemplateItemController.copyTemplateItem()', 'POST', 1, 'admin', 'IT部', '/perf/templateItem/copyTemplateItem/128', '127.0.0.1', '内网IP', '128', '{\"msg\":\"操作成功\",\"code\":200,\"data\":1}', 0, NULL, '2025-12-02 13:42:42', 7);
INSERT INTO `sys_oper_log` VALUES (360, '模板指标', 1, 'com.ruoyi.web.controller.perf.PerfTemplateItemController.copyTemplateItem()', 'POST', 1, 'admin', 'IT部', '/perf/templateItem/copyTemplateItem/125', '127.0.0.1', '内网IP', '125', '{\"msg\":\"操作成功\",\"code\":200,\"data\":1}', 0, NULL, '2025-12-02 13:42:46', 7);
INSERT INTO `sys_oper_log` VALUES (361, '模板指标', 3, 'com.ruoyi.web.controller.perf.PerfTemplateItemController.remove()', 'DELETE', 1, 'admin', 'IT部', '/perf/templateItem/130', '127.0.0.1', '内网IP', '[130]', '{\"msg\":\"操作成功\",\"code\":200}', 0, NULL, '2025-12-02 13:44:41', 6);
INSERT INTO `sys_oper_log` VALUES (362, '模板指标', 1, 'com.ruoyi.web.controller.perf.PerfTemplateItemController.copyTemplateItem()', 'POST', 1, 'admin', 'IT部', '/perf/templateItem/copyTemplateItem/129', '127.0.0.1', '内网IP', '129', '{\"msg\":\"操作成功\",\"code\":200,\"data\":1}', 0, NULL, '2025-12-02 13:44:46', 6);
INSERT INTO `sys_oper_log` VALUES (363, '模板指标', 3, 'com.ruoyi.web.controller.perf.PerfTemplateItemController.remove()', 'DELETE', 1, 'admin', 'IT部', '/perf/templateItem/131', '127.0.0.1', '内网IP', '[131]', '{\"msg\":\"操作成功\",\"code\":200}', 0, NULL, '2025-12-02 13:44:53', 3);
INSERT INTO `sys_oper_log` VALUES (364, '模板指标', 3, 'com.ruoyi.web.controller.perf.PerfTemplateItemController.remove()', 'DELETE', 1, 'admin', 'IT部', '/perf/templateItem/129', '127.0.0.1', '内网IP', '[129]', '{\"msg\":\"操作成功\",\"code\":200}', 0, NULL, '2025-12-02 13:50:57', 5);
INSERT INTO `sys_oper_log` VALUES (365, '模板指标', 2, 'com.ruoyi.web.controller.perf.PerfTemplateItemController.edit()', 'PUT', 1, 'admin', 'IT部', '/perf/templateItem', '127.0.0.1', '内网IP', '{\"createBy\":\"\",\"createTime\":\"2025-11-26 14:53:19\",\"id\":110,\"itemName\":\"个人技术成长\",\"itemType\":\"OBJECTIVE\",\"maxScore\":5,\"minScore\":1,\"params\":{},\"scoreStandard\":\"技术学习、知识分享\",\"sortOrder\":3,\"templateId\":106,\"updateBy\":\"\",\"weight\":25}', '{\"msg\":\"操作成功\",\"code\":200}', 0, NULL, '2025-12-02 13:51:30', 8);
INSERT INTO `sys_oper_log` VALUES (366, '模板指标', 2, 'com.ruoyi.web.controller.perf.PerfTemplateItemController.edit()', 'PUT', 1, 'admin', 'IT部', '/perf/templateItem', '127.0.0.1', '内网IP', '{\"createBy\":\"\",\"createTime\":\"2025-11-26 14:53:19\",\"id\":102,\"itemName\":\"代码Review通过率\",\"itemType\":\"KEY_RESULT\",\"maxScore\":10,\"minScore\":1,\"params\":{},\"parentId\":127,\"scoreStandard\":\"95%以上:5分, 90-95%:4分, 85-90%:3分, 80-85%:2分, 低于80%:1分\",\"sortOrder\":1,\"templateId\":101,\"updateBy\":\"1\",\"updateTime\":\"2025-11-26 15:23:17\",\"weight\":10}', '{\"msg\":\"操作成功\",\"code\":200}', 0, NULL, '2025-12-02 13:52:51', 12);
INSERT INTO `sys_oper_log` VALUES (367, '模板指标', 1, 'com.ruoyi.web.controller.perf.PerfTemplateItemController.copyTemplateItem()', 'POST', 1, 'admin', 'IT部', '/perf/templateItem/copyTemplateItem/102', '127.0.0.1', '内网IP', '102', '{\"msg\":\"操作成功\",\"code\":200,\"data\":1}', 0, NULL, '2025-12-02 13:57:33', 5);
INSERT INTO `sys_oper_log` VALUES (368, '模板指标', 1, 'com.ruoyi.web.controller.perf.PerfTemplateItemController.copyTemplateItem()', 'POST', 1, 'admin', 'IT部', '/perf/templateItem/copyTemplateItem/132', '127.0.0.1', '内网IP', '132', '{\"msg\":\"操作成功\",\"code\":200,\"data\":1}', 0, NULL, '2025-12-02 13:57:40', 6);
INSERT INTO `sys_oper_log` VALUES (369, '模板指标', 1, 'com.ruoyi.web.controller.perf.PerfTemplateItemController.copyTemplateItem()', 'POST', 1, 'admin', 'IT部', '/perf/templateItem/copyTemplateItem/127', '127.0.0.1', '内网IP', '127', '{\"msg\":\"操作成功\",\"code\":200,\"data\":1}', 0, NULL, '2025-12-02 13:57:52', 8);
INSERT INTO `sys_oper_log` VALUES (370, '模板指标', 3, 'com.ruoyi.web.controller.perf.PerfTemplateItemController.remove()', 'DELETE', 1, 'admin', 'IT部', '/perf/templateItem/134', '127.0.0.1', '内网IP', '[134]', '{\"msg\":\"操作成功\",\"code\":200}', 0, NULL, '2025-12-02 13:57:55', 4);
INSERT INTO `sys_oper_log` VALUES (371, '模板指标', 1, 'com.ruoyi.web.controller.perf.PerfTemplateItemController.copyTemplateItem()', 'POST', 1, 'admin', 'IT部', '/perf/templateItem/copyTemplateItem/122', '127.0.0.1', '内网IP', '122', '{\"msg\":\"操作成功\",\"code\":200,\"data\":1}', 0, NULL, '2025-12-02 13:58:29', 8);
INSERT INTO `sys_oper_log` VALUES (372, '模板指标', 3, 'com.ruoyi.web.controller.perf.PerfTemplateItemController.remove()', 'DELETE', 1, 'admin', 'IT部', '/perf/templateItem/135', '127.0.0.1', '内网IP', '[135]', '{\"msg\":\"操作成功\",\"code\":200}', 0, NULL, '2025-12-02 14:01:31', 3);
INSERT INTO `sys_oper_log` VALUES (373, '模板指标', 1, 'com.ruoyi.web.controller.perf.PerfTemplateItemController.copyTemplateItem()', 'POST', 1, 'admin', 'IT部', '/perf/templateItem/copyTemplateItem/122', '127.0.0.1', '内网IP', '122', '{\"msg\":\"操作成功\",\"code\":200,\"data\":1}', 0, NULL, '2025-12-02 14:01:35', 7);
INSERT INTO `sys_oper_log` VALUES (374, '模板指标', 3, 'com.ruoyi.web.controller.perf.PerfTemplateItemController.remove()', 'DELETE', 1, 'admin', 'IT部', '/perf/templateItem/133', '127.0.0.1', '内网IP', '[133]', '{\"msg\":\"操作成功\",\"code\":200}', 0, NULL, '2025-12-02 14:01:51', 3);
INSERT INTO `sys_oper_log` VALUES (375, '模板指标', 3, 'com.ruoyi.web.controller.perf.PerfTemplateItemController.remove()', 'DELETE', 1, 'admin', 'IT部', '/perf/templateItem/132', '127.0.0.1', '内网IP', '[132]', '{\"msg\":\"操作成功\",\"code\":200}', 0, NULL, '2025-12-02 14:01:55', 3);
INSERT INTO `sys_oper_log` VALUES (376, '模板指标', 1, 'com.ruoyi.web.controller.perf.PerfTemplateItemController.copyTemplateItem()', 'POST', 1, 'admin', 'IT部', '/perf/templateItem/copyTemplateItem/102', '127.0.0.1', '内网IP', '102', '{\"msg\":\"操作成功\",\"code\":200,\"data\":1}', 0, NULL, '2025-12-02 14:02:02', 6);
INSERT INTO `sys_oper_log` VALUES (377, '模板指标', 1, 'com.ruoyi.web.controller.perf.PerfTemplateItemController.copyTemplateItem()', 'POST', 1, 'admin', 'IT部', '/perf/templateItem/copyTemplateItem/137', '127.0.0.1', '内网IP', '137', '{\"msg\":\"操作成功\",\"code\":200,\"data\":1}', 0, NULL, '2025-12-02 14:03:02', 7);
INSERT INTO `sys_oper_log` VALUES (378, '模板指标', 1, 'com.ruoyi.web.controller.perf.PerfTemplateItemController.copyTemplateItem()', 'POST', 1, 'admin', 'IT部', '/perf/templateItem/copyTemplateItem/127', '127.0.0.1', '内网IP', '127', '{\"msg\":\"操作成功\",\"code\":200,\"data\":1}', 0, NULL, '2025-12-02 14:03:56', 7);
INSERT INTO `sys_oper_log` VALUES (379, '模板指标', 3, 'com.ruoyi.web.controller.perf.PerfTemplateItemController.remove()', 'DELETE', 1, 'admin', 'IT部', '/perf/templateItem/139', '127.0.0.1', '内网IP', '[139]', '{\"msg\":\"操作成功\",\"code\":200}', 0, NULL, '2025-12-02 14:04:01', 3);
INSERT INTO `sys_oper_log` VALUES (380, '模板指标', 1, 'com.ruoyi.web.controller.perf.PerfTemplateItemController.copyTemplateItem()', 'POST', 1, 'admin', 'IT部', '/perf/templateItem/copyTemplateItem/138', '127.0.0.1', '内网IP', '138', '{\"msg\":\"操作成功\",\"code\":200,\"data\":1}', 0, NULL, '2025-12-02 14:05:58', 8);
INSERT INTO `sys_oper_log` VALUES (381, '模板指标', 3, 'com.ruoyi.web.controller.perf.PerfTemplateItemController.remove()', 'DELETE', 1, 'admin', 'IT部', '/perf/templateItem/140', '127.0.0.1', '内网IP', '[140]', '{\"msg\":\"操作成功\",\"code\":200}', 0, NULL, '2025-12-02 14:08:20', 4);
INSERT INTO `sys_oper_log` VALUES (382, '模板指标', 1, 'com.ruoyi.web.controller.perf.PerfTemplateItemController.copyTemplateItem()', 'POST', 1, 'admin', 'IT部', '/perf/templateItem/copyTemplateItem/138', '127.0.0.1', '内网IP', '138', '{\"msg\":\"操作成功\",\"code\":200,\"data\":1}', 0, NULL, '2025-12-02 14:08:23', 11);
INSERT INTO `sys_oper_log` VALUES (383, '模板指标', 1, 'com.ruoyi.web.controller.perf.PerfTemplateItemController.copyTemplateItem()', 'POST', 1, 'admin', 'IT部', '/perf/templateItem/copyTemplateItem/137', '127.0.0.1', '内网IP', '137', '{\"msg\":\"操作成功\",\"code\":200,\"data\":1}', 0, NULL, '2025-12-02 14:08:28', 11);
INSERT INTO `sys_oper_log` VALUES (384, '模板指标', 1, 'com.ruoyi.web.controller.perf.PerfTemplateItemController.copyTemplateItem()', 'POST', 1, 'admin', 'IT部', '/perf/templateItem/copyTemplateItem/142', '127.0.0.1', '内网IP', '142', '{\"msg\":\"操作成功\",\"code\":200,\"data\":1}', 0, NULL, '2025-12-02 14:09:02', 8);
INSERT INTO `sys_oper_log` VALUES (385, '模板指标', 1, 'com.ruoyi.web.controller.perf.PerfTemplateItemController.copyTemplateItem()', 'POST', 1, 'admin', 'IT部', '/perf/templateItem/copyTemplateItem/128', '127.0.0.1', '内网IP', '128', '{\"msg\":\"操作成功\",\"code\":200,\"data\":1}', 0, NULL, '2025-12-02 14:09:08', 6);
INSERT INTO `sys_oper_log` VALUES (386, '模板指标', 1, 'com.ruoyi.web.controller.perf.PerfTemplateItemController.copyTemplateItem()', 'POST', 1, 'admin', 'IT部', '/perf/templateItem/copyTemplateItem/143', '127.0.0.1', '内网IP', '143', '{\"msg\":\"操作成功\",\"code\":200,\"data\":1}', 0, NULL, '2025-12-02 14:09:54', 13);
INSERT INTO `sys_oper_log` VALUES (387, '模板指标', 1, 'com.ruoyi.web.controller.perf.PerfTemplateItemController.copyTemplateItem()', 'POST', 1, 'admin', 'IT部', '/perf/templateItem/copyTemplateItem/145', '127.0.0.1', '内网IP', '145', '{\"msg\":\"操作成功\",\"code\":200,\"data\":1}', 0, NULL, '2025-12-02 14:10:02', 9);
INSERT INTO `sys_oper_log` VALUES (388, '模板指标', 1, 'com.ruoyi.web.controller.perf.PerfTemplateItemController.copyTemplateItem()', 'POST', 1, 'admin', 'IT部', '/perf/templateItem/copyTemplateItem/146', '127.0.0.1', '内网IP', '146', '{\"msg\":\"操作成功\",\"code\":200,\"data\":1}', 0, NULL, '2025-12-02 14:12:13', 8);
INSERT INTO `sys_oper_log` VALUES (389, '模板指标', 1, 'com.ruoyi.web.controller.perf.PerfTemplateItemController.copyTemplateItem()', 'POST', 1, 'admin', 'IT部', '/perf/templateItem/copyTemplateItem/147', '127.0.0.1', '内网IP', '147', '{\"msg\":\"操作成功\",\"code\":200,\"data\":1}', 0, NULL, '2025-12-02 14:13:20', 8);
INSERT INTO `sys_oper_log` VALUES (390, '模板指标', 3, 'com.ruoyi.web.controller.perf.PerfTemplateItemController.remove()', 'DELETE', 1, 'admin', 'IT部', '/perf/templateItem/147', '127.0.0.1', '内网IP', '[147]', '{\"msg\":\"操作成功\",\"code\":200}', 0, NULL, '2025-12-02 14:13:24', 5);
INSERT INTO `sys_oper_log` VALUES (391, '模板指标', 3, 'com.ruoyi.web.controller.perf.PerfTemplateItemController.remove()', 'DELETE', 1, 'admin', 'IT部', '/perf/templateItem/148', '127.0.0.1', '内网IP', '[148]', '{\"msg\":\"操作成功\",\"code\":200}', 0, NULL, '2025-12-02 14:13:29', 4);
INSERT INTO `sys_oper_log` VALUES (392, '模板指标', 3, 'com.ruoyi.web.controller.perf.PerfTemplateItemController.remove()', 'DELETE', 1, 'admin', 'IT部', '/perf/templateItem/146', '127.0.0.1', '内网IP', '[146]', '{\"msg\":\"操作成功\",\"code\":200}', 0, NULL, '2025-12-02 14:13:33', 3);
INSERT INTO `sys_oper_log` VALUES (393, '模板指标', 3, 'com.ruoyi.web.controller.perf.PerfTemplateItemController.remove()', 'DELETE', 1, 'admin', 'IT部', '/perf/templateItem/145', '127.0.0.1', '内网IP', '[145]', '{\"msg\":\"操作成功\",\"code\":200}', 0, NULL, '2025-12-02 14:13:36', 4);
INSERT INTO `sys_oper_log` VALUES (394, '模板指标', 3, 'com.ruoyi.web.controller.perf.PerfTemplateItemController.remove()', 'DELETE', 1, 'admin', 'IT部', '/perf/templateItem/143,142,141,138,137', '127.0.0.1', '内网IP', '[143,142,141,138,137]', '{\"msg\":\"操作成功\",\"code\":200}', 0, NULL, '2025-12-02 14:13:43', 5);
INSERT INTO `sys_oper_log` VALUES (395, '模板指标', 3, 'com.ruoyi.web.controller.perf.PerfTemplateItemController.remove()', 'DELETE', 1, 'admin', 'IT部', '/perf/templateItem/128,122,118,120,104,136', '127.0.0.1', '内网IP', '[128,122,118,120,104,136]', '{\"msg\":\"操作成功\",\"code\":200}', 0, NULL, '2025-12-02 14:14:17', 3);
INSERT INTO `sys_oper_log` VALUES (396, '模板指标', 1, 'com.ruoyi.web.controller.perf.PerfTemplateItemController.copyTemplateItem()', 'POST', 1, 'admin', 'IT部', '/perf/templateItem/copyTemplateItem/102', '127.0.0.1', '内网IP', '102', '{\"msg\":\"操作成功\",\"code\":200,\"data\":1}', 0, NULL, '2025-12-02 14:15:54', 6);
INSERT INTO `sys_oper_log` VALUES (397, '模板指标', 1, 'com.ruoyi.web.controller.perf.PerfTemplateItemController.copyTemplateItem()', 'POST', 1, 'admin', 'IT部', '/perf/templateItem/copyTemplateItem/149', '127.0.0.1', '内网IP', '149', '{\"msg\":\"操作成功\",\"code\":200,\"data\":1}', 0, NULL, '2025-12-02 14:17:58', 5);
INSERT INTO `sys_oper_log` VALUES (398, '模板指标', 1, 'com.ruoyi.web.controller.perf.PerfTemplateItemController.copyTemplateItem()', 'POST', 1, 'admin', 'IT部', '/perf/templateItem/copyTemplateItem/150', '127.0.0.1', '内网IP', '150', '{\"msg\":\"操作成功\",\"code\":200,\"data\":1}', 0, NULL, '2025-12-02 14:18:38', 7);
INSERT INTO `sys_oper_log` VALUES (399, '模板指标', 1, 'com.ruoyi.web.controller.perf.PerfTemplateItemController.copyTemplateItem()', 'POST', 1, 'admin', 'IT部', '/perf/templateItem/copyTemplateItem/151', '127.0.0.1', '内网IP', '151', '{\"msg\":\"操作成功\",\"code\":200,\"data\":1}', 0, NULL, '2025-12-02 14:22:13', 7);
INSERT INTO `sys_oper_log` VALUES (400, '模板指标', 1, 'com.ruoyi.web.controller.perf.PerfTemplateItemController.copyTemplateItem()', 'POST', 1, 'admin', 'IT部', '/perf/templateItem/copyTemplateItem/152', '127.0.0.1', '内网IP', '152', '{\"msg\":\"操作成功\",\"code\":200,\"data\":1}', 0, NULL, '2025-12-02 14:22:21', 5);
INSERT INTO `sys_oper_log` VALUES (401, '模板指标', 1, 'com.ruoyi.web.controller.perf.PerfTemplateItemController.copyTemplateItem()', 'POST', 1, 'admin', 'IT部', '/perf/templateItem/copyTemplateItem/144', '127.0.0.1', '内网IP', '144', '{\"msg\":\"操作成功\",\"code\":200,\"data\":1}', 0, NULL, '2025-12-02 14:22:35', 7);
INSERT INTO `sys_oper_log` VALUES (402, '模板指标', 1, 'com.ruoyi.web.controller.perf.PerfTemplateItemController.copyTemplateItem()', 'POST', 1, 'admin', 'IT部', '/perf/templateItem/copyTemplateItem/153', '127.0.0.1', '内网IP', '153', '{\"msg\":\"操作成功\",\"code\":200,\"data\":1}', 0, NULL, '2025-12-02 14:23:19', 9);
INSERT INTO `sys_oper_log` VALUES (403, '模板指标', 3, 'com.ruoyi.web.controller.perf.PerfTemplateItemController.remove()', 'DELETE', 1, 'admin', 'IT部', '/perf/templateItem/155', '127.0.0.1', '内网IP', '[155]', '{\"msg\":\"操作成功\",\"code\":200}', 0, NULL, '2025-12-02 14:23:43', 3);
INSERT INTO `sys_oper_log` VALUES (404, '模板指标', 1, 'com.ruoyi.web.controller.perf.PerfTemplateItemController.copyTemplateItem()', 'POST', 1, 'admin', 'IT部', '/perf/templateItem/copyTemplateItem/153', '127.0.0.1', '内网IP', '153', '{\"msg\":\"操作成功\",\"code\":200,\"data\":1}', 0, NULL, '2025-12-02 14:27:00', 8);
INSERT INTO `sys_oper_log` VALUES (405, '模板指标', 3, 'com.ruoyi.web.controller.perf.PerfTemplateItemController.remove()', 'DELETE', 1, 'admin', 'IT部', '/perf/templateItem/156', '127.0.0.1', '内网IP', '[156]', '{\"msg\":\"操作成功\",\"code\":200}', 0, NULL, '2025-12-02 14:29:23', 3);
INSERT INTO `sys_oper_log` VALUES (406, '模板指标', 1, 'com.ruoyi.web.controller.perf.PerfTemplateItemController.copyTemplateItem()', 'POST', 1, 'admin', 'IT部', '/perf/templateItem/copyTemplateItem/153', '127.0.0.1', '内网IP', '153', '{\"msg\":\"操作成功\",\"code\":200,\"data\":1}', 0, NULL, '2025-12-02 14:29:28', 6);
INSERT INTO `sys_oper_log` VALUES (407, '模板指标', 3, 'com.ruoyi.web.controller.perf.PerfTemplateItemController.remove()', 'DELETE', 1, 'admin', 'IT部', '/perf/templateItem/157', '127.0.0.1', '内网IP', '[157]', '{\"msg\":\"操作成功\",\"code\":200}', 0, NULL, '2025-12-02 14:29:31', 5);
INSERT INTO `sys_oper_log` VALUES (408, '模板指标', 2, 'com.ruoyi.web.controller.perf.PerfTemplateItemController.edit()', 'PUT', 1, 'admin', 'IT部', '/perf/templateItem', '127.0.0.1', '内网IP', '{\"createBy\":\"1\",\"createTime\":\"2025-12-02 14:22:22\",\"id\":153,\"itemName\":\"代码Review通过率\",\"itemType\":\"KEY_RESULT\",\"maxScore\":10,\"minScore\":1,\"params\":{},\"parentId\":127,\"scoreStandard\":\"95%以上:5分, 90-95%:4分, 85-90%:3分, 80-85%:2分, 低于80%:1分\",\"sortOrder\":1,\"templateId\":101,\"updateBy\":\"\",\"weight\":10}', '{\"msg\":\"操作成功\",\"code\":200}', 0, NULL, '2025-12-02 14:29:39', 11);
INSERT INTO `sys_oper_log` VALUES (409, '模板指标', 2, 'com.ruoyi.web.controller.perf.PerfTemplateItemController.edit()', 'PUT', 1, 'admin', 'IT部', '/perf/templateItem', '127.0.0.1', '内网IP', '{\"createBy\":\"1\",\"createTime\":\"2025-12-02 14:22:22\",\"id\":153,\"itemName\":\"代码Review通过率\",\"itemType\":\"KEY_RESULT\",\"maxScore\":10,\"minScore\":1,\"params\":{},\"parentId\":127,\"scoreStandard\":\"95%以上:5分, 90-95%:4分, 85-90%:3分, 80-85%:2分, 低于80%:1分\",\"sortOrder\":1,\"templateId\":101,\"updateBy\":\"1\",\"updateTime\":\"2025-12-02 14:29:40\",\"weight\":10}', '{\"msg\":\"操作成功\",\"code\":200}', 0, NULL, '2025-12-02 14:31:07', 8);
INSERT INTO `sys_oper_log` VALUES (410, '模板指标', 3, 'com.ruoyi.web.controller.perf.PerfTemplateItemController.remove()', 'DELETE', 1, 'admin', 'IT部', '/perf/templateItem/153', '127.0.0.1', '内网IP', '[153]', '{\"msg\":\"操作成功\",\"code\":200}', 0, NULL, '2025-12-02 14:31:11', 4);
INSERT INTO `sys_oper_log` VALUES (411, '模板指标', 3, 'com.ruoyi.web.controller.perf.PerfTemplateItemController.remove()', 'DELETE', 1, 'admin', 'IT部', '/perf/templateItem/152,151,150,149', '127.0.0.1', '内网IP', '[152,151,150,149]', '{\"msg\":\"操作成功\",\"code\":200}', 0, NULL, '2025-12-02 14:31:37', 5);
INSERT INTO `sys_oper_log` VALUES (412, '模板指标', 3, 'com.ruoyi.web.controller.perf.PerfTemplateItemController.remove()', 'DELETE', 1, 'admin', 'IT部', '/perf/templateItem/154', '127.0.0.1', '内网IP', '[154]', '{\"msg\":\"操作成功\",\"code\":200}', 0, NULL, '2025-12-02 14:32:12', 5);
INSERT INTO `sys_oper_log` VALUES (413, '模板指标', 3, 'com.ruoyi.web.controller.perf.PerfTemplateItemController.remove()', 'DELETE', 1, 'admin', 'IT部', '/perf/templateItem/157,155', '127.0.0.1', '内网IP', '[157,155]', '{\"msg\":\"操作成功\",\"code\":200}', 0, NULL, '2025-12-02 14:33:16', 3);
INSERT INTO `sys_oper_log` VALUES (414, '模板指标', 3, 'com.ruoyi.web.controller.perf.PerfTemplateItemController.remove()', 'DELETE', 1, 'admin', 'IT部', '/perf/templateItem/156', '127.0.0.1', '内网IP', '[156]', '{\"msg\":\"操作成功\",\"code\":200}', 0, NULL, '2025-12-02 14:33:20', 5);
INSERT INTO `sys_oper_log` VALUES (415, '绩效实例', 1, 'com.ruoyi.web.controller.perf.PerfPerformanceController.addMyPerformance()', 'POST', 1, 'admin', 'IT部', '/perf/performance/addMyPerformance', '127.0.0.1', '内网IP', '{\"currentStep\":0,\"deptId\":103,\"performanceNo\":\"PERF202512021435308028\",\"periodId\":110,\"status\":\"PENDING_SUBMISSION\",\"templateId\":106,\"userId\":1}', '{\"msg\":\"操作成功\",\"code\":200}', 0, NULL, '2025-12-02 14:35:30', 56);
INSERT INTO `sys_oper_log` VALUES (416, '菜单管理', 2, 'com.ruoyi.web.controller.system.SysMenuController.edit()', 'PUT', 1, 'admin', 'IT部', '/system/menu', '127.0.0.1', '内网IP', '{\"children\":[],\"component\":\"myPerf/performance/index\",\"createTime\":\"2025-11-28 16:38:27\",\"icon\":\"list\",\"isCache\":\"0\",\"isFrame\":\"1\",\"menuId\":2110,\"menuName\":\"绩效列表\",\"menuType\":\"C\",\"orderNum\":1,\"params\":{},\"parentId\":2109,\"path\":\"myperformance\",\"perms\":\"\",\"routeName\":\"\",\"status\":\"0\",\"updateBy\":\"admin\",\"visible\":\"0\"}', '{\"msg\":\"操作成功\",\"code\":200}', 0, NULL, '2025-12-02 15:03:32', 17);
INSERT INTO `sys_oper_log` VALUES (417, '菜单管理', 2, 'com.ruoyi.web.controller.system.SysMenuController.edit()', 'PUT', 1, 'admin', 'IT部', '/system/menu', '127.0.0.1', '内网IP', '{\"children\":[],\"component\":\"perf/performance/index\",\"createTime\":\"2025-11-26 18:30:50\",\"icon\":\"form\",\"isCache\":\"0\",\"isFrame\":\"1\",\"menuId\":2073,\"menuName\":\"人员绩效\",\"menuType\":\"C\",\"orderNum\":1,\"params\":{},\"parentId\":2000,\"path\":\"performance\",\"perms\":\"perf:performance:list\",\"routeName\":\"\",\"status\":\"0\",\"updateBy\":\"admin\",\"visible\":\"0\"}', '{\"msg\":\"操作成功\",\"code\":200}', 0, NULL, '2025-12-02 15:03:48', 5);
INSERT INTO `sys_oper_log` VALUES (418, '模板指标', 3, 'com.ruoyi.web.controller.perf.PerfTemplateItemController.remove()', 'DELETE', 1, 'admin', 'IT部', '/perf/templateItem/144', '127.0.0.1', '内网IP', '[144]', '{\"msg\":\"操作成功\",\"code\":200}', 0, NULL, '2025-12-02 15:11:38', 4);
INSERT INTO `sys_oper_log` VALUES (419, '模板指标', 2, 'com.ruoyi.web.controller.perf.PerfTemplateItemController.edit()', 'PUT', 1, 'admin', 'IT部', '/perf/templateItem', '127.0.0.1', '内网IP', '{\"createBy\":\"\",\"createTime\":\"2025-11-26 14:53:19\",\"id\":114,\"itemName\":\"运营产品质量\",\"itemType\":\"KEY_RESULT\",\"maxScore\":10,\"minScore\":1,\"params\":{},\"parentId\":101,\"sortOrder\":0,\"templateId\":106,\"updateBy\":\"\",\"weight\":50}', '{\"msg\":\"操作成功\",\"code\":200}', 0, NULL, '2025-12-02 15:11:53', 7);
INSERT INTO `sys_oper_log` VALUES (420, '模板指标', 2, 'com.ruoyi.web.controller.perf.PerfTemplateItemController.edit()', 'PUT', 1, 'admin', 'IT部', '/perf/templateItem', '127.0.0.1', '内网IP', '{\"createBy\":\"\",\"createTime\":\"2025-11-26 14:53:19\",\"id\":102,\"itemName\":\"代码Review通过率\",\"itemType\":\"KEY_RESULT\",\"maxScore\":10,\"minScore\":1,\"params\":{},\"parentId\":127,\"scoreStandard\":\"95%以上:5分, 90-95%:4分, 85-90%:3分, 80-85%:2分, 低于80%:1分\",\"sortOrder\":1,\"templateId\":106,\"updateBy\":\"1\",\"updateTime\":\"2025-12-02 13:52:52\",\"weight\":10}', '{\"msg\":\"操作成功\",\"code\":200}', 0, NULL, '2025-12-02 15:12:11', 8);
INSERT INTO `sys_oper_log` VALUES (421, '模板指标', 2, 'com.ruoyi.web.controller.perf.PerfTemplateItemController.edit()', 'PUT', 1, 'admin', 'IT部', '/perf/templateItem', '127.0.0.1', '内网IP', '{\"createBy\":\"\",\"createTime\":\"2025-11-26 14:53:19\",\"id\":110,\"itemName\":\"个人技术成长\",\"itemType\":\"OBJECTIVE\",\"maxScore\":5,\"minScore\":1,\"params\":{},\"scoreStandard\":\"技术学习、知识分享\",\"sortOrder\":3,\"templateId\":106,\"updateBy\":\"1\",\"updateTime\":\"2025-12-02 13:51:30\",\"weight\":20}', '{\"msg\":\"操作成功\",\"code\":200}', 0, NULL, '2025-12-02 15:13:13', 9);
INSERT INTO `sys_oper_log` VALUES (422, '模板指标', 2, 'com.ruoyi.web.controller.perf.PerfTemplateItemController.edit()', 'PUT', 1, 'admin', 'IT部', '/perf/templateItem', '127.0.0.1', '内网IP', '{\"createBy\":\"\",\"createTime\":\"2025-11-26 14:53:19\",\"id\":114,\"itemName\":\"运营产品质量\",\"itemType\":\"KEY_RESULT\",\"maxScore\":10,\"minScore\":1,\"params\":{},\"parentId\":101,\"sortOrder\":0,\"templateId\":106,\"updateBy\":\"1\",\"updateTime\":\"2025-12-02 15:11:54\",\"weight\":20}', '{\"msg\":\"操作成功\",\"code\":200}', 0, NULL, '2025-12-02 15:13:29', 5);
INSERT INTO `sys_oper_log` VALUES (423, '模板指标', 2, 'com.ruoyi.web.controller.perf.PerfTemplateItemController.edit()', 'PUT', 1, 'admin', 'IT部', '/perf/templateItem', '127.0.0.1', '内网IP', '{\"createBy\":\"\",\"createTime\":\"2025-11-26 14:53:19\",\"id\":102,\"itemName\":\"代码Review通过率\",\"itemType\":\"KEY_RESULT\",\"maxScore\":10,\"minScore\":1,\"params\":{},\"parentId\":127,\"scoreStandard\":\"95%以上:5分, 90-95%:4分, 85-90%:3分, 80-85%:2分, 低于80%:1分\",\"sortOrder\":1,\"templateId\":106,\"updateBy\":\"1\",\"updateTime\":\"2025-12-02 15:12:11\",\"weight\":40}', '{\"msg\":\"操作成功\",\"code\":200}', 0, NULL, '2025-12-02 15:13:43', 7);
INSERT INTO `sys_oper_log` VALUES (424, '模板指标', 2, 'com.ruoyi.web.controller.perf.PerfTemplateItemController.edit()', 'PUT', 1, 'admin', 'IT部', '/perf/templateItem', '127.0.0.1', '内网IP', '{\"createBy\":\"\",\"createTime\":\"2025-11-26 14:53:19\",\"id\":105,\"itemName\":\"技术文档完整性\",\"itemType\":\"KEY_RESULT\",\"maxScore\":10,\"minScore\":1,\"params\":{},\"parentId\":101,\"scoreStandard\":\"文档齐全规范:5分, 基本完整:4分, 部分缺失:3分, 严重缺失:2分, 无文档:1分\",\"sortOrder\":4,\"templateId\":106,\"updateBy\":\"\",\"weight\":10}', '{\"msg\":\"操作成功\",\"code\":200}', 0, NULL, '2025-12-02 15:13:54', 6);
INSERT INTO `sys_oper_log` VALUES (425, '模板指标', 2, 'com.ruoyi.web.controller.perf.PerfTemplateItemController.edit()', 'PUT', 1, 'admin', 'IT部', '/perf/templateItem', '127.0.0.1', '内网IP', '{\"createBy\":\"\",\"createTime\":\"2025-11-26 14:53:19\",\"id\":112,\"itemName\":\"技术分享次数\",\"itemType\":\"KEY_RESULT\",\"maxScore\":10,\"minScore\":1,\"params\":{},\"parentId\":110,\"scoreStandard\":\"2次以上:5分, 2次:4分, 1次:3分, 准备中:2分, 无:1分\",\"sortOrder\":2,\"templateId\":1,\"updateBy\":\"\",\"weight\":10}', '{\"msg\":\"操作成功\",\"code\":200}', 0, NULL, '2025-12-02 15:14:14', 10);
INSERT INTO `sys_oper_log` VALUES (426, '模板指标', 2, 'com.ruoyi.web.controller.perf.PerfTemplateItemController.edit()', 'PUT', 1, 'admin', 'IT部', '/perf/templateItem', '127.0.0.1', '内网IP', '{\"createBy\":\"\",\"createTime\":\"2025-11-26 14:53:19\",\"id\":113,\"itemName\":\"团队协作能力\",\"itemType\":\"KEY_RESULT\",\"maxScore\":10,\"minScore\":1,\"params\":{},\"parentId\":127,\"scoreStandard\":\"优秀:5分, 良好:4分, 一般:3分, 较差:2分, 差:1分\",\"sortOrder\":3,\"templateId\":106,\"updateBy\":\"\",\"weight\":10}', '{\"msg\":\"操作成功\",\"code\":200}', 0, NULL, '2025-12-02 15:14:33', 5);
INSERT INTO `sys_oper_log` VALUES (427, '模板指标', 2, 'com.ruoyi.web.controller.perf.PerfTemplateItemController.edit()', 'PUT', 1, 'admin', 'IT部', '/perf/templateItem', '127.0.0.1', '内网IP', '{\"createBy\":\"\",\"createTime\":\"2025-11-26 14:53:19\",\"id\":102,\"itemName\":\"代码Review通过率\",\"itemType\":\"KEY_RESULT\",\"maxScore\":10,\"minScore\":1,\"params\":{},\"parentId\":127,\"scoreStandard\":\"95%以上:5分, 90-95%:4分, 85-90%:3分, 80-85%:2分, 低于80%:1分\",\"sortOrder\":1,\"templateId\":106,\"updateBy\":\"1\",\"updateTime\":\"2025-12-02 15:13:44\",\"weight\":30}', '{\"msg\":\"操作成功\",\"code\":200}', 0, NULL, '2025-12-02 15:14:47', 8);
INSERT INTO `sys_oper_log` VALUES (428, '模板指标', 2, 'com.ruoyi.web.controller.perf.PerfTemplateItemController.edit()', 'PUT', 1, 'admin', 'IT部', '/perf/templateItem', '127.0.0.1', '内网IP', '{\"createBy\":\"\",\"createTime\":\"2025-11-26 14:53:19\",\"id\":102,\"itemName\":\"代码Review通过率\",\"itemType\":\"KEY_RESULT\",\"maxScore\":30,\"minScore\":1,\"params\":{},\"parentId\":127,\"scoreStandard\":\"95%以上:5分, 90-95%:4分, 85-90%:3分, 80-85%:2分, 低于80%:1分\",\"sortOrder\":1,\"templateId\":106,\"updateBy\":\"1\",\"updateTime\":\"2025-12-02 15:14:47\",\"weight\":30}', '{\"msg\":\"操作成功\",\"code\":200}', 0, NULL, '2025-12-02 15:15:34', 9);
INSERT INTO `sys_oper_log` VALUES (429, '模板指标', 2, 'com.ruoyi.web.controller.perf.PerfTemplateItemController.edit()', 'PUT', 1, 'admin', 'IT部', '/perf/templateItem', '127.0.0.1', '内网IP', '{\"createBy\":\"\",\"createTime\":\"2025-11-26 14:53:19\",\"id\":114,\"itemName\":\"运营产品质量\",\"itemType\":\"KEY_RESULT\",\"maxScore\":20,\"minScore\":1,\"params\":{},\"parentId\":101,\"sortOrder\":0,\"templateId\":106,\"updateBy\":\"1\",\"updateTime\":\"2025-12-02 15:13:29\",\"weight\":20}', '{\"msg\":\"操作成功\",\"code\":200}', 0, NULL, '2025-12-02 15:15:55', 7);
INSERT INTO `sys_oper_log` VALUES (430, '模板指标', 2, 'com.ruoyi.web.controller.perf.PerfTemplateItemController.edit()', 'PUT', 1, 'admin', 'IT部', '/perf/templateItem', '127.0.0.1', '内网IP', '{\"createBy\":\"\",\"createTime\":\"2025-11-26 14:53:19\",\"id\":111,\"itemName\":\"新技术学习应用\",\"itemType\":\"KEY_RESULT\",\"maxScore\":10,\"minScore\":1,\"params\":{},\"parentId\":110,\"scoreStandard\":\"掌握并应用新技术:5分, 学习但未应用:4分, 学习进度良好:3分, 一般:2分, 较差:1分\",\"sortOrder\":1,\"templateId\":1,\"updateBy\":\"\",\"weight\":10}', '{\"msg\":\"操作成功\",\"code\":200}', 0, NULL, '2025-12-02 15:16:01', 6);
INSERT INTO `sys_oper_log` VALUES (431, '绩效实例', 1, 'com.ruoyi.web.controller.perf.PerfPerformanceController.addMyPerformance()', 'POST', 1, 'admin', 'IT部', '/perf/performance/addMyPerformance', '127.0.0.1', '内网IP', '{\"currentStep\":0,\"deptId\":103,\"performanceNo\":\"PERF202512021520094882\",\"periodId\":110,\"status\":\"PENDING_SUBMISSION\",\"templateId\":106,\"userId\":1}', '{\"msg\":\"操作成功\",\"code\":200}', 0, NULL, '2025-12-02 15:20:09', 24);
INSERT INTO `sys_oper_log` VALUES (432, '模板指标', 2, 'com.ruoyi.web.controller.perf.PerfTemplateItemController.edit()', 'PUT', 1, 'admin', 'IT部', '/perf/templateItem', '127.0.0.1', '内网IP', '{\"createBy\":\"\",\"createTime\":\"2025-11-26 14:53:19\",\"id\":111,\"itemName\":\"新技术学习应用\",\"itemType\":\"KEY_RESULT\",\"maxScore\":10,\"minScore\":1,\"params\":{},\"parentId\":110,\"scoreStandard\":\"掌握并应用新技术:5分, 学习但未应用:4分, 学习进度良好:3分, 一般:2分, 较差:1分\",\"sortOrder\":1,\"templateId\":106,\"updateBy\":\"1\",\"updateTime\":\"2025-12-02 15:16:02\",\"weight\":10}', '{\"msg\":\"操作成功\",\"code\":200}', 0, NULL, '2025-12-02 15:20:38', 7);
INSERT INTO `sys_oper_log` VALUES (433, '模板指标', 2, 'com.ruoyi.web.controller.perf.PerfTemplateItemController.edit()', 'PUT', 1, 'admin', 'IT部', '/perf/templateItem', '127.0.0.1', '内网IP', '{\"createBy\":\"\",\"createTime\":\"2025-11-26 14:53:19\",\"id\":112,\"itemName\":\"技术分享次数\",\"itemType\":\"KEY_RESULT\",\"maxScore\":10,\"minScore\":1,\"params\":{},\"parentId\":110,\"scoreStandard\":\"2次以上:5分, 2次:4分, 1次:3分, 准备中:2分, 无:1分\",\"sortOrder\":2,\"templateId\":106,\"updateBy\":\"1\",\"updateTime\":\"2025-12-02 15:14:15\",\"weight\":10}', '{\"msg\":\"操作成功\",\"code\":200}', 0, NULL, '2025-12-02 15:20:43', 6);
INSERT INTO `sys_oper_log` VALUES (434, '绩效实例', 1, 'com.ruoyi.web.controller.perf.PerfPerformanceController.addMyPerformance()', 'POST', 1, 'admin', 'IT部', '/perf/performance/addMyPerformance', '127.0.0.1', '内网IP', '{\"currentStep\":0,\"deptId\":103,\"performanceNo\":\"PERF202512021523537800\",\"periodId\":110,\"status\":\"PENDING_SUBMISSION\",\"templateId\":106,\"userId\":1}', '{\"msg\":\"操作成功\",\"code\":200}', 0, NULL, '2025-12-02 15:23:53', 24);
INSERT INTO `sys_oper_log` VALUES (435, '绩效实例', 3, 'com.ruoyi.web.controller.perf.PerfPerformanceController.remove()', 'DELETE', 1, 'admin', 'IT部', '/perf/performance/1009,1008,1007,1003,1002', '127.0.0.1', '内网IP', '[1009,1008,1007,1003,1002]', '{\"msg\":\"操作成功\",\"code\":200}', 0, NULL, '2025-12-02 15:26:01', 4);
INSERT INTO `sys_oper_log` VALUES (436, '绩效实例', 1, 'com.ruoyi.web.controller.perf.PerfPerformanceController.addMyPerformance()', 'POST', 1, 'qixi', 'IT部', '/perf/performance/addMyPerformance', '127.0.0.1', '内网IP', '{\"currentStep\":0,\"deptId\":103,\"performanceNo\":\"PERF202512021532156307\",\"periodId\":110,\"status\":\"PENDING_SUBMISSION\",\"templateId\":106,\"userId\":101}', '{\"msg\":\"操作成功\",\"code\":200}', 0, NULL, '2025-12-02 15:32:15', 29);
INSERT INTO `sys_oper_log` VALUES (437, '模板指标', 2, 'com.ruoyi.web.controller.perf.PerfTemplateItemController.edit()', 'PUT', 1, 'admin', 'IT部', '/perf/templateItem', '127.0.0.1', '内网IP', '{\"createBy\":\"\",\"createTime\":\"2025-11-26 14:53:19\",\"id\":102,\"itemName\":\"代码Review通过率\",\"itemType\":\"KEY_RESULT\",\"maxScore\":30,\"minScore\":1,\"params\":{},\"parentId\":127,\"scoreStandard\":\"95%以上:5分, 90-95%:4分, 85-90%:3分, 80-85%:2分, 低于80%:1分\",\"sortOrder\":1,\"templateId\":106,\"updateBy\":\"1\",\"updateTime\":\"2025-12-02 15:15:35\",\"weight\":30}', '{\"msg\":\"操作成功\",\"code\":200}', 0, NULL, '2025-12-02 16:02:42', 9);
INSERT INTO `sys_oper_log` VALUES (438, '模板指标', 2, 'com.ruoyi.web.controller.perf.PerfTemplateItemController.edit()', 'PUT', 1, 'admin', 'IT部', '/perf/templateItem', '127.0.0.1', '内网IP', '{\"createBy\":\"\",\"createTime\":\"2025-11-26 14:53:19\",\"id\":102,\"itemName\":\"代码Review通过率\",\"itemType\":\"KEY_RESULT\",\"maxScore\":30,\"minScore\":1,\"params\":{},\"parentId\":127,\"scoreStandard\":\"95%以上:5分, 90-95%:4分, 85-90%:3分, 80-85%:2分, 低于80%:1分\",\"scoreUserIds\":[1,101],\"sortOrder\":1,\"templateId\":106,\"updateBy\":\"1\",\"updateTime\":\"2025-12-02 16:02:42\",\"weight\":30}', '{\"msg\":\"操作成功\",\"code\":200}', 0, NULL, '2025-12-02 16:03:25', 51);
INSERT INTO `sys_oper_log` VALUES (439, '代码生成', 6, 'com.ruoyi.generator.controller.GenController.importTableSave()', 'POST', 1, 'admin', 'IT部', '/tool/gen/importTable', '127.0.0.1', '内网IP', '{\"tables\":\"perf_performance_content_score\"}', '{\"msg\":\"操作成功\",\"code\":200}', 0, NULL, '2025-12-02 16:13:50', 72);
INSERT INTO `sys_oper_log` VALUES (440, '代码生成', 2, 'com.ruoyi.generator.controller.GenController.editSave()', 'PUT', 1, 'admin', 'IT部', '/tool/gen', '127.0.0.1', '内网IP', '{\"businessName\":\"score\",\"className\":\"PerfPerformanceContentScore\",\"columns\":[{\"capJavaField\":\"Id\",\"columnComment\":\"绩效ID\",\"columnId\":284,\"columnName\":\"id\",\"columnType\":\"bigint(20)\",\"createBy\":\"admin\",\"createTime\":\"2025-12-02 16:13:50\",\"dictType\":\"\",\"edit\":false,\"htmlType\":\"input\",\"increment\":true,\"insert\":true,\"isIncrement\":\"1\",\"isInsert\":\"1\",\"isPk\":\"1\",\"isRequired\":\"0\",\"javaField\":\"id\",\"javaType\":\"Long\",\"list\":false,\"params\":{},\"pk\":true,\"query\":false,\"queryType\":\"EQ\",\"required\":false,\"sort\":1,\"superColumn\":false,\"tableId\":21,\"updateBy\":\"\",\"usableColumn\":false},{\"capJavaField\":\"ContentId\",\"columnComment\":\"绩效内容id\",\"columnId\":285,\"columnName\":\"content_id\",\"columnType\":\"bigint(20)\",\"createBy\":\"admin\",\"createTime\":\"2025-12-02 16:13:50\",\"dictType\":\"\",\"edit\":true,\"htmlType\":\"input\",\"increment\":false,\"insert\":true,\"isEdit\":\"1\",\"isIncrement\":\"0\",\"isInsert\":\"1\",\"isList\":\"1\",\"isPk\":\"0\",\"isQuery\":\"1\",\"isRequired\":\"1\",\"javaField\":\"contentId\",\"javaType\":\"Long\",\"list\":true,\"params\":{},\"pk\":false,\"query\":true,\"queryType\":\"EQ\",\"required\":true,\"sort\":2,\"superColumn\":false,\"tableId\":21,\"updateBy\":\"\",\"usableColumn\":false},{\"capJavaField\":\"ScoreUserId\",\"columnComment\":\"评分人ID\",\"columnId\":286,\"columnName\":\"score_user_id\",\"columnType\":\"bigint(20)\",\"createBy\":\"admin\",\"createTime\":\"2025-12-02 16:13:50\",\"dictType\":\"\",\"edit\":true,\"htmlType\":\"input\",\"increment\":false,\"insert\":true,\"isEdit\":\"1\",\"isIncrement\":\"0\",\"isInsert\":\"1\",\"isList\":\"1\",\"isPk\":\"0\",\"isQuery\":\"1\",\"isRequired\":\"1\",\"javaField\":\"scoreUserId\",\"javaType\":\"Long\",\"list\":true,\"params\":{},\"pk\":false,\"query\":true,\"queryType\":\"EQ\",\"required\":true,\"sort\":3,\"superColumn\":false,\"tableId\":21,\"updateBy\":\"\",\"usableColumn\":false},{\"capJavaField\":\"Score\",\"columnComment\":\"得分\",\"columnId\":287,\"columnName\":\"score\",\"columnType\":\"decimal(5,2)\",\"createBy\":\"admin\",\"createTime\":\"2025-12-02 16:13:50\",\"dictType\":\"\",\"edit\":true,\"htmlType\":\"input\",\"increment\":false,\"insert\":true,\"isEdit\":\"1\",\"isIncrement\":\"0\",\"isInsert\":\"1\",\"isList\":\"1\",\"isPk\":\"0\",\"isQuery\":', '{\"msg\":\"操作成功\",\"code\":200}', 0, NULL, '2025-12-02 16:16:24', 37);
INSERT INTO `sys_oper_log` VALUES (441, '代码生成', 8, 'com.ruoyi.generator.controller.GenController.batchGenCode()', 'GET', 1, 'admin', 'IT部', '/tool/gen/batchGenCode', '127.0.0.1', '内网IP', '{\"tables\":\"perf_performance_content_score\"}', NULL, 0, NULL, '2025-12-02 16:16:30', 207);
INSERT INTO `sys_oper_log` VALUES (442, '模板指标', 2, 'com.ruoyi.web.controller.perf.PerfTemplateItemController.edit()', 'PUT', 1, 'admin', 'IT部', '/perf/templateItem', '127.0.0.1', '内网IP', '{\"id\":121,\"itemName\":\"提升代码质量，减少线上缺陷\",\"itemType\":\"COMPETENCY\",\"maxScore\":10,\"minScore\":1,\"params\":{},\"parentId\":101,\"scoreStandard\":\"95%以上:5分, 90-95%:4分, 85-90%:3分, 80-85%:2分, 低于80%:1分\",\"scoreUserIds\":[1,101],\"sortOrder\":0,\"templateId\":106,\"weight\":10}', '{\"msg\":\"操作成功\",\"code\":200}', 0, NULL, '2025-12-02 16:21:29', 18);
INSERT INTO `sys_oper_log` VALUES (443, '模板指标', 2, 'com.ruoyi.web.controller.perf.PerfTemplateItemController.edit()', 'PUT', 1, 'admin', 'IT部', '/perf/templateItem', '127.0.0.1', '内网IP', '{\"id\":105,\"itemName\":\"技术文档完整性\",\"itemType\":\"KEY_RESULT\",\"maxScore\":10,\"minScore\":1,\"params\":{},\"parentId\":101,\"scoreStandard\":\"文档齐全规范:5分, 基本完整:4分, 部分缺失:3分, 严重缺失:2分, 无文档:1分\",\"scoreUserIds\":[100],\"sortOrder\":4,\"templateId\":106,\"weight\":10}', '{\"msg\":\"操作成功\",\"code\":200}', 0, NULL, '2025-12-02 16:21:41', 8);
INSERT INTO `sys_oper_log` VALUES (444, '模板指标', 2, 'com.ruoyi.web.controller.perf.PerfTemplateItemController.edit()', 'PUT', 1, 'admin', 'IT部', '/perf/templateItem', '127.0.0.1', '内网IP', '{\"id\":114,\"itemName\":\"运营产品质量\",\"itemType\":\"KEY_RESULT\",\"maxScore\":20,\"minScore\":1,\"params\":{},\"parentId\":101,\"scoreUserIds\":[1,101],\"sortOrder\":0,\"templateId\":106,\"weight\":20}', '{\"msg\":\"操作成功\",\"code\":200}', 0, NULL, '2025-12-02 16:22:02', 8);
INSERT INTO `sys_oper_log` VALUES (445, '模板指标', 2, 'com.ruoyi.web.controller.perf.PerfTemplateItemController.edit()', 'PUT', 1, 'admin', 'IT部', '/perf/templateItem', '127.0.0.1', '内网IP', '{\"id\":111,\"itemName\":\"新技术学习应用\",\"itemType\":\"KEY_RESULT\",\"maxScore\":10,\"minScore\":1,\"params\":{},\"parentId\":110,\"scoreStandard\":\"掌握并应用新技术:5分, 学习但未应用:4分, 学习进度良好:3分, 一般:2分, 较差:1分\",\"scoreUserIds\":[1],\"sortOrder\":1,\"templateId\":106,\"weight\":10}', '{\"msg\":\"操作成功\",\"code\":200}', 0, NULL, '2025-12-02 16:22:07', 8);
INSERT INTO `sys_oper_log` VALUES (446, '绩效模板', 2, 'com.ruoyi.web.controller.perf.PerfTemplateController.edit()', 'PUT', 1, 'admin', 'IT部', '/perf/template', '127.0.0.1', '内网IP', '{\"defaultScoreId\":1,\"deptId\":103,\"id\":106,\"postIds\":[4,2],\"status\":\"0\",\"templateName\":\"IT绩效模版\",\"templateType\":\"KPI\"}', '{\"msg\":\"操作成功\",\"code\":200}', 0, NULL, '2025-12-02 18:16:27', 27);
INSERT INTO `sys_oper_log` VALUES (447, '模板指标', 2, 'com.ruoyi.web.controller.perf.PerfTemplateItemController.edit()', 'PUT', 1, 'admin', 'IT部', '/perf/templateItem', '127.0.0.1', '内网IP', '{\"id\":127,\"itemName\":\"代码质量\",\"itemType\":\"OBJECTIVE\",\"maxScore\":1,\"minScore\":1,\"sortOrder\":0,\"templateId\":106,\"weight\":40}', NULL, 1, 'java.lang.NullPointerException\r\n	at com.ruoyi.perf.service.impl.PerfTemplateItemServiceImpl.updatePerfTemplateItem(PerfTemplateItemServiceImpl.java:131)\r\n	at com.ruoyi.perf.service.impl.PerfTemplateItemServiceImpl$$FastClassBySpringCGLIB$$913b6730.invoke(<generated>)\r\n	at org.springframework.cglib.proxy.MethodProxy.invoke(MethodProxy.java:218)\r\n	at org.springframework.aop.framework.CglibAopProxy.invokeMethod(CglibAopProxy.java:386)\r\n	at org.springframework.aop.framework.CglibAopProxy.access$000(CglibAopProxy.java:85)\r\n	at org.springframework.aop.framework.CglibAopProxy$DynamicAdvisedInterceptor.intercept(CglibAopProxy.java:703)\r\n	at com.ruoyi.perf.service.impl.PerfTemplateItemServiceImpl$$EnhancerBySpringCGLIB$$58e027db.updatePerfTemplateItem(<generated>)\r\n	at com.ruoyi.web.controller.perf.PerfTemplateItemController.edit(PerfTemplateItemController.java:95)\r\n	at com.ruoyi.web.controller.perf.PerfTemplateItemController$$FastClassBySpringCGLIB$$cf90b31e.invoke(<generated>)\r\n	at org.springframework.cglib.proxy.MethodProxy.invoke(MethodProxy.java:218)\r\n	at org.springframework.aop.framework.CglibAopProxy$CglibMethodInvocation.invokeJoinpoint(CglibAopProxy.java:792)\r\n	at org.springframework.aop.framework.ReflectiveMethodInvocation.proceed(ReflectiveMethodInvocation.java:163)\r\n	at org.springframework.aop.framework.CglibAopProxy$CglibMethodInvocation.proceed(CglibAopProxy.java:762)\r\n	at org.springframework.aop.aspectj.AspectJAfterThrowingAdvice.invoke(AspectJAfterThrowingAdvice.java:64)\r\n	at org.springframework.aop.framework.ReflectiveMethodInvocation.proceed(ReflectiveMethodInvocation.java:175)\r\n	at org.springframework.aop.framework.CglibAopProxy$CglibMethodInvocation.proceed(CglibAopProxy.java:762)\r\n	at org.springframework.aop.framework.adapter.AfterReturningAdviceInterceptor.invoke(AfterReturningAdviceInterceptor.java:57)\r\n	at org.springframework.aop.framework.ReflectiveMethodInvocation.proceed(ReflectiveMethodInvocation.java:175)\r\n	at org.springframework.aop.framework.Cg', '2025-12-02 18:17:13', 13);
INSERT INTO `sys_oper_log` VALUES (448, '模板指标', 2, 'com.ruoyi.web.controller.perf.PerfTemplateItemController.edit()', 'PUT', 1, 'admin', 'IT部', '/perf/templateItem', '127.0.0.1', '内网IP', '{\"id\":127,\"itemName\":\"代码质量\",\"itemType\":\"OBJECTIVE\",\"maxScore\":1,\"minScore\":1,\"sortOrder\":0,\"templateId\":106,\"weight\":40}', '{\"msg\":\"操作成功\",\"code\":200}', 0, NULL, '2025-12-02 18:18:13', 40);
INSERT INTO `sys_oper_log` VALUES (449, '模板指标', 2, 'com.ruoyi.web.controller.perf.PerfTemplateItemController.edit()', 'PUT', 1, 'admin', 'IT部', '/perf/templateItem', '127.0.0.1', '内网IP', '{\"id\":102,\"itemName\":\"代码Review通过率\",\"itemType\":\"KEY_RESULT\",\"maxScore\":30,\"minScore\":1,\"parentId\":127,\"scoreStandard\":\"95%以上:5分, 90-95%:4分, 85-90%:3分, 80-85%:2分, 低于80%:1分\",\"scoreUserIds\":[1,101],\"sortOrder\":1,\"templateId\":106,\"weight\":30}', '{\"msg\":\"操作成功\",\"code\":200}', 0, NULL, '2025-12-02 18:18:28', 18);
INSERT INTO `sys_oper_log` VALUES (450, '模板指标', 2, 'com.ruoyi.web.controller.perf.PerfTemplateItemController.edit()', 'PUT', 1, 'admin', 'IT部', '/perf/templateItem', '127.0.0.1', '内网IP', '{\"id\":113,\"itemName\":\"团队协作能力\",\"itemType\":\"KEY_RESULT\",\"maxScore\":10,\"minScore\":1,\"parentId\":127,\"scoreStandard\":\"优秀:5分, 良好:4分, 一般:3分, 较差:2分, 差:1分\",\"sortOrder\":3,\"templateId\":106,\"weight\":10}', '{\"msg\":\"操作成功\",\"code\":200}', 0, NULL, '2025-12-02 18:18:41', 11);
INSERT INTO `sys_oper_log` VALUES (451, '模板指标', 2, 'com.ruoyi.web.controller.perf.PerfTemplateItemController.edit()', 'PUT', 1, 'admin', 'IT部', '/perf/templateItem', '127.0.0.1', '内网IP', '{\"id\":121,\"itemName\":\"提升代码质量，减少线上缺陷\",\"itemType\":\"COMPETENCY\",\"maxScore\":10,\"minScore\":1,\"parentId\":101,\"scoreStandard\":\"95%以上:5分, 90-95%:4分, 85-90%:3分, 80-85%:2分, 低于80%:1分\",\"scoreUserIds\":[1,101],\"sortOrder\":0,\"templateId\":106,\"weight\":10}', '{\"msg\":\"操作成功\",\"code\":200}', 0, NULL, '2025-12-02 18:18:56', 8);
INSERT INTO `sys_oper_log` VALUES (452, '模板指标', 2, 'com.ruoyi.web.controller.perf.PerfTemplateItemController.edit()', 'PUT', 1, 'admin', 'IT部', '/perf/templateItem', '127.0.0.1', '内网IP', '{\"id\":105,\"itemName\":\"技术文档完整性\",\"itemType\":\"KEY_RESULT\",\"maxScore\":10,\"minScore\":1,\"parentId\":101,\"scoreStandard\":\"文档齐全规范:5分, 基本完整:4分, 部分缺失:3分, 严重缺失:2分, 无文档:1分\",\"scoreUserIds\":[100],\"sortOrder\":4,\"templateId\":106,\"weight\":10}', '{\"msg\":\"操作成功\",\"code\":200}', 0, NULL, '2025-12-02 18:19:01', 10);
INSERT INTO `sys_oper_log` VALUES (453, '模板指标', 2, 'com.ruoyi.web.controller.perf.PerfTemplateItemController.edit()', 'PUT', 1, 'admin', 'IT部', '/perf/templateItem', '127.0.0.1', '内网IP', '{\"id\":114,\"itemName\":\"运营产品质量\",\"itemType\":\"KEY_RESULT\",\"maxScore\":20,\"minScore\":1,\"parentId\":101,\"scoreUserIds\":[1,101],\"sortOrder\":0,\"templateId\":106,\"weight\":20}', '{\"msg\":\"操作成功\",\"code\":200}', 0, NULL, '2025-12-02 18:19:05', 9);
INSERT INTO `sys_oper_log` VALUES (454, '模板指标', 2, 'com.ruoyi.web.controller.perf.PerfTemplateItemController.edit()', 'PUT', 1, 'admin', 'IT部', '/perf/templateItem', '127.0.0.1', '内网IP', '{\"id\":111,\"itemName\":\"新技术学习应用\",\"itemType\":\"KEY_RESULT\",\"maxScore\":10,\"minScore\":1,\"parentId\":110,\"scoreStandard\":\"掌握并应用新技术:5分, 学习但未应用:4分, 学习进度良好:3分, 一般:2分, 较差:1分\",\"scoreUserIds\":[1],\"sortOrder\":1,\"templateId\":106,\"weight\":10}', '{\"msg\":\"操作成功\",\"code\":200}', 0, NULL, '2025-12-02 18:19:08', 10);
INSERT INTO `sys_oper_log` VALUES (455, '模板指标', 2, 'com.ruoyi.web.controller.perf.PerfTemplateItemController.edit()', 'PUT', 1, 'admin', 'IT部', '/perf/templateItem', '127.0.0.1', '内网IP', '{\"id\":112,\"itemName\":\"技术分享次数\",\"itemType\":\"KEY_RESULT\",\"maxScore\":10,\"minScore\":1,\"parentId\":110,\"scoreStandard\":\"2次以上:5分, 2次:4分, 1次:3分, 准备中:2分, 无:1分\",\"sortOrder\":2,\"templateId\":106,\"weight\":10}', '{\"msg\":\"操作成功\",\"code\":200}', 0, NULL, '2025-12-02 18:19:12', 10);
INSERT INTO `sys_oper_log` VALUES (456, '绩效内容', 2, 'com.ruoyi.web.controller.perf.PerfPerformanceContentController.editBatch()', 'PUT', 1, 'admin', 'IT部', '/perf/content/batch', '127.0.0.1', '内网IP', '{\"contentList\":[{\"id\":153,\"itemId\":105,\"params\":{},\"performanceId\":1010,\"selfScore\":1,\"updateBy\":\"1\",\"updateTime\":\"2025-12-02 18:32:51\"},{\"id\":158,\"itemId\":114,\"params\":{},\"performanceId\":1010,\"selfScore\":1,\"updateBy\":\"1\",\"updateTime\":\"2025-12-02 18:32:51\"},{\"id\":159,\"itemId\":121,\"params\":{},\"performanceId\":1010,\"selfScore\":1,\"updateBy\":\"1\",\"updateTime\":\"2025-12-02 18:32:51\"},{\"id\":155,\"itemId\":111,\"params\":{},\"performanceId\":1010,\"selfScore\":1,\"updateBy\":\"1\",\"updateTime\":\"2025-12-02 18:32:51\"},{\"id\":156,\"itemId\":112,\"params\":{},\"performanceId\":1010,\"selfScore\":1,\"updateBy\":\"1\",\"updateTime\":\"2025-12-02 18:32:51\"},{\"id\":152,\"itemId\":102,\"params\":{},\"performanceId\":1010,\"selfScore\":1,\"updateBy\":\"1\",\"updateTime\":\"2025-12-02 18:32:51\"},{\"id\":157,\"itemId\":113,\"params\":{},\"performanceId\":1010,\"selfScore\":1,\"updateBy\":\"1\",\"updateTime\":\"2025-12-02 18:32:51\"}],\"performanceId\":1010,\"performanceStatus\":\"PENDING_SCORE\",\"performanceStep\":1}', '{\"msg\":\"操作成功\",\"code\":200}', 0, NULL, '2025-12-02 18:32:52', 92);
INSERT INTO `sys_oper_log` VALUES (457, '绩效内容', 2, 'com.ruoyi.web.controller.perf.PerfPerformanceContentController.editBatch()', 'PUT', 1, 'admin', 'IT部', '/perf/content/batch', '127.0.0.1', '内网IP', '{\"contentList\":[{\"id\":153,\"itemId\":105,\"params\":{},\"performanceId\":1010,\"selfScore\":1},{\"id\":158,\"itemId\":114,\"params\":{},\"performanceId\":1010,\"selfScore\":1},{\"id\":159,\"itemId\":121,\"params\":{},\"performanceId\":1010,\"selfScore\":1},{\"id\":155,\"itemId\":111,\"params\":{},\"performanceId\":1010,\"selfScore\":1},{\"id\":156,\"itemId\":112,\"params\":{},\"performanceId\":1010,\"selfScore\":1},{\"id\":152,\"itemId\":102,\"params\":{},\"performanceId\":1010,\"selfScore\":1},{\"id\":157,\"itemId\":113,\"params\":{},\"performanceId\":1010,\"selfScore\":1}],\"performanceId\":1010,\"performanceStatus\":\"PENDING_SCORE\",\"performanceStep\":1}', NULL, 1, '该状态不允许修改', '2025-12-03 11:39:30', 31);
INSERT INTO `sys_oper_log` VALUES (458, '绩效内容', 2, 'com.ruoyi.web.controller.perf.PerfPerformanceContentController.editBatch()', 'PUT', 1, 'admin', 'IT部', '/perf/content/batch', '127.0.0.1', '内网IP', '{\"contentList\":[{\"id\":153,\"itemId\":105,\"params\":{},\"performanceId\":1010,\"selfScore\":1},{\"id\":158,\"itemId\":114,\"params\":{},\"performanceId\":1010,\"selfScore\":1},{\"id\":159,\"itemId\":121,\"params\":{},\"performanceId\":1010,\"selfScore\":1},{\"id\":155,\"itemId\":111,\"params\":{},\"performanceId\":1010,\"selfScore\":1},{\"id\":156,\"itemId\":112,\"params\":{},\"performanceId\":1010,\"selfScore\":1},{\"id\":152,\"itemId\":102,\"params\":{},\"performanceId\":1010,\"selfScore\":1},{\"id\":157,\"itemId\":113,\"params\":{},\"performanceId\":1010,\"selfScore\":1}],\"performanceId\":1010,\"performanceStatus\":\"DRAFT\"}', NULL, 1, '该状态不允许修改', '2025-12-03 11:39:41', 5);
INSERT INTO `sys_oper_log` VALUES (459, '绩效内容', 2, 'com.ruoyi.web.controller.perf.PerfPerformanceContentController.editBatch()', 'PUT', 1, 'admin', 'IT部', '/perf/content/batch', '127.0.0.1', '内网IP', '{\"contentList\":[{\"id\":153,\"itemId\":105,\"params\":{},\"performanceId\":1010,\"selfScore\":1},{\"id\":158,\"itemId\":114,\"params\":{},\"performanceId\":1010,\"selfScore\":1},{\"id\":159,\"itemId\":121,\"params\":{},\"performanceId\":1010,\"selfScore\":1},{\"id\":155,\"itemId\":111,\"params\":{},\"performanceId\":1010,\"selfScore\":1},{\"id\":156,\"itemId\":112,\"params\":{},\"performanceId\":1010,\"selfScore\":1},{\"id\":152,\"itemId\":102,\"params\":{},\"performanceId\":1010,\"selfScore\":1},{\"id\":157,\"itemId\":113,\"params\":{},\"performanceId\":1010,\"selfScore\":1}],\"performanceId\":1010,\"performanceStatus\":\"DRAFT\"}', NULL, 1, '该状态不允许修改', '2025-12-03 11:39:47', 9);
INSERT INTO `sys_oper_log` VALUES (460, '绩效内容', 2, 'com.ruoyi.web.controller.perf.PerfPerformanceContentController.editBatch()', 'PUT', 1, 'admin', 'IT部', '/perf/content/batch', '127.0.0.1', '内网IP', '{\"contentList\":[{\"id\":153,\"itemId\":105,\"params\":{},\"performanceId\":1010,\"selfScore\":1},{\"id\":158,\"itemId\":114,\"params\":{},\"performanceId\":1010,\"selfScore\":1},{\"id\":159,\"itemId\":121,\"params\":{},\"performanceId\":1010,\"selfScore\":1},{\"id\":155,\"itemId\":111,\"params\":{},\"performanceId\":1010,\"selfScore\":1},{\"id\":156,\"itemId\":112,\"params\":{},\"performanceId\":1010,\"selfScore\":1},{\"id\":152,\"itemId\":102,\"params\":{},\"performanceId\":1010,\"selfScore\":1},{\"id\":157,\"itemId\":113,\"params\":{},\"performanceId\":1010,\"selfScore\":1}],\"performanceId\":1010,\"performanceStatus\":\"DRAFT\"}', NULL, 1, '该状态不允许修改', '2025-12-03 11:40:09', 10);
INSERT INTO `sys_oper_log` VALUES (461, '绩效内容', 2, 'com.ruoyi.web.controller.perf.PerfPerformanceContentController.editBatch()', 'PUT', 1, 'admin', 'IT部', '/perf/content/batch', '127.0.0.1', '内网IP', '{\"contentList\":[{\"id\":153,\"itemId\":105,\"params\":{},\"performanceId\":1010,\"selfScore\":1},{\"id\":158,\"itemId\":114,\"params\":{},\"performanceId\":1010,\"selfScore\":1},{\"id\":159,\"itemId\":121,\"params\":{},\"performanceId\":1010,\"selfScore\":1},{\"id\":155,\"itemId\":111,\"params\":{},\"performanceId\":1010,\"selfScore\":1},{\"id\":156,\"itemId\":112,\"params\":{},\"performanceId\":1010,\"selfScore\":1},{\"id\":152,\"itemId\":102,\"params\":{},\"performanceId\":1010,\"selfScore\":1},{\"id\":157,\"itemId\":113,\"params\":{},\"performanceId\":1010,\"selfScore\":1}],\"performanceId\":1010,\"performanceStatus\":\"PENDING_SCORE\",\"performanceStep\":1}', NULL, 1, '该状态不允许修改', '2025-12-03 11:41:04', 6);
INSERT INTO `sys_oper_log` VALUES (462, '绩效内容', 2, 'com.ruoyi.web.controller.perf.PerfPerformanceContentController.editBatch()', 'PUT', 1, 'admin', 'IT部', '/perf/content/batch', '127.0.0.1', '内网IP', '{\"contentList\":[{\"id\":153,\"itemId\":105,\"params\":{},\"performanceId\":1010,\"selfScore\":1},{\"id\":158,\"itemId\":114,\"params\":{},\"performanceId\":1010,\"selfScore\":1},{\"id\":159,\"itemId\":121,\"params\":{},\"performanceId\":1010,\"selfScore\":1},{\"id\":155,\"itemId\":111,\"params\":{},\"performanceId\":1010,\"selfScore\":1},{\"id\":156,\"itemId\":112,\"params\":{},\"performanceId\":1010,\"selfScore\":1},{\"id\":152,\"itemId\":102,\"params\":{},\"performanceId\":1010,\"selfScore\":1},{\"id\":157,\"itemId\":113,\"params\":{},\"performanceId\":1010,\"selfScore\":1}],\"performanceId\":1010,\"performanceStatus\":\"PENDING_SCORE\",\"performanceStep\":1}', NULL, 1, '该状态不允许修改', '2025-12-03 11:41:26', 9);
INSERT INTO `sys_oper_log` VALUES (463, '绩效内容', 2, 'com.ruoyi.web.controller.perf.PerfPerformanceContentController.editBatch()', 'PUT', 1, 'admin', 'IT部', '/perf/content/batch', '127.0.0.1', '内网IP', '{\"contentList\":[{\"id\":153,\"itemId\":105,\"params\":{},\"performanceId\":1010,\"selfScore\":1,\"selfTarget\":\"111\"},{\"id\":158,\"itemId\":114,\"params\":{},\"performanceId\":1010,\"selfScore\":1},{\"id\":159,\"itemId\":121,\"params\":{},\"performanceId\":1010,\"selfScore\":1},{\"id\":155,\"itemId\":111,\"params\":{},\"performanceId\":1010,\"selfScore\":1},{\"id\":156,\"itemId\":112,\"params\":{},\"performanceId\":1010,\"selfScore\":1},{\"id\":152,\"itemId\":102,\"params\":{},\"performanceId\":1010,\"selfScore\":1},{\"id\":157,\"itemId\":113,\"params\":{},\"performanceId\":1010,\"selfScore\":1}],\"performanceId\":1010,\"performanceStatus\":\"PENDING_SCORE\",\"performanceStep\":1}', NULL, 1, '该状态不允许操作', '2025-12-03 11:43:32', 25);
INSERT INTO `sys_oper_log` VALUES (464, '绩效内容', 2, 'com.ruoyi.web.controller.perf.PerfPerformanceContentController.editBatch()', 'PUT', 1, 'admin', 'IT部', '/perf/content/batch', '127.0.0.1', '内网IP', '{\"contentList\":[{\"id\":153,\"itemId\":105,\"params\":{},\"performanceId\":1010,\"selfScore\":1,\"selfTarget\":\"111\",\"updateBy\":\"1\",\"updateTime\":\"2025-12-03 11:44:31\"},{\"id\":158,\"itemId\":114,\"params\":{},\"performanceId\":1010,\"selfScore\":1,\"updateBy\":\"1\",\"updateTime\":\"2025-12-03 11:44:31\"},{\"id\":159,\"itemId\":121,\"params\":{},\"performanceId\":1010,\"selfScore\":1,\"updateBy\":\"1\",\"updateTime\":\"2025-12-03 11:44:31\"},{\"id\":155,\"itemId\":111,\"params\":{},\"performanceId\":1010,\"selfScore\":1,\"updateBy\":\"1\",\"updateTime\":\"2025-12-03 11:44:31\"},{\"id\":156,\"itemId\":112,\"params\":{},\"performanceId\":1010,\"selfScore\":1,\"updateBy\":\"1\",\"updateTime\":\"2025-12-03 11:44:31\"},{\"id\":152,\"itemId\":102,\"params\":{},\"performanceId\":1010,\"selfScore\":1,\"updateBy\":\"1\",\"updateTime\":\"2025-12-03 11:44:31\"},{\"id\":157,\"itemId\":113,\"params\":{},\"performanceId\":1010,\"selfScore\":1,\"updateBy\":\"1\",\"updateTime\":\"2025-12-03 11:44:31\"}],\"performanceId\":1010,\"performanceStatus\":\"PENDING_SCORE\",\"performanceStep\":1}', '{\"msg\":\"操作成功\",\"code\":200}', 0, NULL, '2025-12-03 11:44:31', 114);
INSERT INTO `sys_oper_log` VALUES (465, '绩效内容', 2, 'com.ruoyi.web.controller.perf.PerfPerformanceContentController.editBatch()', 'PUT', 1, 'admin', 'IT部', '/perf/content/batch', '127.0.0.1', '内网IP', '{\"contentList\":[{\"id\":153,\"itemId\":105,\"params\":{},\"performanceId\":1010,\"selfScore\":1,\"selfTarget\":\"111\",\"updateBy\":\"1\",\"updateTime\":\"2025-12-03 11:52:02\"},{\"id\":158,\"itemId\":114,\"params\":{},\"performanceId\":1010,\"selfScore\":1,\"updateBy\":\"1\",\"updateTime\":\"2025-12-03 11:52:02\"},{\"id\":159,\"itemId\":121,\"params\":{},\"performanceId\":1010,\"selfScore\":1,\"updateBy\":\"1\",\"updateTime\":\"2025-12-03 11:52:02\"},{\"id\":155,\"itemId\":111,\"params\":{},\"performanceId\":1010,\"selfScore\":1,\"updateBy\":\"1\",\"updateTime\":\"2025-12-03 11:52:02\"},{\"id\":156,\"itemId\":112,\"params\":{},\"performanceId\":1010,\"selfScore\":1,\"updateBy\":\"1\",\"updateTime\":\"2025-12-03 11:52:02\"},{\"id\":152,\"itemId\":102,\"params\":{},\"performanceId\":1010,\"selfScore\":1,\"updateBy\":\"1\",\"updateTime\":\"2025-12-03 11:52:02\"},{\"id\":157,\"itemId\":113,\"params\":{},\"performanceId\":1010,\"selfScore\":1,\"updateBy\":\"1\",\"updateTime\":\"2025-12-03 11:52:02\"}],\"performanceId\":1010,\"performanceStatus\":\"DRAFT\"}', '{\"msg\":\"操作成功\",\"code\":200}', 0, NULL, '2025-12-03 11:52:02', 19);
INSERT INTO `sys_oper_log` VALUES (466, '绩效内容', 2, 'com.ruoyi.web.controller.perf.PerfPerformanceContentController.editBatch()', 'PUT', 1, 'admin', 'IT部', '/perf/content/batch', '127.0.0.1', '内网IP', '{\"contentList\":[{\"id\":153,\"itemId\":105,\"params\":{},\"performanceId\":1010,\"selfResult\":\"555\",\"selfScore\":1,\"selfTarget\":\"111\",\"updateBy\":\"1\",\"updateTime\":\"2025-12-03 11:52:05\"},{\"id\":158,\"itemId\":114,\"params\":{},\"performanceId\":1010,\"selfScore\":1,\"updateBy\":\"1\",\"updateTime\":\"2025-12-03 11:52:05\"},{\"id\":159,\"itemId\":121,\"params\":{},\"performanceId\":1010,\"selfScore\":1,\"updateBy\":\"1\",\"updateTime\":\"2025-12-03 11:52:05\"},{\"id\":155,\"itemId\":111,\"params\":{},\"performanceId\":1010,\"selfScore\":1,\"updateBy\":\"1\",\"updateTime\":\"2025-12-03 11:52:05\"},{\"id\":156,\"itemId\":112,\"params\":{},\"performanceId\":1010,\"selfScore\":1,\"updateBy\":\"1\",\"updateTime\":\"2025-12-03 11:52:05\"},{\"id\":152,\"itemId\":102,\"params\":{},\"performanceId\":1010,\"selfScore\":1,\"updateBy\":\"1\",\"updateTime\":\"2025-12-03 11:52:05\"},{\"id\":157,\"itemId\":113,\"params\":{},\"performanceId\":1010,\"selfScore\":1,\"updateBy\":\"1\",\"updateTime\":\"2025-12-03 11:52:05\"}],\"performanceId\":1010,\"performanceStatus\":\"DRAFT\"}', '{\"msg\":\"操作成功\",\"code\":200}', 0, NULL, '2025-12-03 11:52:05', 18);
INSERT INTO `sys_oper_log` VALUES (467, '菜单管理', 1, 'com.ruoyi.web.controller.system.SysMenuController.add()', 'POST', 1, 'admin', 'IT部', '/system/menu', '127.0.0.1', '内网IP', '{\"children\":[],\"component\":\"myPerf/backlog/index\",\"createBy\":\"admin\",\"icon\":\"time\",\"isCache\":\"0\",\"isFrame\":\"1\",\"menuName\":\"待我评分\",\"menuType\":\"C\",\"orderNum\":2,\"params\":{},\"parentId\":2109,\"path\":\"backlog\",\"status\":\"0\",\"visible\":\"0\"}', '{\"msg\":\"操作成功\",\"code\":200}', 0, NULL, '2025-12-03 16:19:30', 19);
INSERT INTO `sys_oper_log` VALUES (468, '角色管理', 2, 'com.ruoyi.web.controller.system.SysRoleController.edit()', 'PUT', 1, 'admin', 'IT部', '/system/role', '127.0.0.1', '内网IP', '{\"admin\":false,\"createTime\":\"2025-11-20 13:58:14\",\"dataScope\":\"2\",\"delFlag\":\"0\",\"deptCheckStrictly\":true,\"flag\":false,\"menuCheckStrictly\":true,\"menuIds\":[2109,2110,2111],\"params\":{},\"remark\":\"普通角色\",\"roleId\":2,\"roleKey\":\"common\",\"roleName\":\"普通角色\",\"roleSort\":2,\"status\":\"0\",\"updateBy\":\"admin\"}', '{\"msg\":\"操作成功\",\"code\":200}', 0, NULL, '2025-12-03 16:20:37', 34);
INSERT INTO `sys_oper_log` VALUES (469, '绩效指标评分', 2, 'com.ruoyi.web.controller.perf.PerfPerformanceContentScoreController.submitScoreBatch()', 'PUT', 1, 'admin', 'IT部', '/perf/score/submitScoreBatch', '127.0.0.1', '内网IP', '[{\"id\":2,\"score\":3}]', '{\"msg\":\"操作成功\",\"code\":200}', 0, NULL, '2025-12-03 18:14:52', 67);
INSERT INTO `sys_oper_log` VALUES (470, '绩效指标评分', 2, 'com.ruoyi.web.controller.perf.PerfPerformanceContentScoreController.submitScoreBatch()', 'PUT', 1, 'admin', 'IT部', '/perf/score/submitScoreBatch', '127.0.0.1', '内网IP', '[{\"id\":12,\"remark\":\"发发发发发发发发发发发发发发发发发发发发发发发发发发发\",\"score\":1.5},{\"id\":14,\"remark\":\"发发发发发发发发发发发发发发发发发发\",\"score\":2.5},{\"id\":16,\"remark\":\"发发发发发发发发发发发发发发发\",\"score\":2.5},{\"id\":17,\"remark\":\"发发发发发发发发发\",\"score\":2.5},{\"id\":18,\"remark\":\"发发发发发发\",\"score\":2.5},{\"id\":20,\"remark\":\"发发发\",\"score\":3}]', '{\"msg\":\"操作成功\",\"code\":200}', 0, NULL, '2025-12-03 18:16:51', 25);
INSERT INTO `sys_oper_log` VALUES (471, '绩效指标评分', 2, 'com.ruoyi.web.controller.perf.PerfPerformanceContentScoreController.submitScoreBatch()', 'PUT', 1, 'qixi', 'IT部', '/perf/score/submitScoreBatch', '127.0.0.1', '内网IP', '[{\"id\":13,\"remark\":\"好好哈好好哈好好哈好好哈\",\"score\":8},{\"id\":15,\"remark\":\"好好哈好好哈\",\"score\":6.5},{\"id\":19,\"remark\":\"好好哈\",\"score\":2.5}]', '{\"msg\":\"操作成功\",\"code\":200}', 0, NULL, '2025-12-03 18:19:24', 62);
INSERT INTO `sys_oper_log` VALUES (472, '个人信息', 2, 'com.ruoyi.web.controller.system.SysProfileController.updatePwd()', 'PUT', 1, 'test', 'IT部', '/system/user/profile/updatePwd', '127.0.0.1', '内网IP', '{}', '{\"msg\":\"操作成功\",\"code\":200}', 0, NULL, '2025-12-03 18:20:16', 196);
INSERT INTO `sys_oper_log` VALUES (473, '用户管理', 4, 'com.ruoyi.web.controller.system.SysUserController.insertAuthRole()', 'PUT', 1, 'admin', 'IT部', '/system/user/authRole', '127.0.0.1', '内网IP', '{\"roleIds\":\"2\",\"userId\":\"100\"}', '{\"msg\":\"操作成功\",\"code\":200}', 0, NULL, '2025-12-03 18:21:04', 21);
INSERT INTO `sys_oper_log` VALUES (474, '绩效指标评分', 2, 'com.ruoyi.web.controller.perf.PerfPerformanceContentScoreController.submitScoreBatch()', 'PUT', 1, 'test', 'IT部', '/perf/score/submitScoreBatch', '127.0.0.1', '内网IP', '[{\"id\":11,\"score\":10}]', '{\"msg\":\"操作成功\",\"code\":200}', 0, NULL, '2025-12-03 18:21:27', 26);
INSERT INTO `sys_oper_log` VALUES (475, '绩效指标评分', 2, 'com.ruoyi.web.controller.perf.PerfPerformanceContentScoreController.submitScoreBatch()', 'PUT', 1, 'test', 'IT部', '/perf/score/submitScoreBatch', '127.0.0.1', '内网IP', '[{\"id\":11,\"score\":10}]', NULL, 1, '该状态不允许操作', '2025-12-03 19:00:13', 16);
INSERT INTO `sys_oper_log` VALUES (476, '绩效实例', 2, 'com.ruoyi.web.controller.perf.PerfPerformanceController.editMyPerformance()', 'PUT', 1, 'admin', 'IT部', '/perf/performance/editMyPerformance', '127.0.0.1', '内网IP', '{\"currentStep\":3,\"deptId\":103,\"id\":1010,\"performanceNo\":\"PERF202512021523537800\",\"periodId\":110,\"status\":\"PENDING_HR\",\"templateId\":106,\"userId\":1}', '{\"msg\":\"操作成功\",\"code\":200}', 0, NULL, '2025-12-04 11:40:31', 26);
INSERT INTO `sys_oper_log` VALUES (477, '绩效实例', 2, 'com.ruoyi.web.controller.perf.PerfPerformanceController.editMyPerformance()', 'PUT', 1, 'admin', 'IT部', '/perf/performance/editMyPerformance', '127.0.0.1', '内网IP', '{\"currentStep\":3,\"deptId\":103,\"id\":1010,\"performanceNo\":\"PERF202512021523537800\",\"periodId\":110,\"status\":\"PENDING_HR\",\"templateId\":106,\"userId\":1}', '{\"msg\":\"操作成功\",\"code\":200}', 0, NULL, '2025-12-04 11:40:39', 7);
INSERT INTO `sys_oper_log` VALUES (478, '绩效实例', 2, 'com.ruoyi.web.controller.perf.PerfPerformanceController.editMyPerformance()', 'PUT', 1, 'admin', 'IT部', '/perf/performance/editMyPerformance', '127.0.0.1', '内网IP', '{\"currentStep\":3,\"deptId\":103,\"id\":1010,\"performanceNo\":\"PERF202512021523537800\",\"periodId\":110,\"status\":\"PENDING_HR\",\"templateId\":106,\"userId\":1}', NULL, 1, '该状态下不能修改', '2025-12-04 11:47:19', 34);
INSERT INTO `sys_oper_log` VALUES (479, '绩效内容', 2, 'com.ruoyi.web.controller.perf.PerfPerformanceContentController.editBatch()', 'PUT', 1, 'admin', 'IT部', '/perf/content/batch', '127.0.0.1', '内网IP', '{\"contentList\":[{\"id\":153,\"itemId\":105,\"params\":{},\"performanceId\":1010,\"selfComment\":\"技术成长显著\",\"selfResult\":\"核心模块覆盖率达到85%，整体82%\",\"selfScore\":1,\"selfTarget\":\"单元测试覆盖率达到80%\"},{\"id\":158,\"itemId\":114,\"params\":{},\"performanceId\":1010,\"selfComment\":\"技术成长显著\",\"selfResult\":\"完成度98%，一个小功能下期迭代\",\"selfScore\":20,\"selfTarget\":\"提升代码质量，减少线上缺陷\"},{\"id\":159,\"itemId\":121,\"params\":{},\"performanceId\":1010,\"selfComment\":\"技术成长显著\",\"selfResult\":\"架构设计获得团队认可\",\"selfScore\":10,\"selfTarget\":\"Code Review通过率达到95%\"},{\"id\":155,\"itemId\":111,\"params\":{},\"performanceId\":1010,\"selfComment\":\"技术成长显著\",\"selfResult\":\"完成了API文档和部署文档\",\"selfScore\":10,\"selfTarget\":\"完善项目技术文档\"},{\"id\":156,\"itemId\":112,\"params\":{},\"performanceId\":1010,\"selfComment\":\"技术成长显著\",\"selfResult\":\"项目基本按时交付，功能完整\",\"selfScore\":10,\"selfTarget\":\"按时完成用户中心重构项目\"},{\"id\":152,\"itemId\":102,\"params\":{},\"performanceId\":1010,\"selfComment\":\"技术成长显著\",\"selfResult\":\"实际通过率96%，超额完成目标\",\"selfScore\":30,\"selfTarget\":\"Code Review通过率达到95%\"},{\"id\":157,\"itemId\":113,\"params\":{},\"performanceId\":1010,\"selfComment\":\"技术成长显著\",\"selfResult\":\"项目延迟1天交付\",\"selfScore\":10,\"selfTarget\":\"项目按时完成率100%\"}],\"performanceId\":1010,\"performanceStatus\":\"PENDING_SCORE\",\"performanceStep\":1}', NULL, 1, '该状态不允许操作', '2025-12-04 11:47:28', 21);
INSERT INTO `sys_oper_log` VALUES (480, '绩效内容', 2, 'com.ruoyi.web.controller.perf.PerfPerformanceContentController.editBatch()', 'PUT', 1, 'admin', 'IT部', '/perf/content/batch', '127.0.0.1', '内网IP', '{\"contentList\":[{\"id\":153,\"itemId\":105,\"params\":{},\"performanceId\":1010,\"selfComment\":\"技术成长显著\",\"selfResult\":\"核心模块覆盖率达到85%，整体82%\",\"selfScore\":1,\"selfTarget\":\"单元测试覆盖率达到80%\"},{\"id\":158,\"itemId\":114,\"params\":{},\"performanceId\":1010,\"selfComment\":\"技术成长显著\",\"selfResult\":\"完成度98%，一个小功能下期迭代\",\"selfScore\":20,\"selfTarget\":\"提升代码质量，减少线上缺陷\"},{\"id\":159,\"itemId\":121,\"params\":{},\"performanceId\":1010,\"selfComment\":\"技术成长显著\",\"selfResult\":\"架构设计获得团队认可\",\"selfScore\":10,\"selfTarget\":\"Code Review通过率达到95%\"},{\"id\":155,\"itemId\":111,\"params\":{},\"performanceId\":1010,\"selfComment\":\"技术成长显著\",\"selfResult\":\"完成了API文档和部署文档\",\"selfScore\":10,\"selfTarget\":\"完善项目技术文档\"},{\"id\":156,\"itemId\":112,\"params\":{},\"performanceId\":1010,\"selfComment\":\"技术成长显著\",\"selfResult\":\"项目基本按时交付，功能完整\",\"selfScore\":10,\"selfTarget\":\"按时完成用户中心重构项目\"},{\"id\":152,\"itemId\":102,\"params\":{},\"performanceId\":1010,\"selfComment\":\"技术成长显著\",\"selfResult\":\"实际通过率96%，超额完成目标\",\"selfScore\":30,\"selfTarget\":\"Code Review通过率达到95%\"},{\"id\":157,\"itemId\":113,\"params\":{},\"performanceId\":1010,\"selfComment\":\"技术成长显著\",\"selfResult\":\"项目延迟1天交付\",\"selfScore\":10,\"selfTarget\":\"项目按时完成率100%\"}],\"performanceId\":1010,\"performanceStatus\":\"DRAFT\"}', NULL, 1, '该状态不允许操作', '2025-12-04 11:47:29', 7);
INSERT INTO `sys_oper_log` VALUES (481, '绩效实例', 3, 'com.ruoyi.web.controller.perf.PerfPerformanceController.remove()', 'DELETE', 1, 'admin', 'IT部', '/perf/performance/1010', '127.0.0.1', '内网IP', '[1010]', '{\"msg\":\"操作成功\",\"code\":200}', 0, NULL, '2025-12-04 11:48:22', 10);
INSERT INTO `sys_oper_log` VALUES (482, '绩效实例', 1, 'com.ruoyi.web.controller.perf.PerfPerformanceController.addMyPerformance()', 'POST', 1, 'admin', 'IT部', '/perf/performance/addMyPerformance', '127.0.0.1', '内网IP', '{\"currentStep\":0,\"deptId\":103,\"performanceNo\":\"PERF202512041354541313\",\"periodId\":112,\"status\":\"PENDING_SUBMISSION\",\"templateId\":106,\"userId\":1}', '{\"msg\":\"操作成功\",\"code\":200}', 0, NULL, '2025-12-04 13:54:54', 82);
INSERT INTO `sys_oper_log` VALUES (483, '绩效内容', 2, 'com.ruoyi.web.controller.perf.PerfPerformanceContentController.editBatch()', 'PUT', 1, 'admin', 'IT部', '/perf/content/batch', '127.0.0.1', '内网IP', '{\"contentList\":[{\"id\":173,\"itemId\":105,\"params\":{},\"performanceId\":1012,\"selfResult\":\"66\",\"selfScore\":1,\"updateBy\":\"1\",\"updateTime\":\"2025-12-04 13:55:22\"},{\"id\":178,\"itemId\":114,\"params\":{},\"performanceId\":1012,\"selfScore\":0,\"updateBy\":\"1\",\"updateTime\":\"2025-12-04 13:55:22\"},{\"id\":179,\"itemId\":121,\"params\":{},\"performanceId\":1012,\"selfScore\":0,\"updateBy\":\"1\",\"updateTime\":\"2025-12-04 13:55:22\"},{\"id\":175,\"itemId\":111,\"params\":{},\"performanceId\":1012,\"selfScore\":0,\"updateBy\":\"1\",\"updateTime\":\"2025-12-04 13:55:22\"},{\"id\":176,\"itemId\":112,\"params\":{},\"performanceId\":1012,\"selfScore\":0,\"updateBy\":\"1\",\"updateTime\":\"2025-12-04 13:55:22\"},{\"id\":172,\"itemId\":102,\"params\":{},\"performanceId\":1012,\"selfScore\":0,\"updateBy\":\"1\",\"updateTime\":\"2025-12-04 13:55:22\"},{\"id\":177,\"itemId\":113,\"params\":{},\"performanceId\":1012,\"selfScore\":0,\"updateBy\":\"1\",\"updateTime\":\"2025-12-04 13:55:22\"}],\"performanceId\":1012,\"performanceStatus\":\"DRAFT\"}', '{\"msg\":\"操作成功\",\"code\":200}', 0, NULL, '2025-12-04 13:55:22', 30);
INSERT INTO `sys_oper_log` VALUES (484, '绩效内容', 2, 'com.ruoyi.web.controller.perf.PerfPerformanceContentController.editBatch()', 'PUT', 1, 'admin', 'IT部', '/perf/content/batch', '127.0.0.1', '内网IP', '{\"contentList\":[{\"id\":173,\"itemId\":105,\"params\":{},\"performanceId\":1012,\"selfComment\":\"66\",\"selfResult\":\"提升代码质量，减少线上缺陷\",\"selfScore\":9.5,\"selfTarget\":\"提升代码质量，减少线上缺陷\",\"updateBy\":\"1\",\"updateTime\":\"2025-12-04 13:58:00\"},{\"id\":178,\"itemId\":114,\"params\":{},\"performanceId\":1012,\"selfComment\":\"代码质量有明显提升\",\"selfResult\":\"代码质量有明显提升\",\"selfScore\":19,\"selfTarget\":\"代码质量有明显提升\",\"updateBy\":\"1\",\"updateTime\":\"2025-12-04 13:58:00\"},{\"id\":179,\"itemId\":121,\"params\":{},\"performanceId\":1012,\"selfComment\":\"提出建设性意见\",\"selfResult\":\"积极参与代码审查，提出建设性意见\",\"selfScore\":10,\"selfTarget\":\"积极参与代码审查，提出建设性意见\",\"updateBy\":\"1\",\"updateTime\":\"2025-12-04 13:58:00\"},{\"id\":175,\"itemId\":111,\"params\":{},\"performanceId\":1012,\"selfScore\":0,\"updateBy\":\"1\",\"updateTime\":\"2025-12-04 13:58:00\"},{\"id\":176,\"itemId\":112,\"params\":{},\"performanceId\":1012,\"selfScore\":0,\"updateBy\":\"1\",\"updateTime\":\"2025-12-04 13:58:00\"},{\"id\":172,\"itemId\":102,\"params\":{},\"performanceId\":1012,\"selfScore\":0,\"updateBy\":\"1\",\"updateTime\":\"2025-12-04 13:58:00\"},{\"id\":177,\"itemId\":113,\"params\":{},\"performanceId\":1012,\"selfScore\":0,\"updateBy\":\"1\",\"updateTime\":\"2025-12-04 13:58:00\"}],\"performanceId\":1012,\"performanceStatus\":\"DRAFT\"}', '{\"msg\":\"操作成功\",\"code\":200}', 0, NULL, '2025-12-04 13:58:01', 54);
INSERT INTO `sys_oper_log` VALUES (485, '绩效内容', 2, 'com.ruoyi.web.controller.perf.PerfPerformanceContentController.editBatch()', 'PUT', 1, 'admin', 'IT部', '/perf/content/batch', '127.0.0.1', '内网IP', '{\"contentList\":[{\"id\":173,\"itemId\":105,\"params\":{},\"performanceId\":1012,\"selfComment\":\"66\",\"selfResult\":\"提升代码质量，减少线上缺陷\",\"selfScore\":9.5,\"selfTarget\":\"提升代码质量，减少线上缺陷\",\"updateBy\":\"1\",\"updateTime\":\"2025-12-04 13:59:06\"},{\"id\":178,\"itemId\":114,\"params\":{},\"performanceId\":1012,\"selfComment\":\"代码质量有明显提升\",\"selfResult\":\"代码质量有明显提升\",\"selfScore\":19,\"selfTarget\":\"代码质量有明显提升\",\"updateBy\":\"1\",\"updateTime\":\"2025-12-04 13:59:06\"},{\"id\":179,\"itemId\":121,\"params\":{},\"performanceId\":1012,\"selfComment\":\"提出建设性意见\",\"selfResult\":\"积极参与代码审查，提出建设性意见\",\"selfScore\":10,\"selfTarget\":\"积极参与代码审查，提出建设性意见\",\"updateBy\":\"1\",\"updateTime\":\"2025-12-04 13:59:06\"},{\"id\":175,\"itemId\":111,\"params\":{},\"performanceId\":1012,\"selfComment\":\"测试\",\"selfResult\":\"核心业务逻辑测试\",\"selfScore\":9.5,\"selfTarget\":\"核心业务逻辑测试覆盖良好\",\"updateBy\":\"1\",\"updateTime\":\"2025-12-04 13:59:06\"},{\"id\":176,\"itemId\":112,\"params\":{},\"performanceId\":1012,\"selfComment\":\"空间\",\"selfResult\":\"但仍有改进空间\",\"selfScore\":9,\"selfTarget\":\"缺陷控制较好，但仍有改进空间\",\"updateBy\":\"1\",\"updateTime\":\"2025-12-04 13:59:06\"},{\"id\":172,\"itemId\":102,\"params\":{},\"performanceId\":1012,\"selfComment\":\"部分细节待补充\",\"selfResult\":\"文档基本完整\",\"selfScore\":30,\"selfTarget\":\"文档基本完整，部分细节待补充\",\"updateBy\":\"1\",\"updateTime\":\"2025-12-04 13:59:06\"},{\"id\":177,\"itemId\":113,\"params\":{},\"performanceId\":1012,\"selfComment\":\"良好\",\"selfResult\":\"项目进度控制良好\",\"selfScore\":9,\"selfTarget\":\"项目进度控制良好\",\"updateBy\":\"1\",\"updateTime\":\"2025-12-04 13:59:06\"}],\"performanceId\":1012,\"performanceStatus\":\"PENDING_SCORE\",\"performanceStep\":1}', '{\"msg\":\"操作成功\",\"code\":200}', 0, NULL, '2025-12-04 13:59:06', 107);
INSERT INTO `sys_oper_log` VALUES (486, '绩效实例', 1, 'com.ruoyi.web.controller.perf.PerfPerformanceController.addMyPerformance()', 'POST', 1, 'admin', 'IT部', '/perf/performance/addMyPerformance', '127.0.0.1', '内网IP', '{\"currentStep\":0,\"deptId\":103,\"performanceNo\":\"PERF202512041723399031\",\"periodId\":113,\"status\":\"PENDING_SUBMISSION\",\"templateId\":106,\"userId\":1}', '{\"msg\":\"操作成功\",\"code\":200}', 0, NULL, '2025-12-04 17:23:39', 93);
INSERT INTO `sys_oper_log` VALUES (487, '绩效指标评分', 2, 'com.ruoyi.web.controller.perf.PerfPerformanceContentScoreController.submitScoreBatch()', 'PUT', 1, 'admin', 'IT部', '/perf/score/submitScoreBatch', '127.0.0.1', '内网IP', '[{\"id\":22,\"score\":18},{\"id\":24},{\"id\":26},{\"id\":27},{\"id\":28},{\"id\":30}]', NULL, 1, '提交数据分数不能为空', '2025-12-04 19:53:32', 61);
INSERT INTO `sys_oper_log` VALUES (488, '绩效指标评分', 2, 'com.ruoyi.web.controller.perf.PerfPerformanceContentScoreController.submitScoreBatch()', 'PUT', 1, 'admin', 'IT部', '/perf/score/submitScoreBatch', '127.0.0.1', '内网IP', '[{\"id\":22,\"remark\":\"明显提升\",\"score\":18},{\"id\":24,\"remark\":\"意见\",\"score\":10},{\"id\":26,\"remark\":\"逻辑\",\"score\":9},{\"id\":27,\"remark\":\"但仍有改\",\"score\":9},{\"id\":28,\"remark\":\"基本完整\",\"score\":29},{\"id\":30,\"remark\":\"项目进\",\"score\":10}]', '{\"msg\":\"操作成功\",\"code\":200}', 0, NULL, '2025-12-04 19:54:26', 37);
INSERT INTO `sys_oper_log` VALUES (489, '绩效指标评分', 2, 'com.ruoyi.web.controller.perf.PerfPerformanceContentScoreController.submitScoreBatch()', 'PUT', 1, 'test', 'IT部', '/perf/score/submitScoreBatch', '127.0.0.1', '内网IP', '[{\"id\":21,\"remark\":\"代码\",\"score\":10}]', '{\"msg\":\"操作成功\",\"code\":200}', 0, NULL, '2025-12-04 20:07:50', 66);
INSERT INTO `sys_oper_log` VALUES (490, '绩效指标评分', 2, 'com.ruoyi.web.controller.perf.PerfPerformanceContentScoreController.submitScoreBatch()', 'PUT', 1, 'qixi', 'IT部', '/perf/score/submitScoreBatch', '127.0.0.1', '内网IP', '[{\"id\":23,\"remark\":\"质量\",\"score\":19},{\"id\":25,\"remark\":\"提出\",\"score\":9},{\"id\":29,\"remark\":\"部分\",\"score\":29}]', NULL, 1, '\r\n### Error querying database.  Cause: java.sql.SQLSyntaxErrorException: Unknown column \'remark\' in \'field list\'\r\n### The error may exist in com/ruoyi/perf/mapper/PerfPerformanceContentMapper.java (best guess)\r\n### The error may involve defaultParameterMap\r\n### The error occurred while setting parameters\r\n### SQL: SELECT  id,performance_id,item_id,self_target,self_result,self_score,self_comment,final_score,final_comment,sort_order,del_flag,create_by,create_time,update_by,update_time,remark  FROM perf_performance_content   WHERE  del_flag=\'0\'  AND (performance_id = ?)\r\n### Cause: java.sql.SQLSyntaxErrorException: Unknown column \'remark\' in \'field list\'\n; bad SQL grammar []; nested exception is java.sql.SQLSyntaxErrorException: Unknown column \'remark\' in \'field list\'', '2025-12-04 20:08:52', 75);
INSERT INTO `sys_oper_log` VALUES (491, '绩效指标评分', 2, 'com.ruoyi.web.controller.perf.PerfPerformanceContentScoreController.submitScoreBatch()', 'PUT', 1, 'qixi', 'IT部', '/perf/score/submitScoreBatch', '127.0.0.1', '内网IP', '[{\"id\":23,\"remark\":\"质量\",\"score\":19},{\"id\":25,\"remark\":\"提出\",\"score\":9},{\"id\":29,\"remark\":\"部分\",\"score\":29}]', NULL, 1, '\r\n### Error updating database.  Cause: java.sql.SQLSyntaxErrorException: You have an error in your SQL syntax; check the manual that corresponds to your MySQL server version for the right syntax to use near \'UPDATE perf_performance_content\n             SET self_score = 30.00 \n           \' at line 5\r\n### The error may exist in file [D:\\AAliuchanghua\\dgls_project\\ry-perf-apex\\ruoyi-system\\target\\classes\\mapper\\perf\\PerfPerformanceContentMapper.xml]\r\n### The error may involve defaultParameterMap\r\n### The error occurred while setting parameters\r\n### SQL: UPDATE perf_performance_content              SET self_score = ?              WHERE id = ?          ;              UPDATE perf_performance_content              SET self_score = ?              WHERE id = ?          ;              UPDATE perf_performance_content              SET self_score = ?              WHERE id = ?          ;              UPDATE perf_performance_content              SET self_score = ?              WHERE id = ?          ;              UPDATE perf_performance_content              SET self_score = ?              WHERE id = ?          ;              UPDATE perf_performance_content              SET self_score = ?              WHERE id = ?          ;              UPDATE perf_performance_content              SET self_score = ?              WHERE id = ?          ;              UPDATE perf_performance_content              SET self_score = ?              WHERE id = ?          ;              UPDATE perf_performance_content              SET self_score = ?              WHERE id = ?          ;              UPDATE perf_performance_content              SET self_score = ?              WHERE id = ?\r\n### Cause: java.sql.SQLSyntaxErrorException: You have an error in your SQL syntax; check the manual that corresponds to your MySQL server version for the right syntax to use near \'UPDATE perf_performance_content\n             SET self_score = 30.00 \n           \' at line 5\n; bad SQL grammar []; nested exception is java.sql.SQL', '2025-12-04 20:16:09', 133);
INSERT INTO `sys_oper_log` VALUES (492, '绩效指标评分', 2, 'com.ruoyi.web.controller.perf.PerfPerformanceContentScoreController.submitScoreBatch()', 'PUT', 1, 'qixi', 'IT部', '/perf/score/submitScoreBatch', '127.0.0.1', '内网IP', '[{\"id\":23,\"remark\":\"质量\",\"score\":19},{\"id\":25,\"remark\":\"提出\",\"score\":9},{\"id\":29,\"remark\":\"部分\",\"score\":29}]', NULL, 1, '\r\n### Error updating database.  Cause: java.sql.SQLSyntaxErrorException: You have an error in your SQL syntax; check the manual that corresponds to your MySQL server version for the right syntax to use near \'UPDATE perf_performance_content\n             SET self_score = 30.00 \n           \' at line 5\r\n### The error may exist in file [D:\\AAliuchanghua\\dgls_project\\ry-perf-apex\\ruoyi-system\\target\\classes\\mapper\\perf\\PerfPerformanceContentMapper.xml]\r\n### The error may involve defaultParameterMap\r\n### The error occurred while setting parameters\r\n### SQL: UPDATE perf_performance_content              SET self_score = ?              WHERE id = ?          ;              UPDATE perf_performance_content              SET self_score = ?              WHERE id = ?          ;              UPDATE perf_performance_content              SET self_score = ?              WHERE id = ?          ;              UPDATE perf_performance_content              SET self_score = ?              WHERE id = ?          ;              UPDATE perf_performance_content              SET self_score = ?              WHERE id = ?          ;              UPDATE perf_performance_content              SET self_score = ?              WHERE id = ?          ;              UPDATE perf_performance_content              SET self_score = ?              WHERE id = ?          ;              UPDATE perf_performance_content              SET self_score = ?              WHERE id = ?          ;              UPDATE perf_performance_content              SET self_score = ?              WHERE id = ?          ;              UPDATE perf_performance_content              SET self_score = ?              WHERE id = ?\r\n### Cause: java.sql.SQLSyntaxErrorException: You have an error in your SQL syntax; check the manual that corresponds to your MySQL server version for the right syntax to use near \'UPDATE perf_performance_content\n             SET self_score = 30.00 \n           \' at line 5\n; bad SQL grammar []; nested exception is java.sql.SQL', '2025-12-04 20:17:23', 131);
INSERT INTO `sys_oper_log` VALUES (493, '绩效指标评分', 2, 'com.ruoyi.web.controller.perf.PerfPerformanceContentScoreController.submitScoreBatch()', 'PUT', 1, 'qixi', 'IT部', '/perf/score/submitScoreBatch', '127.0.0.1', '内网IP', '[{\"id\":23,\"remark\":\"质量\",\"score\":19},{\"id\":25,\"remark\":\"提出\",\"score\":9},{\"id\":29,\"remark\":\"部分\",\"score\":29}]', NULL, 1, '\r\n### Error updating database.  Cause: java.sql.SQLSyntaxErrorException: You have an error in your SQL syntax; check the manual that corresponds to your MySQL server version for the right syntax to use near \'UPDATE perf_performance_content\n            SET final_score = 19.33\n            \' at line 6\r\n### The error may exist in file [D:\\AAliuchanghua\\dgls_project\\ry-perf-apex\\ruoyi-system\\target\\classes\\mapper\\perf\\PerfPerformanceContentMapper.xml]\r\n### The error may involve com.ruoyi.perf.mapper.PerfPerformanceContentMapper.updateScoreBatchById-Inline\r\n### The error occurred while setting parameters\r\n### SQL: UPDATE perf_performance_content             SET final_score = ?                           WHERE id = ?          ;              UPDATE perf_performance_content             SET final_score = ?              , update_time = ?              WHERE id = ?          ;              UPDATE perf_performance_content             SET final_score = ?              , update_time = ?              WHERE id = ?          ;              UPDATE perf_performance_content             SET final_score = ?                           WHERE id = ?          ;              UPDATE perf_performance_content             SET final_score = ?              , update_time = ?              WHERE id = ?          ;              UPDATE perf_performance_content             SET final_score = ?              , update_time = ?              WHERE id = ?          ;              UPDATE perf_performance_content             SET final_score = ?              , update_time = ?              WHERE id = ?          ;              UPDATE perf_performance_content             SET final_score = ?              , update_time = ?              WHERE id = ?          ;              UPDATE perf_performance_content             SET final_score = ?              , update_time = ?              WHERE id = ?          ;              UPDATE perf_performance_content             SET final_score = ?                           WHERE id = ?\r\n### Cause: ', '2025-12-04 20:19:18', 121);
INSERT INTO `sys_oper_log` VALUES (494, '绩效指标评分', 2, 'com.ruoyi.web.controller.perf.PerfPerformanceContentScoreController.submitScoreBatch()', 'PUT', 1, 'qixi', 'IT部', '/perf/score/submitScoreBatch', '127.0.0.1', '内网IP', '[{\"id\":23,\"remark\":\"质量\",\"score\":19},{\"id\":25,\"remark\":\"提出\",\"score\":9},{\"id\":29,\"remark\":\"部分\",\"score\":29}]', NULL, 1, '\r\n### Error updating database.  Cause: java.sql.SQLSyntaxErrorException: You have an error in your SQL syntax; check the manual that corresponds to your MySQL server version for the right syntax to use near \'UPDATE perf_performance_content\n            SET final_score = 19.33,\n           \' at line 6\r\n### The error may exist in file [D:\\AAliuchanghua\\dgls_project\\ry-perf-apex\\ruoyi-system\\target\\classes\\mapper\\perf\\PerfPerformanceContentMapper.xml]\r\n### The error may involve com.ruoyi.perf.mapper.PerfPerformanceContentMapper.updateScoreBatchById-Inline\r\n### The error occurred while setting parameters\r\n### SQL: UPDATE perf_performance_content             SET final_score = ?,                 update_time = ?             WHERE id = ?          ;              UPDATE perf_performance_content             SET final_score = ?,                 update_time = ?             WHERE id = ?          ;              UPDATE perf_performance_content             SET final_score = ?,                 update_time = ?             WHERE id = ?          ;              UPDATE perf_performance_content             SET final_score = ?,                 update_time = ?             WHERE id = ?          ;              UPDATE perf_performance_content             SET final_score = ?,                 update_time = ?             WHERE id = ?          ;              UPDATE perf_performance_content             SET final_score = ?,                 update_time = ?             WHERE id = ?          ;              UPDATE perf_performance_content             SET final_score = ?,                 update_time = ?             WHERE id = ?          ;              UPDATE perf_performance_content             SET final_score = ?,                 update_time = ?             WHERE id = ?          ;              UPDATE perf_performance_content             SET final_score = ?,                 update_time = ?             WHERE id = ?          ;              UPDATE perf_performance_content             SET final_score = ?,      ', '2025-12-04 20:21:08', 129);
INSERT INTO `sys_oper_log` VALUES (495, '绩效指标评分', 2, 'com.ruoyi.web.controller.perf.PerfPerformanceContentScoreController.submitScoreBatch()', 'PUT', 1, 'qixi', 'IT部', '/perf/score/submitScoreBatch', '127.0.0.1', '内网IP', '[{\"id\":23,\"remark\":\"质量\",\"score\":19},{\"id\":25,\"remark\":\"提出\",\"score\":9},{\"id\":29,\"remark\":\"部分\",\"score\":29}]', NULL, 1, '\r\n### Error updating database.  Cause: java.sql.SQLSyntaxErrorException: You have an error in your SQL syntax; check the manual that corresponds to your MySQL server version for the right syntax to use near \'UPDATE perf_performance_content\n            SET final_score = 19.33,\n           \' at line 6\r\n### The error may exist in file [D:\\AAliuchanghua\\dgls_project\\ry-perf-apex\\ruoyi-system\\target\\classes\\mapper\\perf\\PerfPerformanceContentMapper.xml]\r\n### The error may involve com.ruoyi.perf.mapper.PerfPerformanceContentMapper.updateScoreBatchById-Inline\r\n### The error occurred while setting parameters\r\n### SQL: UPDATE perf_performance_content             SET final_score = ?,                 update_time = ?             WHERE id = ?          ;              UPDATE perf_performance_content             SET final_score = ?,                 update_time = ?             WHERE id = ?          ;              UPDATE perf_performance_content             SET final_score = ?,                 update_time = ?             WHERE id = ?          ;              UPDATE perf_performance_content             SET final_score = ?,                 update_time = ?             WHERE id = ?          ;              UPDATE perf_performance_content             SET final_score = ?,                 update_time = ?             WHERE id = ?          ;              UPDATE perf_performance_content             SET final_score = ?,                 update_time = ?             WHERE id = ?          ;              UPDATE perf_performance_content             SET final_score = ?,                 update_time = ?             WHERE id = ?          ;              UPDATE perf_performance_content             SET final_score = ?,                 update_time = ?             WHERE id = ?          ;              UPDATE perf_performance_content             SET final_score = ?,                 update_time = ?             WHERE id = ?          ;              UPDATE perf_performance_content             SET final_score = ?,      ', '2025-12-04 20:23:45', 119358);
INSERT INTO `sys_oper_log` VALUES (496, '绩效指标评分', 2, 'com.ruoyi.web.controller.perf.PerfPerformanceContentScoreController.submitScoreBatch()', 'PUT', 1, 'qixi', 'IT部', '/perf/score/submitScoreBatch', '127.0.0.1', '内网IP', '[{\"id\":23,\"remark\":\"质量\",\"score\":19},{\"id\":25,\"remark\":\"提出\",\"score\":9},{\"id\":29,\"remark\":\"部分\",\"score\":29}]', NULL, 1, '\r\n### Error updating database.  Cause: java.sql.SQLSyntaxErrorException: You have an error in your SQL syntax; check the manual that corresponds to your MySQL server version for the right syntax to use near \'UPDATE perf_performance_content\n             SET final_score = 19.33,\n          \' at line 5\r\n### The error may exist in file [D:\\AAliuchanghua\\dgls_project\\ry-perf-apex\\ruoyi-system\\target\\classes\\mapper\\perf\\PerfPerformanceContentMapper.xml]\r\n### The error may involve com.ruoyi.perf.mapper.PerfPerformanceContentMapper.updateScoreBatchById-Inline\r\n### The error occurred while setting parameters\r\n### SQL: UPDATE perf_performance_content              SET final_score = ?              WHERE id = ?          ;              UPDATE perf_performance_content              SET final_score = ?,                 update_time = ?              WHERE id = ?          ;              UPDATE perf_performance_content              SET final_score = ?,                 update_time = ?              WHERE id = ?          ;              UPDATE perf_performance_content              SET final_score = ?              WHERE id = ?          ;              UPDATE perf_performance_content              SET final_score = ?,                 update_time = ?              WHERE id = ?          ;              UPDATE perf_performance_content              SET final_score = ?,                 update_time = ?              WHERE id = ?          ;              UPDATE perf_performance_content              SET final_score = ?,                 update_time = ?              WHERE id = ?          ;              UPDATE perf_performance_content              SET final_score = ?,                 update_time = ?              WHERE id = ?          ;              UPDATE perf_performance_content              SET final_score = ?,                 update_time = ?              WHERE id = ?          ;              UPDATE perf_performance_content              SET final_score = ?              WHERE id = ?\r\n### Cause: java.sql.SQLSyn', '2025-12-04 20:24:00', 3281);
INSERT INTO `sys_oper_log` VALUES (497, '绩效指标评分', 2, 'com.ruoyi.web.controller.perf.PerfPerformanceContentScoreController.submitScoreBatch()', 'PUT', 1, 'qixi', 'IT部', '/perf/score/submitScoreBatch', '127.0.0.1', '内网IP', '[{\"id\":23,\"remark\":\"质量\",\"score\":19},{\"id\":25,\"remark\":\"提出\",\"score\":9},{\"id\":29,\"remark\":\"部分\",\"score\":29}]', '{\"msg\":\"操作成功\",\"code\":200}', 0, NULL, '2025-12-04 20:25:50', 101);
INSERT INTO `sys_oper_log` VALUES (498, '绩效指标评分', 2, 'com.ruoyi.web.controller.perf.PerfPerformanceContentScoreController.submitScoreBatch()', 'PUT', 1, 'admin', 'IT部', '/perf/score/submitScoreBatch', '127.0.0.1', '内网IP', '[{\"id\":22,\"remark\":\"明显提升\",\"score\":18},{\"id\":24,\"remark\":\"意见\",\"score\":10},{\"id\":26,\"remark\":\"逻辑\",\"score\":9},{\"id\":27,\"remark\":\"但仍有改\",\"score\":9},{\"id\":28,\"remark\":\"基本完整\",\"score\":29},{\"id\":30,\"remark\":\"项目进\",\"score\":10}]', NULL, 1, '该状态不允许操作', '2025-12-05 09:39:46', 48);
INSERT INTO `sys_oper_log` VALUES (499, '绩效指标评分', 2, 'com.ruoyi.web.controller.perf.PerfPerformanceContentScoreController.submitScoreBatch()', 'PUT', 1, 'admin', 'IT部', '/perf/score/submitScoreBatch', '127.0.0.1', '内网IP', '[{\"id\":22,\"remark\":\"明显提升\",\"score\":18},{\"id\":24,\"remark\":\"意见\",\"score\":10},{\"id\":26,\"remark\":\"逻辑\",\"score\":9},{\"id\":27,\"remark\":\"但仍有改\",\"score\":9},{\"id\":28,\"remark\":\"基本完整\",\"score\":29},{\"id\":30,\"remark\":\"项目进\",\"score\":10}]', NULL, 1, '/ by zero', '2025-12-05 09:40:07', 72);
INSERT INTO `sys_oper_log` VALUES (500, '绩效指标评分', 2, 'com.ruoyi.web.controller.perf.PerfPerformanceContentScoreController.submitScoreBatch()', 'PUT', 1, 'admin', 'IT部', '/perf/score/submitScoreBatch', '127.0.0.1', '内网IP', '[{\"id\":22,\"remark\":\"明显提升\",\"score\":18},{\"id\":24,\"remark\":\"意见\",\"score\":10},{\"id\":26,\"remark\":\"逻辑\",\"score\":9},{\"id\":27,\"remark\":\"但仍有改\",\"score\":9},{\"id\":28,\"remark\":\"基本完整\",\"score\":29},{\"id\":30,\"remark\":\"项目进\",\"score\":10}]', NULL, 1, '/ by zero', '2025-12-05 09:41:08', 30413);
INSERT INTO `sys_oper_log` VALUES (501, '绩效指标评分', 2, 'com.ruoyi.web.controller.perf.PerfPerformanceContentScoreController.submitScoreBatch()', 'PUT', 1, 'admin', 'IT部', '/perf/score/submitScoreBatch', '127.0.0.1', '内网IP', '[{\"id\":22,\"remark\":\"明显提升\",\"score\":18},{\"id\":24,\"remark\":\"意见\",\"score\":10},{\"id\":26,\"remark\":\"逻辑\",\"score\":9},{\"id\":27,\"remark\":\"但仍有改\",\"score\":9},{\"id\":28,\"remark\":\"基本完整\",\"score\":29},{\"id\":30,\"remark\":\"项目进\",\"score\":10}]', NULL, 1, '/ by zero', '2025-12-05 09:41:22', 8746);
INSERT INTO `sys_oper_log` VALUES (502, '绩效指标评分', 2, 'com.ruoyi.web.controller.perf.PerfPerformanceContentScoreController.submitScoreBatch()', 'PUT', 1, 'admin', 'IT部', '/perf/score/submitScoreBatch', '127.0.0.1', '内网IP', '[{\"id\":22,\"remark\":\"明显提升\",\"score\":18},{\"id\":24,\"remark\":\"意见\",\"score\":10},{\"id\":26,\"remark\":\"逻辑\",\"score\":9},{\"id\":27,\"remark\":\"但仍有改\",\"score\":9},{\"id\":28,\"remark\":\"基本完整\",\"score\":29},{\"id\":30,\"remark\":\"项目进\",\"score\":10}]', '{\"msg\":\"操作成功\",\"code\":200}', 0, NULL, '2025-12-05 09:43:28', 137);
INSERT INTO `sys_oper_log` VALUES (503, '绩效内容', 2, 'com.ruoyi.web.controller.perf.PerfPerformanceContentController.editBatch()', 'PUT', 1, 'admin', 'IT部', '/perf/content/batch', '127.0.0.1', '内网IP', '{\"contentList\":[{\"id\":183,\"itemId\":105,\"params\":{},\"performanceId\":1013,\"selfResult\":\"自评\",\"selfScore\":10,\"selfTarget\":\"自评\",\"updateBy\":\"1\",\"updateTime\":\"2025-12-05 10:10:43\"},{\"id\":188,\"itemId\":114,\"params\":{},\"performanceId\":1013,\"selfResult\":\"自评\",\"selfScore\":20,\"selfTarget\":\"自评\",\"updateBy\":\"1\",\"updateTime\":\"2025-12-05 10:10:43\"},{\"id\":189,\"itemId\":121,\"params\":{},\"performanceId\":1013,\"selfComment\":\"自评\",\"selfResult\":\"自评\",\"selfScore\":10,\"selfTarget\":\"自评\",\"updateBy\":\"1\",\"updateTime\":\"2025-12-05 10:10:43\"},{\"id\":185,\"itemId\":111,\"params\":{},\"performanceId\":1013,\"selfResult\":\"自评\",\"selfScore\":10,\"selfTarget\":\"自评\",\"updateBy\":\"1\",\"updateTime\":\"2025-12-05 10:10:43\"},{\"id\":186,\"itemId\":112,\"params\":{},\"performanceId\":1013,\"selfResult\":\"自评\",\"selfScore\":10,\"selfTarget\":\"自评\",\"updateBy\":\"1\",\"updateTime\":\"2025-12-05 10:10:43\"},{\"id\":182,\"itemId\":102,\"params\":{},\"performanceId\":1013,\"selfResult\":\"自评\",\"selfScore\":30,\"selfTarget\":\"自评\",\"updateBy\":\"1\",\"updateTime\":\"2025-12-05 10:10:43\"},{\"id\":187,\"itemId\":113,\"params\":{},\"performanceId\":1013,\"selfResult\":\"自评\",\"selfScore\":10,\"selfTarget\":\"自评\",\"updateBy\":\"1\",\"updateTime\":\"2025-12-05 10:10:43\"}],\"performanceId\":1013,\"performanceStatus\":\"PENDING_SCORE\",\"performanceStep\":1}', '{\"msg\":\"操作成功\",\"code\":200}', 0, NULL, '2025-12-05 10:10:43', 58);
INSERT INTO `sys_oper_log` VALUES (504, '绩效指标评分', 2, 'com.ruoyi.web.controller.perf.PerfPerformanceContentScoreController.submitScoreBatch()', 'PUT', 1, 'admin', 'IT部', '/perf/score/submitScoreBatch', '127.0.0.1', '内网IP', '[{\"id\":32,\"remark\":\"评分范\",\"score\":19},{\"id\":34,\"remark\":\"低于80%:1分\",\"score\":9},{\"id\":36,\"remark\":\"掌握并\",\"score\":9.5},{\"id\":37,\"remark\":\"标准\\n2次以上\",\"score\":10},{\"id\":38,\"remark\":\"各个\",\"score\":30},{\"id\":40,\"remark\":\"良好\",\"score\":10}]', '{\"msg\":\"操作成功\",\"code\":200}', 0, NULL, '2025-12-05 10:18:55', 25);
INSERT INTO `sys_oper_log` VALUES (505, '绩效指标评分', 2, 'com.ruoyi.web.controller.perf.PerfPerformanceContentScoreController.submitScoreBatch()', 'PUT', 1, 'test', 'IT部', '/perf/score/submitScoreBatch', '127.0.0.1', '内网IP', '[{\"id\":31,\"remark\":\"分范围:\",\"score\":9.6}]', '{\"msg\":\"操作成功\",\"code\":200}', 0, NULL, '2025-12-05 11:04:35', 44);
INSERT INTO `sys_oper_log` VALUES (506, '绩效指标评分', 2, 'com.ruoyi.web.controller.perf.PerfPerformanceContentScoreController.submitScoreBatch()', 'PUT', 1, 'qixi', 'IT部', '/perf/score/submitScoreBatch', '127.0.0.1', '内网IP', '[{\"id\":33,\"remark\":\"评分\",\"score\":19.2},{\"id\":35,\"score\":10},{\"id\":39,\"remark\":\"自评评语\\n\",\"score\":29}]', '{\"msg\":\"操作成功\",\"code\":200}', 0, NULL, '2025-12-05 11:05:34', 49);
INSERT INTO `sys_oper_log` VALUES (507, '绩效指标评分', 2, 'com.ruoyi.web.controller.perf.PerfPerformanceContentScoreController.submitScoreBatch()', 'PUT', 1, 'admin', 'IT部', '/perf/score/submitScoreBatch', '127.0.0.1', '内网IP', '[{\"id\":32,\"remark\":\"评分范\",\"score\":19},{\"id\":34,\"remark\":\"低于80%:1分\",\"score\":9},{\"id\":36,\"remark\":\"掌握并\",\"score\":9.5},{\"id\":37,\"remark\":\"标准\\n2次以上\",\"score\":10},{\"id\":38,\"remark\":\"各个\",\"score\":30},{\"id\":40,\"remark\":\"良好\",\"score\":10}]', '{\"msg\":\"操作成功\",\"code\":200}', 0, NULL, '2025-12-05 11:07:55', 136);
INSERT INTO `sys_oper_log` VALUES (508, '绩效实例', 1, 'com.ruoyi.web.controller.perf.PerfPerformanceController.addMyPerformance()', 'POST', 1, 'admin', 'IT部', '/perf/performance/addMyPerformance', '127.0.0.1', '内网IP', '{\"currentStep\":0,\"deptId\":103,\"performanceNo\":\"PERF202512051112529761\",\"periodId\":110,\"status\":\"PENDING_SUBMISSION\",\"templateId\":106,\"userId\":1}', '{\"msg\":\"操作成功\",\"code\":200}', 0, NULL, '2025-12-05 11:12:52', 80);
INSERT INTO `sys_oper_log` VALUES (509, '绩效内容', 2, 'com.ruoyi.web.controller.perf.PerfPerformanceContentController.editBatch()', 'PUT', 1, 'admin', 'IT部', '/perf/content/batch', '127.0.0.1', '内网IP', '{\"contentList\":[{\"id\":193,\"itemId\":105,\"params\":{},\"performanceId\":1014,\"selfComment\":\"完整性\",\"selfResult\":\"完整性\",\"selfScore\":10,\"selfTarget\":\"完整性\",\"updateBy\":\"1\",\"updateTime\":\"2025-12-05 11:13:26\"},{\"id\":198,\"itemId\":114,\"params\":{},\"performanceId\":1014,\"selfComment\":\"完整性\",\"selfResult\":\"完整性\",\"selfScore\":20,\"selfTarget\":\"完整性\",\"updateBy\":\"1\",\"updateTime\":\"2025-12-05 11:13:26\"},{\"id\":199,\"itemId\":121,\"params\":{},\"performanceId\":1014,\"selfComment\":\"完整性\",\"selfResult\":\"完整性\",\"selfScore\":10,\"selfTarget\":\"完整性\",\"updateBy\":\"1\",\"updateTime\":\"2025-12-05 11:13:26\"},{\"id\":195,\"itemId\":111,\"params\":{},\"performanceId\":1014,\"selfComment\":\"完整性\",\"selfResult\":\"完整性\",\"selfScore\":10,\"selfTarget\":\"完整性\",\"updateBy\":\"1\",\"updateTime\":\"2025-12-05 11:13:26\"},{\"id\":196,\"itemId\":112,\"params\":{},\"performanceId\":1014,\"selfComment\":\"完整性\",\"selfResult\":\"完整性\",\"selfScore\":10,\"selfTarget\":\"完整性\",\"updateBy\":\"1\",\"updateTime\":\"2025-12-05 11:13:26\"},{\"id\":192,\"itemId\":102,\"params\":{},\"performanceId\":1014,\"selfComment\":\"完整性\",\"selfResult\":\"完整性\",\"selfScore\":30,\"selfTarget\":\"完整性\",\"updateBy\":\"1\",\"updateTime\":\"2025-12-05 11:13:26\"},{\"id\":197,\"itemId\":113,\"params\":{},\"performanceId\":1014,\"selfComment\":\"完整性\",\"selfResult\":\"完整性\",\"selfScore\":10,\"selfTarget\":\"完整性\",\"updateBy\":\"1\",\"updateTime\":\"2025-12-05 11:13:26\"}],\"performanceId\":1014,\"performanceStatus\":\"PENDING_SCORE\",\"performanceStep\":1}', '{\"msg\":\"操作成功\",\"code\":200}', 0, NULL, '2025-12-05 11:13:26', 68);
INSERT INTO `sys_oper_log` VALUES (510, '绩效指标评分', 2, 'com.ruoyi.web.controller.perf.PerfPerformanceContentScoreController.submitScoreBatch()', 'PUT', 1, 'admin', 'IT部', '/perf/score/submitScoreBatch', '127.0.0.1', '内网IP', '[{\"id\":42,\"remark\":\"完整性\",\"score\":20},{\"id\":44,\"remark\":\"完整性\",\"score\":10},{\"id\":46,\"remark\":\"完整性\",\"score\":10},{\"id\":47,\"remark\":\"完整性\",\"score\":10},{\"id\":48,\"remark\":\"完整性\",\"score\":10},{\"id\":50,\"remark\":\"完整性\",\"score\":10}]', '{\"msg\":\"操作成功\",\"code\":200}', 0, NULL, '2025-12-05 11:14:06', 29);
INSERT INTO `sys_oper_log` VALUES (511, '绩效指标评分', 2, 'com.ruoyi.web.controller.perf.PerfPerformanceContentScoreController.submitScoreBatch()', 'PUT', 1, 'test', 'IT部', '/perf/score/submitScoreBatch', '127.0.0.1', '内网IP', '[{\"id\":41,\"remark\":\"技术文档\",\"score\":9.3}]', '{\"msg\":\"操作成功\",\"code\":200}', 0, NULL, '2025-12-05 11:14:23', 16);
INSERT INTO `sys_oper_log` VALUES (512, '绩效指标评分', 2, 'com.ruoyi.web.controller.perf.PerfPerformanceContentScoreController.submitScoreBatch()', 'PUT', 1, 'qixi', 'IT部', '/perf/score/submitScoreBatch', '127.0.0.1', '内网IP', '[{\"id\":43,\"remark\":\"产品质量\",\"score\":19.1},{\"id\":45,\"remark\":\"产品质量\",\"score\":9.1},{\"id\":49,\"remark\":\"产品质量\",\"score\":29.1}]', '{\"msg\":\"操作成功\",\"code\":200}', 0, NULL, '2025-12-05 11:15:00', 35);
INSERT INTO `sys_oper_log` VALUES (513, '绩效实例', 2, 'com.ruoyi.web.controller.perf.PerfPerformanceController.edit()', 'PUT', 1, 'admin', 'IT部', '/perf/performance', '127.0.0.1', '内网IP', '{\"currentStep\":2,\"deptId\":103,\"finalScore\":85,\"id\":1012,\"performanceNo\":\"PERF202512041354541313\",\"periodId\":112,\"selfScore\":96,\"status\":\"PENDING_AUDIT\",\"submitTime\":\"2025-12-04 13:59:06\",\"templateId\":106,\"userId\":1}', NULL, 1, '该状态下不能修改', '2025-12-05 15:03:54', 6);
INSERT INTO `sys_oper_log` VALUES (514, '绩效审核', 2, 'com.ruoyi.web.controller.perf.PerfPerformanceController.auditPerfPerformance()', 'PUT', 1, 'admin', 'IT部', '/perf/performance/auditPerformance', '127.0.0.1', '内网IP', '{\"id\":1014,\"status\":\"CONFIRMED\"}', '{\"msg\":\"操作成功\",\"code\":200}', 0, NULL, '2025-12-05 16:19:02', 41);
INSERT INTO `sys_oper_log` VALUES (515, '绩效审核', 2, 'com.ruoyi.web.controller.perf.PerfPerformanceController.auditPerfPerformance()', 'PUT', 1, 'admin', 'IT部', '/perf/performance/auditPerformance', '127.0.0.1', '内网IP', '{\"id\":1012,\"rejectReason\":\"不行啊\",\"status\":\"REJECTED\"}', '{\"msg\":\"操作成功\",\"code\":200}', 0, NULL, '2025-12-05 16:19:34', 36);
INSERT INTO `sys_oper_log` VALUES (516, '绩效内容', 2, 'com.ruoyi.web.controller.perf.PerfPerformanceContentController.editBatch()', 'PUT', 1, 'admin', 'IT部', '/perf/content/batch', '127.0.0.1', '内网IP', '{\"contentList\":[{\"id\":173,\"itemId\":105,\"params\":{},\"performanceId\":1012,\"selfComment\":\"66\",\"selfResult\":\"提升代码质量，减少线上缺陷\",\"selfScore\":10,\"selfTarget\":\"提升代码质量，减少线上缺陷\",\"updateBy\":\"1\",\"updateTime\":\"2025-12-05 16:43:05\"},{\"id\":178,\"itemId\":114,\"params\":{},\"performanceId\":1012,\"selfComment\":\"代码质量有明显提升\",\"selfResult\":\"代码质量有明显提升\",\"selfScore\":19,\"selfTarget\":\"代码质量有明显提升\",\"updateBy\":\"1\",\"updateTime\":\"2025-12-05 16:43:05\"},{\"id\":179,\"itemId\":121,\"params\":{},\"performanceId\":1012,\"selfComment\":\"提出建设性意见\",\"selfResult\":\"积极参与代码审查，提出建设性意见\",\"selfScore\":10,\"selfTarget\":\"积极参与代码审查，提出建设性意见\",\"updateBy\":\"1\",\"updateTime\":\"2025-12-05 16:43:05\"},{\"id\":175,\"itemId\":111,\"params\":{},\"performanceId\":1012,\"selfComment\":\"测试\",\"selfResult\":\"核心业务逻辑测试\",\"selfScore\":9.5,\"selfTarget\":\"核心业务逻辑测试覆盖良好\",\"updateBy\":\"1\",\"updateTime\":\"2025-12-05 16:43:05\"},{\"id\":176,\"itemId\":112,\"params\":{},\"performanceId\":1012,\"selfComment\":\"空间\",\"selfResult\":\"但仍有改进空间\",\"selfScore\":9,\"selfTarget\":\"缺陷控制较好，但仍有改进空间\",\"updateBy\":\"1\",\"updateTime\":\"2025-12-05 16:43:05\"},{\"id\":172,\"itemId\":102,\"params\":{},\"performanceId\":1012,\"selfComment\":\"部分细节待补充\",\"selfResult\":\"文档基本完整\",\"selfScore\":30,\"selfTarget\":\"文档基本完整，部分细节待补充\",\"updateBy\":\"1\",\"updateTime\":\"2025-12-05 16:43:05\"},{\"id\":177,\"itemId\":113,\"params\":{},\"performanceId\":1012,\"selfComment\":\"良好\",\"selfResult\":\"项目进度控制良好\",\"selfScore\":9,\"selfTarget\":\"项目进度控制良好\",\"updateBy\":\"1\",\"updateTime\":\"2025-12-05 16:43:05\"}],\"performanceId\":1012,\"performanceStatus\":\"DRAFT\"}', '{\"msg\":\"操作成功\",\"code\":200}', 0, NULL, '2025-12-05 16:43:05', 47);
INSERT INTO `sys_oper_log` VALUES (517, '绩效内容', 2, 'com.ruoyi.web.controller.perf.PerfPerformanceContentController.editBatch()', 'PUT', 1, 'admin', 'IT部', '/perf/content/batch', '127.0.0.1', '内网IP', '{\"contentList\":[{\"id\":173,\"itemId\":105,\"params\":{},\"performanceId\":1012,\"selfComment\":\"66\",\"selfResult\":\"提升代码质量，减少线上缺陷\",\"selfScore\":10,\"selfTarget\":\"提升代码质量，减少线上缺陷\",\"updateBy\":\"1\",\"updateTime\":\"2025-12-05 16:49:02\"},{\"id\":178,\"itemId\":114,\"params\":{},\"performanceId\":1012,\"selfComment\":\"代码质量有明显提升\",\"selfResult\":\"代码质量有明显提升\",\"selfScore\":19,\"selfTarget\":\"代码质量有明显提升\",\"updateBy\":\"1\",\"updateTime\":\"2025-12-05 16:49:02\"},{\"id\":179,\"itemId\":121,\"params\":{},\"performanceId\":1012,\"selfComment\":\"提出建设性意见\",\"selfResult\":\"积极参与代码审查，提出建设性意见\",\"selfScore\":10,\"selfTarget\":\"积极参与代码审查，提出建设性意见\",\"updateBy\":\"1\",\"updateTime\":\"2025-12-05 16:49:02\"},{\"id\":175,\"itemId\":111,\"params\":{},\"performanceId\":1012,\"selfComment\":\"测试\",\"selfResult\":\"核心业务逻辑测试\",\"selfScore\":9.5,\"selfTarget\":\"核心业务逻辑测试覆盖良好\",\"updateBy\":\"1\",\"updateTime\":\"2025-12-05 16:49:02\"},{\"id\":176,\"itemId\":112,\"params\":{},\"performanceId\":1012,\"selfComment\":\"空间\",\"selfResult\":\"但仍有改进空间\",\"selfScore\":9,\"selfTarget\":\"缺陷控制较好，但仍有改进空间\",\"updateBy\":\"1\",\"updateTime\":\"2025-12-05 16:49:02\"},{\"id\":172,\"itemId\":102,\"params\":{},\"performanceId\":1012,\"selfComment\":\"部分细节待补充\",\"selfResult\":\"文档基本完整\",\"selfScore\":30,\"selfTarget\":\"文档基本完整，部分细节待补充\",\"updateBy\":\"1\",\"updateTime\":\"2025-12-05 16:49:02\"},{\"id\":177,\"itemId\":113,\"params\":{},\"performanceId\":1012,\"selfComment\":\"良好\",\"selfResult\":\"项目进度控制良好\",\"selfScore\":9,\"selfTarget\":\"项目进度控制良好\",\"updateBy\":\"1\",\"updateTime\":\"2025-12-05 16:49:02\"}],\"performanceId\":1012,\"performanceStatus\":\"PENDING_SCORE\",\"performanceStep\":1}', '{\"msg\":\"操作成功\",\"code\":200}', 0, NULL, '2025-12-05 16:49:02', 131);
INSERT INTO `sys_oper_log` VALUES (518, '绩效内容', 2, 'com.ruoyi.web.controller.perf.PerfPerformanceContentController.editBatch()', 'PUT', 1, 'admin', 'IT部', '/perf/content/batch', '127.0.0.1', '内网IP', '{\"contentList\":[{\"id\":173,\"itemId\":105,\"params\":{},\"performanceId\":1012,\"selfComment\":\"66\",\"selfResult\":\"提升代码质量，减少线上缺陷\",\"selfScore\":10,\"selfTarget\":\"提升代码质量，减少线上缺陷\",\"updateBy\":\"1\",\"updateTime\":\"2025-12-05 16:50:43\"},{\"id\":178,\"itemId\":114,\"params\":{},\"performanceId\":1012,\"selfComment\":\"代码质量有明显提升\",\"selfResult\":\"代码质量有明显提升\",\"selfScore\":19,\"selfTarget\":\"代码质量有明显提升\",\"updateBy\":\"1\",\"updateTime\":\"2025-12-05 16:50:43\"},{\"id\":179,\"itemId\":121,\"params\":{},\"performanceId\":1012,\"selfComment\":\"提出建设性意见\",\"selfResult\":\"积极参与代码审查，提出建设性意见\",\"selfScore\":10,\"selfTarget\":\"积极参与代码审查，提出建设性意见\",\"updateBy\":\"1\",\"updateTime\":\"2025-12-05 16:50:43\"},{\"id\":175,\"itemId\":111,\"params\":{},\"performanceId\":1012,\"selfComment\":\"测试\",\"selfResult\":\"核心业务逻辑测试\",\"selfScore\":9.5,\"selfTarget\":\"核心业务逻辑测试覆盖良好\",\"updateBy\":\"1\",\"updateTime\":\"2025-12-05 16:50:43\"},{\"id\":176,\"itemId\":112,\"params\":{},\"performanceId\":1012,\"selfComment\":\"空间\",\"selfResult\":\"但仍有改进空间\",\"selfScore\":9,\"selfTarget\":\"缺陷控制较好，但仍有改进空间\",\"updateBy\":\"1\",\"updateTime\":\"2025-12-05 16:50:43\"},{\"id\":172,\"itemId\":102,\"params\":{},\"performanceId\":1012,\"selfComment\":\"部分细节待补充\",\"selfResult\":\"文档基本完整\",\"selfScore\":30,\"selfTarget\":\"文档基本完整，部分细节待补充\",\"updateBy\":\"1\",\"updateTime\":\"2025-12-05 16:50:43\"},{\"id\":177,\"itemId\":113,\"params\":{},\"performanceId\":1012,\"selfComment\":\"良好\",\"selfResult\":\"项目进度控制良好\",\"selfScore\":9,\"selfTarget\":\"项目进度控制良好\",\"updateBy\":\"1\",\"updateTime\":\"2025-12-05 16:50:43\"}],\"performanceId\":1012,\"performanceStatus\":\"PENDING_SCORE\",\"performanceStep\":1}', '{\"msg\":\"操作成功\",\"code\":200}', 0, NULL, '2025-12-05 16:50:43', 42);
INSERT INTO `sys_oper_log` VALUES (519, '绩效内容', 2, 'com.ruoyi.web.controller.perf.PerfPerformanceContentController.editBatch()', 'PUT', 1, 'admin', 'IT部', '/perf/content/batch', '127.0.0.1', '内网IP', '{\"contentList\":[{\"id\":173,\"itemId\":105,\"params\":{},\"performanceId\":1012,\"selfComment\":\"66\",\"selfResult\":\"提升代码质量，减少线上缺陷\",\"selfScore\":10,\"selfTarget\":\"提升代码质量，减少线上缺陷\",\"updateBy\":\"1\",\"updateTime\":\"2025-12-05 16:56:16\"},{\"id\":178,\"itemId\":114,\"params\":{},\"performanceId\":1012,\"selfComment\":\"代码质量有明显提升\",\"selfResult\":\"代码质量有明显提升\",\"selfScore\":19,\"selfTarget\":\"代码质量有明显提升\",\"updateBy\":\"1\",\"updateTime\":\"2025-12-05 16:56:16\"},{\"id\":179,\"itemId\":121,\"params\":{},\"performanceId\":1012,\"selfComment\":\"提出建设性意见\",\"selfResult\":\"积极参与代码审查，提出建设性意见\",\"selfScore\":10,\"selfTarget\":\"积极参与代码审查，提出建设性意见\",\"updateBy\":\"1\",\"updateTime\":\"2025-12-05 16:56:16\"},{\"id\":175,\"itemId\":111,\"params\":{},\"performanceId\":1012,\"selfComment\":\"测试\",\"selfResult\":\"核心业务逻辑测试\",\"selfScore\":9.5,\"selfTarget\":\"核心业务逻辑测试覆盖良好\",\"updateBy\":\"1\",\"updateTime\":\"2025-12-05 16:56:16\"},{\"id\":176,\"itemId\":112,\"params\":{},\"performanceId\":1012,\"selfComment\":\"空间\",\"selfResult\":\"但仍有改进空间\",\"selfScore\":9,\"selfTarget\":\"缺陷控制较好，但仍有改进空间\",\"updateBy\":\"1\",\"updateTime\":\"2025-12-05 16:56:16\"},{\"id\":172,\"itemId\":102,\"params\":{},\"performanceId\":1012,\"selfComment\":\"部分细节待补充\",\"selfResult\":\"文档基本完整\",\"selfScore\":30,\"selfTarget\":\"文档基本完整，部分细节待补充\",\"updateBy\":\"1\",\"updateTime\":\"2025-12-05 16:56:16\"},{\"id\":177,\"itemId\":113,\"params\":{},\"performanceId\":1012,\"selfComment\":\"良好\",\"selfResult\":\"项目进度控制良好\",\"selfScore\":9,\"selfTarget\":\"项目进度控制良好\",\"updateBy\":\"1\",\"updateTime\":\"2025-12-05 16:56:16\"}],\"performanceId\":1012,\"performanceStatus\":\"PENDING_SCORE\",\"performanceStep\":1}', '{\"msg\":\"操作成功\",\"code\":200}', 0, NULL, '2025-12-05 16:56:16', 130);
INSERT INTO `sys_oper_log` VALUES (520, '绩效内容', 2, 'com.ruoyi.web.controller.perf.PerfPerformanceContentController.editBatch()', 'PUT', 1, 'admin', 'IT部', '/perf/content/batch', '127.0.0.1', '内网IP', '{\"contentList\":[{\"id\":173,\"itemId\":105,\"params\":{},\"performanceId\":1012,\"selfComment\":\"66\",\"selfResult\":\"提升代码质量，减少线上缺陷\",\"selfScore\":10,\"selfTarget\":\"提升代码质量，减少线上缺陷\",\"updateBy\":\"1\",\"updateTime\":\"2025-12-05 16:58:43\"},{\"id\":178,\"itemId\":114,\"params\":{},\"performanceId\":1012,\"selfComment\":\"代码质量有明显提升\",\"selfResult\":\"代码质量有明显提升\",\"selfScore\":19,\"selfTarget\":\"代码质量有明显提升\",\"updateBy\":\"1\",\"updateTime\":\"2025-12-05 16:58:43\"},{\"id\":179,\"itemId\":121,\"params\":{},\"performanceId\":1012,\"selfComment\":\"提出建设性意见\",\"selfResult\":\"积极参与代码审查，提出建设性意见\",\"selfScore\":10,\"selfTarget\":\"积极参与代码审查，提出建设性意见\",\"updateBy\":\"1\",\"updateTime\":\"2025-12-05 16:58:43\"},{\"id\":175,\"itemId\":111,\"params\":{},\"performanceId\":1012,\"selfComment\":\"测试\",\"selfResult\":\"核心业务逻辑测试\",\"selfScore\":9.5,\"selfTarget\":\"核心业务逻辑测试覆盖良好\",\"updateBy\":\"1\",\"updateTime\":\"2025-12-05 16:58:43\"},{\"id\":176,\"itemId\":112,\"params\":{},\"performanceId\":1012,\"selfComment\":\"空间\",\"selfResult\":\"但仍有改进空间\",\"selfScore\":9,\"selfTarget\":\"缺陷控制较好，但仍有改进空间\",\"updateBy\":\"1\",\"updateTime\":\"2025-12-05 16:58:43\"},{\"id\":172,\"itemId\":102,\"params\":{},\"performanceId\":1012,\"selfComment\":\"部分细节待补充\",\"selfResult\":\"文档基本完整\",\"selfScore\":30,\"selfTarget\":\"文档基本完整，部分细节待补充\",\"updateBy\":\"1\",\"updateTime\":\"2025-12-05 16:58:43\"},{\"id\":177,\"itemId\":113,\"params\":{},\"performanceId\":1012,\"selfComment\":\"良好\",\"selfResult\":\"项目进度控制良好\",\"selfScore\":9,\"selfTarget\":\"项目进度控制良好\",\"updateBy\":\"1\",\"updateTime\":\"2025-12-05 16:58:43\"}],\"performanceId\":1012,\"performanceStatus\":\"PENDING_SCORE\",\"performanceStep\":1}', '{\"msg\":\"操作成功\",\"code\":200}', 0, NULL, '2025-12-05 16:58:43', 133);
INSERT INTO `sys_oper_log` VALUES (521, '绩效内容', 2, 'com.ruoyi.web.controller.perf.PerfPerformanceContentController.editBatch()', 'PUT', 1, 'admin', 'IT部', '/perf/content/batch', '127.0.0.1', '内网IP', '{\"contentList\":[{\"id\":173,\"itemId\":105,\"params\":{},\"performanceId\":1012,\"selfComment\":\"66\",\"selfResult\":\"提升代码质量，减少线上缺陷\",\"selfScore\":10,\"selfTarget\":\"提升代码质量，减少线上缺陷\",\"updateBy\":\"1\",\"updateTime\":\"2025-12-05 17:00:00\"},{\"id\":178,\"itemId\":114,\"params\":{},\"performanceId\":1012,\"selfComment\":\"代码质量有明显提升\",\"selfResult\":\"代码质量有明显提升\",\"selfScore\":19,\"selfTarget\":\"代码质量有明显提升\",\"updateBy\":\"1\",\"updateTime\":\"2025-12-05 17:00:00\"},{\"id\":179,\"itemId\":121,\"params\":{},\"performanceId\":1012,\"selfComment\":\"提出建设性意见\",\"selfResult\":\"积极参与代码审查，提出建设性意见\",\"selfScore\":10,\"selfTarget\":\"积极参与代码审查，提出建设性意见\",\"updateBy\":\"1\",\"updateTime\":\"2025-12-05 17:00:00\"},{\"id\":175,\"itemId\":111,\"params\":{},\"performanceId\":1012,\"selfComment\":\"测试\",\"selfResult\":\"核心业务逻辑测试\",\"selfScore\":9.5,\"selfTarget\":\"核心业务逻辑测试覆盖良好\",\"updateBy\":\"1\",\"updateTime\":\"2025-12-05 17:00:00\"},{\"id\":176,\"itemId\":112,\"params\":{},\"performanceId\":1012,\"selfComment\":\"空间\",\"selfResult\":\"但仍有改进空间\",\"selfScore\":9,\"selfTarget\":\"缺陷控制较好，但仍有改进空间\",\"updateBy\":\"1\",\"updateTime\":\"2025-12-05 17:00:00\"},{\"id\":172,\"itemId\":102,\"params\":{},\"performanceId\":1012,\"selfComment\":\"部分细节待补充\",\"selfResult\":\"文档基本完整\",\"selfScore\":30,\"selfTarget\":\"文档基本完整，部分细节待补充\",\"updateBy\":\"1\",\"updateTime\":\"2025-12-05 17:00:00\"},{\"id\":177,\"itemId\":113,\"params\":{},\"performanceId\":1012,\"selfComment\":\"良好\",\"selfResult\":\"项目进度控制良好\",\"selfScore\":9,\"selfTarget\":\"项目进度控制良好\",\"updateBy\":\"1\",\"updateTime\":\"2025-12-05 17:00:00\"}],\"performanceId\":1012,\"performanceStatus\":\"PENDING_SCORE\",\"performanceStep\":1}', '{\"msg\":\"操作成功\",\"code\":200}', 0, NULL, '2025-12-05 17:00:00', 122);
INSERT INTO `sys_oper_log` VALUES (522, '菜单管理', 2, 'com.ruoyi.web.controller.system.SysMenuController.edit()', 'PUT', 1, 'admin', 'IT部', '/system/menu', '127.0.0.1', '内网IP', '{\"children\":[],\"component\":\"perf/scoreFlow/index\",\"createTime\":\"2025-11-26 18:31:13\",\"icon\":\"#\",\"isCache\":\"0\",\"isFrame\":\"1\",\"menuId\":2097,\"menuName\":\"评分流程\",\"menuType\":\"C\",\"orderNum\":1,\"params\":{},\"parentId\":2000,\"path\":\"scoreFlow\",\"perms\":\"perf:scoreFlow:list\",\"routeName\":\"\",\"status\":\"0\",\"updateBy\":\"admin\",\"visible\":\"1\"}', '{\"msg\":\"操作成功\",\"code\":200}', 0, NULL, '2025-12-05 17:04:17', 10);
INSERT INTO `sys_oper_log` VALUES (523, '菜单管理', 2, 'com.ruoyi.web.controller.system.SysMenuController.edit()', 'PUT', 1, 'admin', 'IT部', '/system/menu', '127.0.0.1', '内网IP', '{\"children\":[],\"component\":\"perf/flowConfig/index\",\"createTime\":\"2025-11-26 18:31:01\",\"icon\":\"#\",\"isCache\":\"0\",\"isFrame\":\"1\",\"menuId\":2085,\"menuName\":\"绩效流程配置\",\"menuType\":\"C\",\"orderNum\":1,\"params\":{},\"parentId\":2000,\"path\":\"flowConfig\",\"perms\":\"perf:flowConfig:list\",\"routeName\":\"\",\"status\":\"1\",\"updateBy\":\"admin\",\"visible\":\"1\"}', '{\"msg\":\"操作成功\",\"code\":200}', 0, NULL, '2025-12-05 17:04:31', 9);
INSERT INTO `sys_oper_log` VALUES (524, '菜单管理', 2, 'com.ruoyi.web.controller.system.SysMenuController.edit()', 'PUT', 1, 'admin', 'IT部', '/system/menu', '127.0.0.1', '内网IP', '{\"children\":[],\"component\":\"perf/scoreFlow/index\",\"createTime\":\"2025-11-26 18:31:13\",\"icon\":\"#\",\"isCache\":\"0\",\"isFrame\":\"1\",\"menuId\":2097,\"menuName\":\"评分流程\",\"menuType\":\"C\",\"orderNum\":1,\"params\":{},\"parentId\":2000,\"path\":\"scoreFlow\",\"perms\":\"perf:scoreFlow:list\",\"routeName\":\"\",\"status\":\"1\",\"updateBy\":\"admin\",\"visible\":\"1\"}', '{\"msg\":\"操作成功\",\"code\":200}', 0, NULL, '2025-12-05 17:04:37', 10);
INSERT INTO `sys_oper_log` VALUES (525, '菜单管理', 2, 'com.ruoyi.web.controller.system.SysMenuController.edit()', 'PUT', 1, 'admin', 'IT部', '/system/menu', '127.0.0.1', '内网IP', '{\"children\":[],\"component\":\"perf/content/index\",\"createTime\":\"2025-11-26 18:30:55\",\"icon\":\"log\",\"isCache\":\"0\",\"isFrame\":\"1\",\"menuId\":2079,\"menuName\":\"绩效内容\",\"menuType\":\"C\",\"orderNum\":1,\"params\":{},\"parentId\":2000,\"path\":\"content\",\"perms\":\"perf:content:list\",\"routeName\":\"\",\"status\":\"1\",\"updateBy\":\"admin\",\"visible\":\"1\"}', '{\"msg\":\"操作成功\",\"code\":200}', 0, NULL, '2025-12-05 17:05:25', 8);
INSERT INTO `sys_oper_log` VALUES (526, '菜单管理', 2, 'com.ruoyi.web.controller.system.SysMenuController.edit()', 'PUT', 1, 'admin', 'IT部', '/system/menu', '127.0.0.1', '内网IP', '{\"children\":[],\"component\":\"perf/interview/index\",\"createTime\":\"2025-11-26 18:31:07\",\"icon\":\"rate\",\"isCache\":\"0\",\"isFrame\":\"1\",\"menuId\":2091,\"menuName\":\"绩效面谈\",\"menuType\":\"C\",\"orderNum\":1,\"params\":{},\"parentId\":2000,\"path\":\"interview\",\"perms\":\"perf:interview:list\",\"routeName\":\"\",\"status\":\"0\",\"updateBy\":\"admin\",\"visible\":\"0\"}', '{\"msg\":\"操作成功\",\"code\":200}', 0, NULL, '2025-12-05 17:09:40', 8);
INSERT INTO `sys_oper_log` VALUES (527, '菜单管理', 2, 'com.ruoyi.web.controller.system.SysMenuController.edit()', 'PUT', 1, 'admin', 'IT部', '/system/menu', '127.0.0.1', '内网IP', '{\"children\":[],\"component\":\"perf/appeal/index\",\"createTime\":\"2025-11-26 18:31:19\",\"icon\":\"job\",\"isCache\":\"0\",\"isFrame\":\"1\",\"menuId\":2103,\"menuName\":\"绩效申诉\",\"menuType\":\"C\",\"orderNum\":1,\"params\":{},\"parentId\":2000,\"path\":\"appeal\",\"perms\":\"perf:appeal:list\",\"routeName\":\"\",\"status\":\"0\",\"updateBy\":\"admin\",\"visible\":\"0\"}', '{\"msg\":\"操作成功\",\"code\":200}', 0, NULL, '2025-12-05 17:10:25', 9);
INSERT INTO `sys_oper_log` VALUES (528, '绩效申诉', 1, 'com.ruoyi.web.controller.perf.PerfAppealController.add()', 'POST', 1, 'admin', 'IT部', '/perf/appeal', '127.0.0.1', '内网IP', '{\"appealReason\":\"分值不对\",\"performanceId\":1014}', '{\"msg\":\"操作成功\",\"code\":200}', 0, NULL, '2025-12-05 18:00:20', 22);
INSERT INTO `sys_oper_log` VALUES (529, '绩效申诉', 1, 'com.ruoyi.web.controller.perf.PerfAppealController.add()', 'POST', 1, 'admin', 'IT部', '/perf/appeal', '127.0.0.1', '内网IP', '{\"appealReason\":\"分不多\",\"performanceId\":1014}', '{\"msg\":\"操作成功\",\"code\":200}', 0, NULL, '2025-12-05 18:08:30', 56);
INSERT INTO `sys_oper_log` VALUES (530, '绩效申诉', 1, 'com.ruoyi.web.controller.perf.PerfAppealController.add()', 'POST', 1, 'admin', 'IT部', '/perf/appeal', '127.0.0.1', '内网IP', '{\"appealReason\":\"分布式\",\"performanceId\":1014}', '{\"msg\":\"操作成功\",\"code\":200}', 0, NULL, '2025-12-05 18:30:16', 13);
INSERT INTO `sys_oper_log` VALUES (531, '绩效申诉处理', 2, 'com.ruoyi.web.controller.perf.PerfAppealController.handlePerfAppeal()', 'PUT', 1, 'admin', 'IT部', '/perf/appeal/handle', '127.0.0.1', '内网IP', '{\"id\":3,\"ifAdjustScore\":0,\"processComment\":\"666\"}', NULL, 1, '\r\n### Error querying database.  Cause: java.sql.SQLSyntaxErrorException: Unknown column \'remark\' in \'field list\'\r\n### The error may exist in com/ruoyi/perf/mapper/PerfAppealMapper.java (best guess)\r\n### The error may involve defaultParameterMap\r\n### The error occurred while setting parameters\r\n### SQL: SELECT id,performance_id,appeal_reason,appeal_status,processor_id,process_comment,process_result,adjust_score,if_adjust_score,appeal_time,process_time,del_flag,create_by,create_time,update_by,update_time,remark FROM perf_appeal WHERE id=?  AND del_flag=\'0\'\r\n### Cause: java.sql.SQLSyntaxErrorException: Unknown column \'remark\' in \'field list\'\n; bad SQL grammar []; nested exception is java.sql.SQLSyntaxErrorException: Unknown column \'remark\' in \'field list\'', '2025-12-08 13:59:56', 54);
INSERT INTO `sys_oper_log` VALUES (532, '绩效申诉处理', 2, 'com.ruoyi.web.controller.perf.PerfAppealController.handlePerfAppeal()', 'PUT', 1, 'admin', 'IT部', '/perf/appeal/handle', '127.0.0.1', '内网IP', '{\"id\":3,\"ifAdjustScore\":0,\"processComment\":\"666\"}', '{\"msg\":\"操作成功\",\"code\":200}', 0, NULL, '2025-12-08 14:00:38', 47);
INSERT INTO `sys_oper_log` VALUES (533, '绩效申诉', 1, 'com.ruoyi.web.controller.perf.PerfAppealController.add()', 'POST', 1, 'admin', 'IT部', '/perf/appeal', '127.0.0.1', '内网IP', '{\"appealReason\":\"999\",\"performanceId\":1014}', '{\"msg\":\"操作成功\",\"code\":200}', 0, NULL, '2025-12-08 14:01:09', 21);
INSERT INTO `sys_oper_log` VALUES (534, '绩效申诉处理', 2, 'com.ruoyi.web.controller.perf.PerfAppealController.handlePerfAppeal()', 'PUT', 1, 'admin', 'IT部', '/perf/appeal/handle', '127.0.0.1', '内网IP', '{\"adjustScore\":99,\"id\":4,\"ifAdjustScore\":1,\"processComment\":\"66666\"}', '{\"msg\":\"操作成功\",\"code\":200}', 0, NULL, '2025-12-08 14:04:37', 23);
INSERT INTO `sys_oper_log` VALUES (535, '菜单管理', 2, 'com.ruoyi.web.controller.system.SysMenuController.edit()', 'PUT', 1, 'admin', 'IT部', '/system/menu', '127.0.0.1', '内网IP', '{\"children\":[],\"component\":\"perf/period/index\",\"createTime\":\"2025-11-25 10:07:56\",\"icon\":\"build\",\"isCache\":\"1\",\"isFrame\":\"1\",\"menuId\":2055,\"menuName\":\"绩效周期\",\"menuType\":\"C\",\"orderNum\":1,\"params\":{},\"parentId\":2000,\"path\":\"period\",\"perms\":\"perf:period:list\",\"routeName\":\"\",\"status\":\"0\",\"updateBy\":\"admin\",\"visible\":\"0\"}', '{\"msg\":\"操作成功\",\"code\":200}', 0, NULL, '2025-12-08 14:07:55', 10);
INSERT INTO `sys_oper_log` VALUES (536, '菜单管理', 2, 'com.ruoyi.web.controller.system.SysMenuController.edit()', 'PUT', 1, 'admin', 'IT部', '/system/menu', '127.0.0.1', '内网IP', '{\"children\":[],\"component\":\"perf/template/index\",\"createTime\":\"2025-11-25 15:49:28\",\"icon\":\"documentation\",\"isCache\":\"1\",\"isFrame\":\"1\",\"menuId\":2061,\"menuName\":\"绩效模板\",\"menuType\":\"C\",\"orderNum\":1,\"params\":{},\"parentId\":2000,\"path\":\"template\",\"perms\":\"perf:template:list\",\"routeName\":\"\",\"status\":\"0\",\"updateBy\":\"admin\",\"visible\":\"0\"}', '{\"msg\":\"操作成功\",\"code\":200}', 0, NULL, '2025-12-08 14:07:58', 7);
INSERT INTO `sys_oper_log` VALUES (537, '菜单管理', 2, 'com.ruoyi.web.controller.system.SysMenuController.edit()', 'PUT', 1, 'admin', 'IT部', '/system/menu', '127.0.0.1', '内网IP', '{\"children\":[],\"component\":\"perf/period/index\",\"createTime\":\"2025-11-25 10:07:56\",\"icon\":\"build\",\"isCache\":\"0\",\"isFrame\":\"1\",\"menuId\":2055,\"menuName\":\"绩效周期\",\"menuType\":\"C\",\"orderNum\":1,\"params\":{},\"parentId\":2000,\"path\":\"period\",\"perms\":\"perf:period:list\",\"routeName\":\"\",\"status\":\"0\",\"updateBy\":\"admin\",\"visible\":\"0\"}', '{\"msg\":\"操作成功\",\"code\":200}', 0, NULL, '2025-12-08 14:08:40', 7);
INSERT INTO `sys_oper_log` VALUES (538, '菜单管理', 2, 'com.ruoyi.web.controller.system.SysMenuController.edit()', 'PUT', 1, 'admin', 'IT部', '/system/menu', '127.0.0.1', '内网IP', '{\"children\":[],\"component\":\"perf/template/index\",\"createTime\":\"2025-11-25 15:49:28\",\"icon\":\"documentation\",\"isCache\":\"0\",\"isFrame\":\"1\",\"menuId\":2061,\"menuName\":\"绩效模板\",\"menuType\":\"C\",\"orderNum\":1,\"params\":{},\"parentId\":2000,\"path\":\"template\",\"perms\":\"perf:template:list\",\"routeName\":\"\",\"status\":\"0\",\"updateBy\":\"admin\",\"visible\":\"0\"}', '{\"msg\":\"操作成功\",\"code\":200}', 0, NULL, '2025-12-08 14:08:47', 8);
INSERT INTO `sys_oper_log` VALUES (539, '菜单管理', 2, 'com.ruoyi.web.controller.system.SysMenuController.edit()', 'PUT', 1, 'admin', 'IT部', '/system/menu', '127.0.0.1', '内网IP', '{\"children\":[],\"component\":\"perf/appeal/index\",\"createTime\":\"2025-11-26 18:31:19\",\"icon\":\"job\",\"isCache\":\"1\",\"isFrame\":\"1\",\"menuId\":2103,\"menuName\":\"绩效申诉\",\"menuType\":\"C\",\"orderNum\":1,\"params\":{},\"parentId\":2000,\"path\":\"appeal\",\"perms\":\"perf:appeal:list\",\"routeName\":\"\",\"status\":\"0\",\"updateBy\":\"admin\",\"visible\":\"0\"}', '{\"msg\":\"操作成功\",\"code\":200}', 0, NULL, '2025-12-08 14:08:52', 6);
INSERT INTO `sys_oper_log` VALUES (540, '菜单管理', 2, 'com.ruoyi.web.controller.system.SysMenuController.edit()', 'PUT', 1, 'admin', 'IT部', '/system/menu', '127.0.0.1', '内网IP', '{\"children\":[],\"component\":\"perf/performance/index\",\"createTime\":\"2025-11-26 18:30:50\",\"icon\":\"form\",\"isCache\":\"1\",\"isFrame\":\"1\",\"menuId\":2073,\"menuName\":\"人员绩效\",\"menuType\":\"C\",\"orderNum\":1,\"params\":{},\"parentId\":2000,\"path\":\"performance\",\"perms\":\"perf:performance:list\",\"routeName\":\"\",\"status\":\"0\",\"updateBy\":\"admin\",\"visible\":\"0\"}', '{\"msg\":\"操作成功\",\"code\":200}', 0, NULL, '2025-12-08 14:09:00', 6);
INSERT INTO `sys_oper_log` VALUES (541, '绩效面谈', 1, 'com.ruoyi.web.controller.perf.PerfInterviewController.add()', 'POST', 1, 'admin', 'IT部', '/perf/interview', '127.0.0.1', '内网IP', '{\"createTime\":\"2025-12-08 15:11:22\",\"id\":1,\"interviewTime\":\"2025-12-08\",\"intervieweeId\":1,\"interviewerId\":3,\"params\":{},\"performanceId\":2}', '{\"msg\":\"操作成功\",\"code\":200}', 0, NULL, '2025-12-08 15:11:22', 45);
INSERT INTO `sys_oper_log` VALUES (542, '绩效面谈', 1, 'com.ruoyi.web.controller.perf.PerfInterviewController.add()', 'POST', 1, 'admin', 'IT部', '/perf/interview', '127.0.0.1', '内网IP', '{\"createTime\":\"2025-12-08 15:53:52\",\"id\":2,\"interviewTime\":\"2025-12-08\",\"intervieweeId\":100,\"interviewerId\":1,\"params\":{},\"performanceId\":1004}', '{\"msg\":\"操作成功\",\"code\":200}', 0, NULL, '2025-12-08 15:53:52', 29);
INSERT INTO `sys_oper_log` VALUES (543, '绩效面谈', 1, 'com.ruoyi.web.controller.perf.PerfInterviewController.add()', 'POST', 1, 'admin', 'IT部', '/perf/interview', '127.0.0.1', '内网IP', '{\"interviewTime\":\"2025-12-24\",\"intervieweeId\":1,\"interviewerId\":101,\"params\":{},\"performanceId\":1007}', NULL, 1, '绩效不存在', '2025-12-08 16:43:35', 39);
INSERT INTO `sys_oper_log` VALUES (544, '绩效面谈', 1, 'com.ruoyi.web.controller.perf.PerfInterviewController.add()', 'POST', 1, 'admin', 'IT部', '/perf/interview', '127.0.0.1', '内网IP', '{\"createBy\":\"1\",\"createTime\":\"2025-12-08 16:55:01\",\"id\":3,\"interviewTime\":\"2025-12-08\",\"intervieweeId\":1,\"interviewerId\":101,\"params\":{},\"performanceId\":1014}', '{\"msg\":\"操作成功\",\"code\":200}', 0, NULL, '2025-12-08 16:55:01', 52);
INSERT INTO `sys_oper_log` VALUES (545, '绩效面谈', 2, 'com.ruoyi.web.controller.perf.PerfInterviewController.edit()', 'PUT', 1, 'admin', 'IT部', '/perf/interview', '127.0.0.1', '内网IP', '{\"createTime\":\"2025-12-08 15:11:22\",\"delFlag\":\"0\",\"id\":1,\"interviewTime\":\"2025-12-08\",\"intervieweeId\":101,\"interviewerId\":1,\"params\":{},\"performanceId\":1003,\"updateBy\":\"1\",\"updateTime\":\"2025-12-08 17:02:55\"}', '{\"msg\":\"操作成功\",\"code\":200}', 0, NULL, '2025-12-08 17:02:55', 58);
INSERT INTO `sys_oper_log` VALUES (546, '绩效面谈', 2, 'com.ruoyi.web.controller.perf.PerfInterviewController.edit()', 'PUT', 1, 'admin', 'IT部', '/perf/interview', '127.0.0.1', '内网IP', '{\"createTime\":\"2025-12-08 15:53:53\",\"delFlag\":\"0\",\"id\":2,\"ifInterview\":0,\"interviewTime\":\"2025-12-08\",\"intervieweeId\":100,\"interviewerId\":1,\"keyPoints\":\"阿达发多少\",\"params\":{},\"performanceId\":1004,\"updateBy\":\"1\",\"updateTime\":\"2025-12-08 17:07:16\"}', '{\"msg\":\"操作成功\",\"code\":200}', 0, NULL, '2025-12-08 17:07:16', 7);
INSERT INTO `sys_oper_log` VALUES (547, '绩效面谈', 2, 'com.ruoyi.web.controller.perf.PerfInterviewController.edit()', 'PUT', 1, 'admin', 'IT部', '/perf/interview', '127.0.0.1', '内网IP', '{\"createTime\":\"2025-12-08 15:11:22\",\"delFlag\":\"0\",\"id\":1,\"ifInterview\":0,\"interviewTime\":\"2025-12-08\",\"intervieweeId\":101,\"interviewerId\":1,\"keyPoints\":\"奥德赛\",\"params\":{},\"performanceId\":1003,\"updateBy\":\"1\",\"updateTime\":\"2025-12-08 17:07:39\"}', '{\"msg\":\"操作成功\",\"code\":200}', 0, NULL, '2025-12-08 17:07:39', 9);
INSERT INTO `sys_oper_log` VALUES (548, '绩效面谈', 2, 'com.ruoyi.web.controller.perf.PerfInterviewController.edit()', 'PUT', 1, 'admin', 'IT部', '/perf/interview', '127.0.0.1', '内网IP', '{\"actionPlan\":\"热热我让\",\"createTime\":\"2025-12-08 15:11:22\",\"delFlag\":\"0\",\"feedback\":\"太热\",\"id\":1,\"ifInterview\":1,\"improvements\":\"烦都烦死东方闪电\",\"interviewTime\":\"2025-12-08\",\"intervieweeId\":101,\"interviewerId\":1,\"keyPoints\":\"奥德赛\",\"params\":{},\"performanceId\":1003,\"strengths\":\"萨达\",\"updateBy\":\"1\",\"updateTime\":\"2025-12-08 17:08:16\"}', '{\"msg\":\"操作成功\",\"code\":200}', 0, NULL, '2025-12-08 17:08:16', 8);
INSERT INTO `sys_oper_log` VALUES (549, '绩效面谈', 2, 'com.ruoyi.web.controller.perf.PerfInterviewController.edit()', 'PUT', 1, 'admin', 'IT部', '/perf/interview', '127.0.0.1', '内网IP', '{\"actionPlan\":\"热热我让\",\"createTime\":\"2025-12-08 15:11:22\",\"delFlag\":\"0\",\"feedback\":\"太热\",\"id\":1,\"ifInterview\":1,\"improvements\":\"烦都烦死东方闪电\",\"interviewTime\":\"2025-12-08\",\"intervieweeId\":101,\"interviewerId\":1,\"keyPoints\":\"奥德赛\",\"params\":{},\"performanceId\":1003,\"strengths\":\"萨达\",\"updateTime\":\"2025-12-08 17:08:16\"}', NULL, 1, '该绩效已面谈', '2025-12-08 17:08:23', 5);
INSERT INTO `sys_oper_log` VALUES (550, '用户管理', 2, 'com.ruoyi.web.controller.system.SysUserController.resetPwd()', 'PUT', 1, 'admin', 'IT部', '/system/user/resetPwd', '127.0.0.1', '内网IP', '{\"admin\":false,\"params\":{},\"updateBy\":\"admin\",\"userId\":102}', '{\"msg\":\"操作成功\",\"code\":200}', 0, NULL, '2025-12-10 14:22:02', 76);
INSERT INTO `sys_oper_log` VALUES (551, '用户管理', 2, 'com.ruoyi.web.controller.system.SysUserController.resetPwd()', 'PUT', 1, 'admin', 'IT部', '/system/user/resetPwd', '127.0.0.1', '内网IP', '{\"admin\":false,\"params\":{},\"updateBy\":\"admin\",\"userId\":103}', '{\"msg\":\"操作成功\",\"code\":200}', 0, NULL, '2025-12-10 14:22:07', 76);
INSERT INTO `sys_oper_log` VALUES (552, '用户管理', 2, 'com.ruoyi.web.controller.system.SysUserController.resetPwd()', 'PUT', 1, 'admin', 'IT部', '/system/user/resetPwd', '127.0.0.1', '内网IP', '{\"admin\":false,\"params\":{},\"updateBy\":\"admin\",\"userId\":104}', '{\"msg\":\"操作成功\",\"code\":200}', 0, NULL, '2025-12-10 14:22:10', 65);
INSERT INTO `sys_oper_log` VALUES (553, '用户管理', 2, 'com.ruoyi.web.controller.system.SysUserController.resetPwd()', 'PUT', 1, 'admin', 'IT部', '/system/user/resetPwd', '127.0.0.1', '内网IP', '{\"admin\":false,\"params\":{},\"updateBy\":\"admin\",\"userId\":105}', '{\"msg\":\"操作成功\",\"code\":200}', 0, NULL, '2025-12-10 14:22:14', 71);
INSERT INTO `sys_oper_log` VALUES (554, '用户管理', 2, 'com.ruoyi.web.controller.system.SysUserController.resetPwd()', 'PUT', 1, 'admin', 'IT部', '/system/user/resetPwd', '127.0.0.1', '内网IP', '{\"admin\":false,\"params\":{},\"updateBy\":\"admin\",\"userId\":106}', '{\"msg\":\"操作成功\",\"code\":200}', 0, NULL, '2025-12-10 14:22:16', 74);
INSERT INTO `sys_oper_log` VALUES (555, '用户管理', 2, 'com.ruoyi.web.controller.system.SysUserController.resetPwd()', 'PUT', 1, 'admin', 'IT部', '/system/user/resetPwd', '127.0.0.1', '内网IP', '{\"admin\":false,\"params\":{},\"updateBy\":\"admin\",\"userId\":108}', '{\"msg\":\"操作成功\",\"code\":200}', 0, NULL, '2025-12-10 14:22:18', 70);
INSERT INTO `sys_oper_log` VALUES (556, '用户管理', 2, 'com.ruoyi.web.controller.system.SysUserController.resetPwd()', 'PUT', 1, 'admin', 'IT部', '/system/user/resetPwd', '127.0.0.1', '内网IP', '{\"admin\":false,\"params\":{},\"updateBy\":\"admin\",\"userId\":109}', '{\"msg\":\"操作成功\",\"code\":200}', 0, NULL, '2025-12-10 14:22:21', 69);
INSERT INTO `sys_oper_log` VALUES (557, '用户管理', 2, 'com.ruoyi.web.controller.system.SysUserController.resetPwd()', 'PUT', 1, 'admin', 'IT部', '/system/user/resetPwd', '127.0.0.1', '内网IP', '{\"admin\":false,\"params\":{},\"updateBy\":\"admin\",\"userId\":110}', '{\"msg\":\"操作成功\",\"code\":200}', 0, NULL, '2025-12-10 14:22:23', 75);
INSERT INTO `sys_oper_log` VALUES (558, '用户管理', 4, 'com.ruoyi.web.controller.system.SysUserController.insertAuthRole()', 'PUT', 1, 'admin', 'IT部', '/system/user/authRole', '127.0.0.1', '内网IP', '{\"roleIds\":\"2\",\"userId\":\"102\"}', '{\"msg\":\"操作成功\",\"code\":200}', 0, NULL, '2025-12-10 14:23:15', 26);
INSERT INTO `sys_oper_log` VALUES (559, '用户管理', 4, 'com.ruoyi.web.controller.system.SysUserController.insertAuthRole()', 'PUT', 1, 'admin', 'IT部', '/system/user/authRole', '127.0.0.1', '内网IP', '{\"roleIds\":\"2\",\"userId\":\"103\"}', '{\"msg\":\"操作成功\",\"code\":200}', 0, NULL, '2025-12-10 14:23:29', 6);
INSERT INTO `sys_oper_log` VALUES (560, '用户管理', 4, 'com.ruoyi.web.controller.system.SysUserController.insertAuthRole()', 'PUT', 1, 'admin', 'IT部', '/system/user/authRole', '127.0.0.1', '内网IP', '{\"roleIds\":\"2\",\"userId\":\"104\"}', '{\"msg\":\"操作成功\",\"code\":200}', 0, NULL, '2025-12-10 14:23:36', 5);
INSERT INTO `sys_oper_log` VALUES (561, '用户管理', 4, 'com.ruoyi.web.controller.system.SysUserController.insertAuthRole()', 'PUT', 1, 'admin', 'IT部', '/system/user/authRole', '127.0.0.1', '内网IP', '{\"roleIds\":\"2\",\"userId\":\"105\"}', '{\"msg\":\"操作成功\",\"code\":200}', 0, NULL, '2025-12-10 14:23:43', 6);
INSERT INTO `sys_oper_log` VALUES (562, '用户管理', 4, 'com.ruoyi.web.controller.system.SysUserController.insertAuthRole()', 'PUT', 1, 'admin', 'IT部', '/system/user/authRole', '127.0.0.1', '内网IP', '{\"roleIds\":\"2\",\"userId\":\"106\"}', '{\"msg\":\"操作成功\",\"code\":200}', 0, NULL, '2025-12-10 14:23:53', 6);
INSERT INTO `sys_oper_log` VALUES (563, '用户管理', 4, 'com.ruoyi.web.controller.system.SysUserController.insertAuthRole()', 'PUT', 1, 'admin', 'IT部', '/system/user/authRole', '127.0.0.1', '内网IP', '{\"roleIds\":\"2\",\"userId\":\"108\"}', '{\"msg\":\"操作成功\",\"code\":200}', 0, NULL, '2025-12-10 14:23:57', 6);
INSERT INTO `sys_oper_log` VALUES (564, '用户管理', 4, 'com.ruoyi.web.controller.system.SysUserController.insertAuthRole()', 'PUT', 1, 'admin', 'IT部', '/system/user/authRole', '127.0.0.1', '内网IP', '{\"roleIds\":\"2\",\"userId\":\"109\"}', '{\"msg\":\"操作成功\",\"code\":200}', 0, NULL, '2025-12-10 14:24:03', 7);
INSERT INTO `sys_oper_log` VALUES (565, '用户管理', 4, 'com.ruoyi.web.controller.system.SysUserController.insertAuthRole()', 'PUT', 1, 'admin', 'IT部', '/system/user/authRole', '127.0.0.1', '内网IP', '{\"roleIds\":\"2\",\"userId\":\"110\"}', '{\"msg\":\"操作成功\",\"code\":200}', 0, NULL, '2025-12-10 14:24:06', 6);
INSERT INTO `sys_oper_log` VALUES (566, '用户管理', 2, 'com.ruoyi.web.controller.system.SysUserController.changeStatus()', 'PUT', 1, 'admin', 'IT部', '/system/user/changeStatus', '127.0.0.1', '内网IP', '{\"admin\":false,\"params\":{},\"status\":\"0\",\"updateBy\":\"admin\",\"userId\":105}', '{\"msg\":\"操作成功\",\"code\":200}', 0, NULL, '2025-12-10 14:26:31', 6);
INSERT INTO `sys_oper_log` VALUES (567, '绩效模板', 2, 'com.ruoyi.web.controller.perf.PerfTemplateController.edit()', 'PUT', 1, 'admin', 'IT部', '/perf/template', '127.0.0.1', '内网IP', '{\"defaultScoreId\":1,\"deptId\":103,\"id\":124,\"postIds\":[4],\"remark\":\"新员工试用期工作态度、学习能力、适应性评估\",\"status\":\"0\",\"templateName\":\"新员工试用期评估\",\"templateType\":\"COMPETENCY\"}', '{\"msg\":\"操作成功\",\"code\":200}', 0, NULL, '2025-12-10 16:38:54', 26);
INSERT INTO `sys_oper_log` VALUES (568, '绩效模板', 2, 'com.ruoyi.web.controller.perf.PerfTemplateController.edit()', 'PUT', 1, 'admin', 'IT部', '/perf/template', '127.0.0.1', '内网IP', '{\"defaultScoreId\":1,\"deptId\":103,\"id\":123,\"postIds\":[4],\"remark\":\"全公司通用目标与关键成果考核模板\",\"status\":\"0\",\"templateName\":\"全员通用OKR模板\",\"templateType\":\"OKR\"}', '{\"msg\":\"操作成功\",\"code\":200}', 0, NULL, '2025-12-10 16:38:58', 9);
INSERT INTO `sys_oper_log` VALUES (569, '绩效模板', 2, 'com.ruoyi.web.controller.perf.PerfTemplateController.edit()', 'PUT', 1, 'admin', 'IT部', '/perf/template', '127.0.0.1', '内网IP', '{\"defaultScoreId\":1,\"deptId\":103,\"id\":121,\"postIds\":[4],\"remark\":\"产品设计用户体验、创新思维、需求分析能力\",\"status\":\"0\",\"templateName\":\"产品设计能力评估\",\"templateType\":\"COMPETENCY\"}', '{\"msg\":\"操作成功\",\"code\":200}', 0, NULL, '2025-12-10 16:39:10', 9);
INSERT INTO `sys_oper_log` VALUES (570, '绩效模板', 2, 'com.ruoyi.web.controller.perf.PerfTemplateController.edit()', 'PUT', 1, 'admin', 'IT部', '/perf/template', '127.0.0.1', '内网IP', '{\"defaultScoreId\":1,\"deptId\":103,\"id\":118,\"postIds\":[4],\"remark\":\"财务专业能力、风险控制意识、合规性评估\",\"status\":\"0\",\"templateName\":\"财务专员能力评估\",\"templateType\":\"COMPETENCY\"}', '{\"msg\":\"操作成功\",\"code\":200}', 0, NULL, '2025-12-10 16:39:15', 7);
INSERT INTO `sys_oper_log` VALUES (571, '绩效模板', 2, 'com.ruoyi.web.controller.perf.PerfTemplateController.edit()', 'PUT', 1, 'admin', 'IT部', '/perf/template', '127.0.0.1', '内网IP', '{\"defaultScoreId\":1,\"deptId\":103,\"id\":117,\"postIds\":[4],\"remark\":\"财务分析部门目标与关键成果考核\",\"status\":\"0\",\"templateName\":\"财务分析OKR模板\",\"templateType\":\"OKR\"}', '{\"msg\":\"操作成功\",\"code\":200}', 0, NULL, '2025-12-10 16:39:19', 7);
INSERT INTO `sys_oper_log` VALUES (572, '绩效实例', 1, 'com.ruoyi.web.controller.perf.PerfPerformanceController.add()', 'POST', 1, 'admin', 'IT部', '/perf/performance', '127.0.0.1', '内网IP', '{\"currentStep\":0,\"deptId\":103,\"performanceNo\":\"PERF202512101655035163\",\"periodId\":121,\"status\":\"PENDING_SUBMISSION\",\"templateId\":109,\"userId\":101}', '{\"msg\":\"操作成功\",\"code\":200}', 0, NULL, '2025-12-10 16:55:03', 91);
INSERT INTO `sys_oper_log` VALUES (573, '绩效模板', 2, 'com.ruoyi.web.controller.perf.PerfTemplateController.edit()', 'PUT', 1, 'admin', 'IT部', '/perf/template', '127.0.0.1', '内网IP', '{\"defaultScoreId\":1,\"deptId\":104,\"id\":112,\"postIds\":[4],\"remark\":\"人事部门招聘完成率、员工留存率、培训满意度等指标\",\"status\":\"0\",\"templateName\":\"人事部KPI考核模板\",\"templateType\":\"KPI\"}', '{\"msg\":\"操作成功\",\"code\":200}', 0, NULL, '2025-12-10 17:11:47', 13);
INSERT INTO `sys_oper_log` VALUES (574, '绩效模板', 2, 'com.ruoyi.web.controller.perf.PerfTemplateController.edit()', 'PUT', 1, 'admin', 'IT部', '/perf/template', '127.0.0.1', '内网IP', '{\"defaultScoreId\":1,\"deptId\":101,\"id\":107,\"postIds\":[4],\"remark\":\"运营部门通用KPI考核模板，包含用户增长、活跃度、转化率等指标\",\"status\":\"0\",\"templateName\":\"运营部KPI考核模板\",\"templateType\":\"KPI\"}', '{\"msg\":\"操作成功\",\"code\":200}', 0, NULL, '2025-12-10 17:11:51', 11);
INSERT INTO `sys_oper_log` VALUES (575, '绩效实例', 1, 'com.ruoyi.web.controller.perf.PerfPerformanceController.addMyPerformance()', 'POST', 1, 'xiaomei', '人事部', '/perf/performance/addMyPerformance', '127.0.0.1', '内网IP', '{\"currentStep\":0,\"deptId\":104,\"performanceNo\":\"PERF202512101714113784\",\"periodId\":122,\"status\":\"PENDING_SUBMISSION\",\"templateId\":112,\"userId\":105}', '{\"msg\":\"操作成功\",\"code\":200}', 0, NULL, '2025-12-10 17:14:11', 36);
INSERT INTO `sys_oper_log` VALUES (576, '绩效实例', 1, 'com.ruoyi.web.controller.perf.PerfPerformanceController.addMyPerformance()', 'POST', 1, 'david_li', '运营部', '/perf/performance/addMyPerformance', '127.0.0.1', '内网IP', '{\"currentStep\":0,\"deptId\":101,\"performanceNo\":\"PERF202512101719246807\",\"periodId\":121,\"status\":\"PENDING_SUBMISSION\",\"templateId\":107,\"userId\":110}', '{\"msg\":\"操作成功\",\"code\":200}', 0, NULL, '2025-12-10 17:19:25', 65);
INSERT INTO `sys_oper_log` VALUES (577, '绩效内容', 2, 'com.ruoyi.web.controller.perf.PerfPerformanceContentController.editBatch()', 'PUT', 1, 'qixi', 'IT部', '/perf/content/batch', '127.0.0.1', '内网IP', '{\"contentList\":[{\"id\":202,\"itemId\":172,\"params\":{},\"performanceId\":1015,\"selfComment\":\"虽然整体缺陷数量有所减少，但出现了一次P1级线上问题。已制定专项改进措施，加强代码review和测试用例覆盖，预计下季度能够达标。\",\"selfResult\":\"本季度共产生125个缺陷，其中P0级0个，P1级1个，关键缺陷率为0.8%（1/125），未能达到目标\",\"selfScore\":15,\"selfTarget\":\"将P0/P1级关键缺陷占总缺陷的比例控制在0.1%以内\",\"updateBy\":\"101\",\"updateTime\":\"2025-12-10 17:30:35\"},{\"id\":203,\"itemId\":173,\"params\":{},\"performanceId\":1015,\"selfScore\":0,\"updateBy\":\"101\",\"updateTime\":\"2025-12-10 17:30:35\"},{\"id\":204,\"itemId\":174,\"params\":{},\"performanceId\":1015,\"selfScore\":0,\"updateBy\":\"101\",\"updateTime\":\"2025-12-10 17:30:35\"},{\"id\":206,\"itemId\":176,\"params\":{},\"performanceId\":1015,\"selfScore\":0,\"updateBy\":\"101\",\"updateTime\":\"2025-12-10 17:30:35\"},{\"id\":207,\"itemId\":177,\"params\":{},\"performanceId\":1015,\"selfScore\":0,\"updateBy\":\"101\",\"updateTime\":\"2025-12-10 17:30:35\"},{\"id\":208,\"itemId\":178,\"params\":{},\"performanceId\":1015,\"selfScore\":0,\"updateBy\":\"101\",\"updateTime\":\"2025-12-10 17:30:35\"},{\"id\":210,\"itemId\":180,\"params\":{},\"performanceId\":1015,\"selfScore\":0,\"updateBy\":\"101\",\"updateTime\":\"2025-12-10 17:30:35\"},{\"id\":211,\"itemId\":181,\"params\":{},\"performanceId\":1015,\"selfScore\":0,\"updateBy\":\"101\",\"updateTime\":\"2025-12-10 17:30:35\"},{\"id\":212,\"itemId\":182,\"params\":{},\"performanceId\":1015,\"selfScore\":0,\"updateBy\":\"101\",\"updateTime\":\"2025-12-10 17:30:35\"}],\"performanceId\":1015,\"performanceStatus\":\"DRAFT\"}', '{\"msg\":\"操作成功\",\"code\":200}', 0, NULL, '2025-12-10 17:30:35', 60);
INSERT INTO `sys_oper_log` VALUES (578, '绩效内容', 2, 'com.ruoyi.web.controller.perf.PerfPerformanceContentController.editBatch()', 'PUT', 1, 'qixi', 'IT部', '/perf/content/batch', '127.0.0.1', '内网IP', '{\"contentList\":[{\"id\":202,\"itemId\":172,\"params\":{},\"performanceId\":1015,\"selfComment\":\"虽然整体缺陷数量有所减少，但出现了一次P1级线上问题。已制定专项改进措施，加强代码review和测试用例覆盖，预计下季度能够达标。\",\"selfResult\":\"本季度共产生125个缺陷，其中P0级0个，P1级1个，关键缺陷率为0.8%（1/125），未能达到目标\",\"selfScore\":15,\"selfTarget\":\"将P0/P1级关键缺陷占总缺陷的比例控制在0.1%以内\",\"updateBy\":\"101\",\"updateTime\":\"2025-12-10 17:30:59\"},{\"id\":203,\"itemId\":173,\"params\":{},\"performanceId\":1015,\"selfComment\":\"事故发生后迅速响应恢复，并在24小时内完成了根因分析和整改方案。已完成连接池监控告警优化和容量规划，建立了应急预案。\",\"selfResult\":\"发生1次P1级事故（数据库连接池满导致服务不可用持续15分钟）\",\"selfScore\":10,\"selfTarget\":\"确保季度内线上P1级事故数为0，最多不超过1次\",\"updateBy\":\"101\",\"updateTime\":\"2025-12-10 17:30:59\"},{\"id\":204,\"itemId\":174,\"params\":{},\"performanceId\":1015,\"selfScore\":0,\"updateBy\":\"101\",\"updateTime\":\"2025-12-10 17:30:59\"},{\"id\":206,\"itemId\":176,\"params\":{},\"performanceId\":1015,\"selfScore\":0,\"updateBy\":\"101\",\"updateTime\":\"2025-12-10 17:30:59\"},{\"id\":207,\"itemId\":177,\"params\":{},\"performanceId\":1015,\"selfScore\":0,\"updateBy\":\"101\",\"updateTime\":\"2025-12-10 17:30:59\"},{\"id\":208,\"itemId\":178,\"params\":{},\"performanceId\":1015,\"selfScore\":0,\"updateBy\":\"101\",\"updateTime\":\"2025-12-10 17:30:59\"},{\"id\":210,\"itemId\":180,\"params\":{},\"performanceId\":1015,\"selfScore\":0,\"updateBy\":\"101\",\"updateTime\":\"2025-12-10 17:30:59\"},{\"id\":211,\"itemId\":181,\"params\":{},\"performanceId\":1015,\"selfScore\":0,\"updateBy\":\"101\",\"updateTime\":\"2025-12-10 17:30:59\"},{\"id\":212,\"itemId\":182,\"params\":{},\"performanceId\":1015,\"selfScore\":0,\"updateBy\":\"101\",\"updateTime\":\"2025-12-10 17:30:59\"}],\"performanceId\":1015,\"performanceStatus\":\"DRAFT\"}', '{\"msg\":\"操作成功\",\"code\":200}', 0, NULL, '2025-12-10 17:30:59', 25);
INSERT INTO `sys_oper_log` VALUES (579, '绩效内容', 2, 'com.ruoyi.web.controller.perf.PerfPerformanceContentController.editBatch()', 'PUT', 1, 'qixi', 'IT部', '/perf/content/batch', '127.0.0.1', '内网IP', '{\"contentList\":[{\"id\":202,\"itemId\":172,\"params\":{},\"performanceId\":1015,\"selfComment\":\"虽然整体缺陷数量有所减少，但出现了一次P1级线上问题。已制定专项改进措施，加强代码review和测试用例覆盖，预计下季度能够达标。\",\"selfResult\":\"本季度共产生125个缺陷，其中P0级0个，P1级1个，关键缺陷率为0.8%（1/125），未能达到目标\",\"selfScore\":15,\"selfTarget\":\"将P0/P1级关键缺陷占总缺陷的比例控制在0.1%以内\",\"updateBy\":\"101\",\"updateTime\":\"2025-12-10 17:31:12\"},{\"id\":203,\"itemId\":173,\"params\":{},\"performanceId\":1015,\"selfComment\":\"事故发生后迅速响应恢复，并在24小时内完成了根因分析和整改方案。已完成连接池监控告警优化和容量规划，建立了应急预案。\",\"selfResult\":\"发生1次P1级事故（数据库连接池满导致服务不可用持续15分钟）\",\"selfScore\":10,\"selfTarget\":\"确保季度内线上P1级事故数为0，最多不超过1次\",\"updateBy\":\"101\",\"updateTime\":\"2025-12-10 17:31:12\"},{\"id\":204,\"itemId\":174,\"params\":{},\"performanceId\":1015,\"selfComment\":\"超额完成目标，通过引入测试框架和建立持续集成流水线，确保了新增代码的测试覆盖。后续将重点关注集成测试和端到端测试的完善。\",\"selfResult\":\"核心业务模块覆盖率从68%提升至82%，新增单元测试用例156个\",\"selfScore\":15,\"selfTarget\":\"核心业务代码单元测试覆盖率达到80%以上\",\"updateBy\":\"101\",\"updateTime\":\"2025-12-10 17:31:12\"},{\"id\":206,\"itemId\":176,\"params\":{},\"performanceId\":1015,\"selfScore\":0,\"updateBy\":\"101\",\"updateTime\":\"2025-12-10 17:31:12\"},{\"id\":207,\"itemId\":177,\"params\":{},\"performanceId\":1015,\"selfScore\":0,\"updateBy\":\"101\",\"updateTime\":\"2025-12-10 17:31:12\"},{\"id\":208,\"itemId\":178,\"params\":{},\"performanceId\":1015,\"selfScore\":0,\"updateBy\":\"101\",\"updateTime\":\"2025-12-10 17:31:12\"},{\"id\":210,\"itemId\":180,\"params\":{},\"performanceId\":1015,\"selfScore\":0,\"updateBy\":\"101\",\"updateTime\":\"2025-12-10 17:31:12\"},{\"id\":211,\"itemId\":181,\"params\":{},\"performanceId\":1015,\"selfScore\":0,\"updateBy\":\"101\",\"updateTime\":\"2025-12-10 17:31:12\"},{\"id\":212,\"itemId\":182,\"params\":{},\"performanceId\":1015,\"selfScore\":0,\"updateBy\":\"101\",\"updateTime\":\"2025-12-10 17:31:12\"}],\"performanceId\":1015,\"performanceStatus\":\"DRAFT\"}', '{\"msg\":\"操作成功\",\"code\":200}', 0, NULL, '2025-12-10 17:31:12', 22);
INSERT INTO `sys_oper_log` VALUES (580, '绩效内容', 2, 'com.ruoyi.web.controller.perf.PerfPerformanceContentController.editBatch()', 'PUT', 1, 'qixi', 'IT部', '/perf/content/batch', '127.0.0.1', '内网IP', '{\"contentList\":[{\"id\":202,\"itemId\":172,\"params\":{},\"performanceId\":1015,\"selfComment\":\"虽然整体缺陷数量有所减少，但出现了一次P1级线上问题。已制定专项改进措施，加强代码review和测试用例覆盖，预计下季度能够达标。\",\"selfResult\":\"本季度共产生125个缺陷，其中P0级0个，P1级1个，关键缺陷率为0.8%（1/125），未能达到目标\",\"selfScore\":15,\"selfTarget\":\"将P0/P1级关键缺陷占总缺陷的比例控制在0.1%以内\",\"updateBy\":\"101\",\"updateTime\":\"2025-12-10 17:31:32\"},{\"id\":203,\"itemId\":173,\"params\":{},\"performanceId\":1015,\"selfComment\":\"事故发生后迅速响应恢复，并在24小时内完成了根因分析和整改方案。已完成连接池监控告警优化和容量规划，建立了应急预案。\",\"selfResult\":\"发生1次P1级事故（数据库连接池满导致服务不可用持续15分钟）\",\"selfScore\":10,\"selfTarget\":\"确保季度内线上P1级事故数为0，最多不超过1次\",\"updateBy\":\"101\",\"updateTime\":\"2025-12-10 17:31:32\"},{\"id\":204,\"itemId\":174,\"params\":{},\"performanceId\":1015,\"selfComment\":\"超额完成目标，通过引入测试框架和建立持续集成流水线，确保了新增代码的测试覆盖。后续将重点关注集成测试和端到端测试的完善。\",\"selfResult\":\"核心业务模块覆盖率从68%提升至82%，新增单元测试用例156个\",\"selfScore\":15,\"selfTarget\":\"核心业务代码单元测试覆盖率达到80%以上\",\"updateBy\":\"101\",\"updateTime\":\"2025-12-10 17:31:32\"},{\"id\":206,\"itemId\":176,\"params\":{},\"performanceId\":1015,\"selfComment\":\"通过优化需求评审流程、引入敏捷开发实践和建立并行开发机制，显著提升了交付速度。团队成员配合默契，流程优化初见成效。\",\"selfResult\":\"平均交付周期从15天降至11.5天，缩短了23.3%\",\"selfScore\":12,\"selfTarget\":\"将需求从评审到上线的平均周期从15天缩短至12天\",\"updateBy\":\"101\",\"updateTime\":\"2025-12-10 17:31:32\"},{\"id\":207,\"itemId\":177,\"params\":{},\"performanceId\":1015,\"selfScore\":0,\"updateBy\":\"101\",\"updateTime\":\"2025-12-10 17:31:32\"},{\"id\":208,\"itemId\":178,\"params\":{},\"performanceId\":1015,\"selfScore\":0,\"updateBy\":\"101\",\"updateTime\":\"2025-12-10 17:31:32\"},{\"id\":210,\"itemId\":180,\"params\":{},\"performanceId\":1015,\"selfScore\":0,\"updateBy\":\"101\",\"updateTime\":\"2025-12-10 17:31:32\"},{\"id\":211,\"itemId\":181,\"params\":{},\"performanceId\":1015,\"selfScore\":0,\"updateBy\":\"101\",\"updateTime\":\"2025-12-10 17:31:32\"},{\"id\":212,\"itemId\":182,\"params\":{},\"performanceId\":1015,\"selfScore\":0,\"updateBy\":\"101\",\"updateTime\":\"2025-12-10 17:31:32\"}],\"performanceId\":1015,\"performanceStatus\":\"DRAFT\"}', '{\"msg\":\"操作成功\",\"code\":200}', 0, NULL, '2025-12-10 17:31:33', 21);
INSERT INTO `sys_oper_log` VALUES (581, '绩效内容', 2, 'com.ruoyi.web.controller.perf.PerfPerformanceContentController.editBatch()', 'PUT', 1, 'qixi', 'IT部', '/perf/content/batch', '127.0.0.1', '内网IP', '{\"contentList\":[{\"id\":202,\"itemId\":172,\"params\":{},\"performanceId\":1015,\"selfComment\":\"虽然整体缺陷数量有所减少，但出现了一次P1级线上问题。已制定专项改进措施，加强代码review和测试用例覆盖，预计下季度能够达标。\",\"selfResult\":\"本季度共产生125个缺陷，其中P0级0个，P1级1个，关键缺陷率为0.8%（1/125），未能达到目标\",\"selfScore\":15,\"selfTarget\":\"将P0/P1级关键缺陷占总缺陷的比例控制在0.1%以内\",\"updateBy\":\"101\",\"updateTime\":\"2025-12-10 17:31:43\"},{\"id\":203,\"itemId\":173,\"params\":{},\"performanceId\":1015,\"selfComment\":\"事故发生后迅速响应恢复，并在24小时内完成了根因分析和整改方案。已完成连接池监控告警优化和容量规划，建立了应急预案。\",\"selfResult\":\"发生1次P1级事故（数据库连接池满导致服务不可用持续15分钟）\",\"selfScore\":10,\"selfTarget\":\"确保季度内线上P1级事故数为0，最多不超过1次\",\"updateBy\":\"101\",\"updateTime\":\"2025-12-10 17:31:43\"},{\"id\":204,\"itemId\":174,\"params\":{},\"performanceId\":1015,\"selfComment\":\"超额完成目标，通过引入测试框架和建立持续集成流水线，确保了新增代码的测试覆盖。后续将重点关注集成测试和端到端测试的完善。\",\"selfResult\":\"核心业务模块覆盖率从68%提升至82%，新增单元测试用例156个\",\"selfScore\":15,\"selfTarget\":\"核心业务代码单元测试覆盖率达到80%以上\",\"updateBy\":\"101\",\"updateTime\":\"2025-12-10 17:31:43\"},{\"id\":206,\"itemId\":176,\"params\":{},\"performanceId\":1015,\"selfComment\":\"通过优化需求评审流程、引入敏捷开发实践和建立并行开发机制，显著提升了交付速度。团队成员配合默契，流程优化初见成效。\",\"selfResult\":\"平均交付周期从15天降至11.5天，缩短了23.3%\",\"selfScore\":12,\"selfTarget\":\"将需求从评审到上线的平均周期从15天缩短至12天\",\"updateBy\":\"101\",\"updateTime\":\"2025-12-10 17:31:43\"},{\"id\":207,\"itemId\":177,\"params\":{},\"performanceId\":1015,\"selfComment\":\"成功搭建了完整的CI/CD流水线，减少了人工干预。UI自动化测试覆盖率仍需提升，计划在下季度引入更完善的测试框架。\",\"selfResult\":\"构建自动化100%，部署自动化95%，测试自动化85%，综合自动化率93%\",\"selfScore\":12,\"selfTarget\":\"实现构建、部署、测试环节90%以上的自动化\",\"updateBy\":\"101\",\"updateTime\":\"2025-12-10 17:31:43\"},{\"id\":208,\"itemId\":178,\"params\":{},\"performanceId\":1015,\"selfScore\":0,\"updateBy\":\"101\",\"updateTime\":\"2025-12-10 17:31:43\"},{\"id\":210,\"itemId\":180,\"params\":{},\"performanceId\":1015,\"selfScore\":0,\"updateBy\":\"101\",\"updateTime\":\"2025-12-10 17:31:43\"},{\"id\":211,\"itemId\":181,\"params\":{},\"performanceId\":1015,\"selfScore\":0,\"updateBy\":\"101\",\"updateTime\":\"2025-12-10 17:31:43\"},{\"id\":212,\"itemId\":182,\"params\":{},\"performanceId\":1015,\"selfScore\":0,\"updateBy\":\"101\",\"updateTime\":\"2025-12-10 17:31:43\"}],\"performanceId\":1015,\"performanceStat', '{\"msg\":\"操作成功\",\"code\":200}', 0, NULL, '2025-12-10 17:31:43', 25);
INSERT INTO `sys_oper_log` VALUES (582, '绩效内容', 2, 'com.ruoyi.web.controller.perf.PerfPerformanceContentController.editBatch()', 'PUT', 1, 'qixi', 'IT部', '/perf/content/batch', '127.0.0.1', '内网IP', '{\"contentList\":[{\"id\":202,\"itemId\":172,\"params\":{},\"performanceId\":1015,\"selfComment\":\"虽然整体缺陷数量有所减少，但出现了一次P1级线上问题。已制定专项改进措施，加强代码review和测试用例覆盖，预计下季度能够达标。\",\"selfResult\":\"本季度共产生125个缺陷，其中P0级0个，P1级1个，关键缺陷率为0.8%（1/125），未能达到目标\",\"selfScore\":15,\"selfTarget\":\"将P0/P1级关键缺陷占总缺陷的比例控制在0.1%以内\",\"updateBy\":\"101\",\"updateTime\":\"2025-12-10 17:31:57\"},{\"id\":203,\"itemId\":173,\"params\":{},\"performanceId\":1015,\"selfComment\":\"事故发生后迅速响应恢复，并在24小时内完成了根因分析和整改方案。已完成连接池监控告警优化和容量规划，建立了应急预案。\",\"selfResult\":\"发生1次P1级事故（数据库连接池满导致服务不可用持续15分钟）\",\"selfScore\":10,\"selfTarget\":\"确保季度内线上P1级事故数为0，最多不超过1次\",\"updateBy\":\"101\",\"updateTime\":\"2025-12-10 17:31:57\"},{\"id\":204,\"itemId\":174,\"params\":{},\"performanceId\":1015,\"selfComment\":\"超额完成目标，通过引入测试框架和建立持续集成流水线，确保了新增代码的测试覆盖。后续将重点关注集成测试和端到端测试的完善。\",\"selfResult\":\"核心业务模块覆盖率从68%提升至82%，新增单元测试用例156个\",\"selfScore\":15,\"selfTarget\":\"核心业务代码单元测试覆盖率达到80%以上\",\"updateBy\":\"101\",\"updateTime\":\"2025-12-10 17:31:57\"},{\"id\":206,\"itemId\":176,\"params\":{},\"performanceId\":1015,\"selfComment\":\"通过优化需求评审流程、引入敏捷开发实践和建立并行开发机制，显著提升了交付速度。团队成员配合默契，流程优化初见成效。\",\"selfResult\":\"平均交付周期从15天降至11.5天，缩短了23.3%\",\"selfScore\":12,\"selfTarget\":\"将需求从评审到上线的平均周期从15天缩短至12天\",\"updateBy\":\"101\",\"updateTime\":\"2025-12-10 17:31:57\"},{\"id\":207,\"itemId\":177,\"params\":{},\"performanceId\":1015,\"selfComment\":\"成功搭建了完整的CI/CD流水线，减少了人工干预。UI自动化测试覆盖率仍需提升，计划在下季度引入更完善的测试框架。\",\"selfResult\":\"构建自动化100%，部署自动化95%，测试自动化85%，综合自动化率93%\",\"selfScore\":12,\"selfTarget\":\"实现构建、部署、测试环节90%以上的自动化\",\"updateBy\":\"101\",\"updateTime\":\"2025-12-10 17:31:57\"},{\"id\":208,\"itemId\":178,\"params\":{},\"performanceId\":1015,\"selfComment\":\"设立了专门的技术债务清理周，团队共同解决了多个历史遗留问题。剩余债务已制定分期清理计划，预计半年内全部解决。\",\"selfResult\":\" 共识别技术债务58项，已完成清理21项，清理率36.2%\",\"selfScore\":11,\"selfTarget\":\"清理现有技术债务的30%以上\",\"updateBy\":\"101\",\"updateTime\":\"2025-12-10 17:31:57\"},{\"id\":210,\"itemId\":180,\"params\":{},\"performanceId\":1015,\"selfScore\":0,\"updateBy\":\"101\",\"updateTime\":\"2025-12-10 17:31:57\"},{\"id\":211,\"itemId\":181,\"params\":{},\"performanceId\":1015,\"selfScore\":0,\"updateBy\":\"101\",\"updateTime\":\"2025-12-10 17:31:57\"},{\"id\":212,\"ite', '{\"msg\":\"操作成功\",\"code\":200}', 0, NULL, '2025-12-10 17:31:57', 35);
INSERT INTO `sys_oper_log` VALUES (583, '绩效内容', 2, 'com.ruoyi.web.controller.perf.PerfPerformanceContentController.editBatch()', 'PUT', 1, 'qixi', 'IT部', '/perf/content/batch', '127.0.0.1', '内网IP', '{\"contentList\":[{\"id\":202,\"itemId\":172,\"params\":{},\"performanceId\":1015,\"selfComment\":\"虽然整体缺陷数量有所减少，但出现了一次P1级线上问题。已制定专项改进措施，加强代码review和测试用例覆盖，预计下季度能够达标。\",\"selfResult\":\"本季度共产生125个缺陷，其中P0级0个，P1级1个，关键缺陷率为0.8%（1/125），未能达到目标\",\"selfScore\":15,\"selfTarget\":\"将P0/P1级关键缺陷占总缺陷的比例控制在0.1%以内\",\"updateBy\":\"101\",\"updateTime\":\"2025-12-10 17:32:14\"},{\"id\":203,\"itemId\":173,\"params\":{},\"performanceId\":1015,\"selfComment\":\"事故发生后迅速响应恢复，并在24小时内完成了根因分析和整改方案。已完成连接池监控告警优化和容量规划，建立了应急预案。\",\"selfResult\":\"发生1次P1级事故（数据库连接池满导致服务不可用持续15分钟）\",\"selfScore\":10,\"selfTarget\":\"确保季度内线上P1级事故数为0，最多不超过1次\",\"updateBy\":\"101\",\"updateTime\":\"2025-12-10 17:32:14\"},{\"id\":204,\"itemId\":174,\"params\":{},\"performanceId\":1015,\"selfComment\":\"超额完成目标，通过引入测试框架和建立持续集成流水线，确保了新增代码的测试覆盖。后续将重点关注集成测试和端到端测试的完善。\",\"selfResult\":\"核心业务模块覆盖率从68%提升至82%，新增单元测试用例156个\",\"selfScore\":15,\"selfTarget\":\"核心业务代码单元测试覆盖率达到80%以上\",\"updateBy\":\"101\",\"updateTime\":\"2025-12-10 17:32:14\"},{\"id\":206,\"itemId\":176,\"params\":{},\"performanceId\":1015,\"selfComment\":\"通过优化需求评审流程、引入敏捷开发实践和建立并行开发机制，显著提升了交付速度。团队成员配合默契，流程优化初见成效。\",\"selfResult\":\"平均交付周期从15天降至11.5天，缩短了23.3%\",\"selfScore\":12,\"selfTarget\":\"将需求从评审到上线的平均周期从15天缩短至12天\",\"updateBy\":\"101\",\"updateTime\":\"2025-12-10 17:32:14\"},{\"id\":207,\"itemId\":177,\"params\":{},\"performanceId\":1015,\"selfComment\":\"成功搭建了完整的CI/CD流水线，减少了人工干预。UI自动化测试覆盖率仍需提升，计划在下季度引入更完善的测试框架。\",\"selfResult\":\"构建自动化100%，部署自动化95%，测试自动化85%，综合自动化率93%\",\"selfScore\":12,\"selfTarget\":\"实现构建、部署、测试环节90%以上的自动化\",\"updateBy\":\"101\",\"updateTime\":\"2025-12-10 17:32:14\"},{\"id\":208,\"itemId\":178,\"params\":{},\"performanceId\":1015,\"selfComment\":\"设立了专门的技术债务清理周，团队共同解决了多个历史遗留问题。剩余债务已制定分期清理计划，预计半年内全部解决。\",\"selfResult\":\" 共识别技术债务58项，已完成清理21项，清理率36.2%\",\"selfScore\":11,\"selfTarget\":\"清理现有技术债务的30%以上\",\"updateBy\":\"101\",\"updateTime\":\"2025-12-10 17:32:14\"},{\"id\":210,\"itemId\":180,\"params\":{},\"performanceId\":1015,\"selfComment\":\"分享会质量较高，团队成员积极参与讨论和互动。已建立分享材料库，方便后续学习和参考。\",\"selfResult\":\"本季度举办4次技术分享会，平均参与率92%，主题涵盖微服务架构、性能优化、新技术实践等\",\"selfScore\":8,\"selfTarget\":\"每月组织不少于1次技术分享，参与率不低于80%\",\"updateBy\":\"101\",\"updateTime\":\"202', '{\"msg\":\"操作成功\",\"code\":200}', 0, NULL, '2025-12-10 17:32:14', 20);
INSERT INTO `sys_oper_log` VALUES (584, '绩效内容', 2, 'com.ruoyi.web.controller.perf.PerfPerformanceContentController.editBatch()', 'PUT', 1, 'qixi', 'IT部', '/perf/content/batch', '127.0.0.1', '内网IP', '{\"contentList\":[{\"id\":202,\"itemId\":172,\"params\":{},\"performanceId\":1015,\"selfComment\":\"虽然整体缺陷数量有所减少，但出现了一次P1级线上问题。已制定专项改进措施，加强代码review和测试用例覆盖，预计下季度能够达标。\",\"selfResult\":\"本季度共产生125个缺陷，其中P0级0个，P1级1个，关键缺陷率为0.8%（1/125），未能达到目标\",\"selfScore\":15,\"selfTarget\":\"将P0/P1级关键缺陷占总缺陷的比例控制在0.1%以内\",\"updateBy\":\"101\",\"updateTime\":\"2025-12-10 17:32:27\"},{\"id\":203,\"itemId\":173,\"params\":{},\"performanceId\":1015,\"selfComment\":\"事故发生后迅速响应恢复，并在24小时内完成了根因分析和整改方案。已完成连接池监控告警优化和容量规划，建立了应急预案。\",\"selfResult\":\"发生1次P1级事故（数据库连接池满导致服务不可用持续15分钟）\",\"selfScore\":10,\"selfTarget\":\"确保季度内线上P1级事故数为0，最多不超过1次\",\"updateBy\":\"101\",\"updateTime\":\"2025-12-10 17:32:27\"},{\"id\":204,\"itemId\":174,\"params\":{},\"performanceId\":1015,\"selfComment\":\"超额完成目标，通过引入测试框架和建立持续集成流水线，确保了新增代码的测试覆盖。后续将重点关注集成测试和端到端测试的完善。\",\"selfResult\":\"核心业务模块覆盖率从68%提升至82%，新增单元测试用例156个\",\"selfScore\":15,\"selfTarget\":\"核心业务代码单元测试覆盖率达到80%以上\",\"updateBy\":\"101\",\"updateTime\":\"2025-12-10 17:32:27\"},{\"id\":206,\"itemId\":176,\"params\":{},\"performanceId\":1015,\"selfComment\":\"通过优化需求评审流程、引入敏捷开发实践和建立并行开发机制，显著提升了交付速度。团队成员配合默契，流程优化初见成效。\",\"selfResult\":\"平均交付周期从15天降至11.5天，缩短了23.3%\",\"selfScore\":12,\"selfTarget\":\"将需求从评审到上线的平均周期从15天缩短至12天\",\"updateBy\":\"101\",\"updateTime\":\"2025-12-10 17:32:27\"},{\"id\":207,\"itemId\":177,\"params\":{},\"performanceId\":1015,\"selfComment\":\"成功搭建了完整的CI/CD流水线，减少了人工干预。UI自动化测试覆盖率仍需提升，计划在下季度引入更完善的测试框架。\",\"selfResult\":\"构建自动化100%，部署自动化95%，测试自动化85%，综合自动化率93%\",\"selfScore\":12,\"selfTarget\":\"实现构建、部署、测试环节90%以上的自动化\",\"updateBy\":\"101\",\"updateTime\":\"2025-12-10 17:32:27\"},{\"id\":208,\"itemId\":178,\"params\":{},\"performanceId\":1015,\"selfComment\":\"设立了专门的技术债务清理周，团队共同解决了多个历史遗留问题。剩余债务已制定分期清理计划，预计半年内全部解决。\",\"selfResult\":\" 共识别技术债务58项，已完成清理21项，清理率36.2%\",\"selfScore\":11,\"selfTarget\":\"清理现有技术债务的30%以上\",\"updateBy\":\"101\",\"updateTime\":\"2025-12-10 17:32:27\"},{\"id\":210,\"itemId\":180,\"params\":{},\"performanceId\":1015,\"selfComment\":\"分享会质量较高，团队成员积极参与讨论和互动。已建立分享材料库，方便后续学习和参考。\",\"selfResult\":\"本季度举办4次技术分享会，平均参与率92%，主题涵盖微服务架构、性能优化、新技术实践等\",\"selfScore\":8,\"selfTarget\":\"每月组织不少于1次技术分享，参与率不低于80%\",\"updateBy\":\"101\",\"updateTime\":\"202', '{\"msg\":\"操作成功\",\"code\":200}', 0, NULL, '2025-12-10 17:32:27', 27);
INSERT INTO `sys_oper_log` VALUES (585, '绩效内容', 2, 'com.ruoyi.web.controller.perf.PerfPerformanceContentController.editBatch()', 'PUT', 1, 'qixi', 'IT部', '/perf/content/batch', '127.0.0.1', '内网IP', '{\"contentList\":[{\"id\":202,\"itemId\":172,\"params\":{},\"performanceId\":1015,\"selfComment\":\"虽然整体缺陷数量有所减少，但出现了一次P1级线上问题。已制定专项改进措施，加强代码review和测试用例覆盖，预计下季度能够达标。\",\"selfResult\":\"本季度共产生125个缺陷，其中P0级0个，P1级1个，关键缺陷率为0.8%（1/125），未能达到目标\",\"selfScore\":15,\"selfTarget\":\"将P0/P1级关键缺陷占总缺陷的比例控制在0.1%以内\",\"updateBy\":\"101\",\"updateTime\":\"2025-12-10 17:32:40\"},{\"id\":203,\"itemId\":173,\"params\":{},\"performanceId\":1015,\"selfComment\":\"事故发生后迅速响应恢复，并在24小时内完成了根因分析和整改方案。已完成连接池监控告警优化和容量规划，建立了应急预案。\",\"selfResult\":\"发生1次P1级事故（数据库连接池满导致服务不可用持续15分钟）\",\"selfScore\":10,\"selfTarget\":\"确保季度内线上P1级事故数为0，最多不超过1次\",\"updateBy\":\"101\",\"updateTime\":\"2025-12-10 17:32:40\"},{\"id\":204,\"itemId\":174,\"params\":{},\"performanceId\":1015,\"selfComment\":\"超额完成目标，通过引入测试框架和建立持续集成流水线，确保了新增代码的测试覆盖。后续将重点关注集成测试和端到端测试的完善。\",\"selfResult\":\"核心业务模块覆盖率从68%提升至82%，新增单元测试用例156个\",\"selfScore\":15,\"selfTarget\":\"核心业务代码单元测试覆盖率达到80%以上\",\"updateBy\":\"101\",\"updateTime\":\"2025-12-10 17:32:40\"},{\"id\":206,\"itemId\":176,\"params\":{},\"performanceId\":1015,\"selfComment\":\"通过优化需求评审流程、引入敏捷开发实践和建立并行开发机制，显著提升了交付速度。团队成员配合默契，流程优化初见成效。\",\"selfResult\":\"平均交付周期从15天降至11.5天，缩短了23.3%\",\"selfScore\":12,\"selfTarget\":\"将需求从评审到上线的平均周期从15天缩短至12天\",\"updateBy\":\"101\",\"updateTime\":\"2025-12-10 17:32:40\"},{\"id\":207,\"itemId\":177,\"params\":{},\"performanceId\":1015,\"selfComment\":\"成功搭建了完整的CI/CD流水线，减少了人工干预。UI自动化测试覆盖率仍需提升，计划在下季度引入更完善的测试框架。\",\"selfResult\":\"构建自动化100%，部署自动化95%，测试自动化85%，综合自动化率93%\",\"selfScore\":12,\"selfTarget\":\"实现构建、部署、测试环节90%以上的自动化\",\"updateBy\":\"101\",\"updateTime\":\"2025-12-10 17:32:40\"},{\"id\":208,\"itemId\":178,\"params\":{},\"performanceId\":1015,\"selfComment\":\"设立了专门的技术债务清理周，团队共同解决了多个历史遗留问题。剩余债务已制定分期清理计划，预计半年内全部解决。\",\"selfResult\":\" 共识别技术债务58项，已完成清理21项，清理率36.2%\",\"selfScore\":11,\"selfTarget\":\"清理现有技术债务的30%以上\",\"updateBy\":\"101\",\"updateTime\":\"2025-12-10 17:32:40\"},{\"id\":210,\"itemId\":180,\"params\":{},\"performanceId\":1015,\"selfComment\":\"分享会质量较高，团队成员积极参与讨论和互动。已建立分享材料库，方便后续学习和参考。\",\"selfResult\":\"本季度举办4次技术分享会，平均参与率92%，主题涵盖微服务架构、性能优化、新技术实践等\",\"selfScore\":8,\"selfTarget\":\"每月组织不少于1次技术分享，参与率不低于80%\",\"updateBy\":\"101\",\"updateTime\":\"202', '{\"msg\":\"操作成功\",\"code\":200}', 0, NULL, '2025-12-10 17:32:40', 24);
INSERT INTO `sys_oper_log` VALUES (586, '绩效内容', 2, 'com.ruoyi.web.controller.perf.PerfPerformanceContentController.editBatch()', 'PUT', 1, 'qixi', 'IT部', '/perf/content/batch', '127.0.0.1', '内网IP', '{\"contentList\":[{\"id\":202,\"itemId\":172,\"params\":{},\"performanceId\":1015,\"selfComment\":\"虽然整体缺陷数量有所减少，但出现了一次P1级线上问题。已制定专项改进措施，加强代码review和测试用例覆盖，预计下季度能够达标。\",\"selfResult\":\"本季度共产生125个缺陷，其中P0级0个，P1级1个，关键缺陷率为0.8%（1/125），未能达到目标\",\"selfScore\":15,\"selfTarget\":\"将P0/P1级关键缺陷占总缺陷的比例控制在0.1%以内\",\"updateBy\":\"101\",\"updateTime\":\"2025-12-10 17:33:36\"},{\"id\":203,\"itemId\":173,\"params\":{},\"performanceId\":1015,\"selfComment\":\"事故发生后迅速响应恢复，并在24小时内完成了根因分析和整改方案。已完成连接池监控告警优化和容量规划，建立了应急预案。\",\"selfResult\":\"发生1次P1级事故（数据库连接池满导致服务不可用持续15分钟）\",\"selfScore\":10,\"selfTarget\":\"确保季度内线上P1级事故数为0，最多不超过1次\",\"updateBy\":\"101\",\"updateTime\":\"2025-12-10 17:33:36\"},{\"id\":204,\"itemId\":174,\"params\":{},\"performanceId\":1015,\"selfComment\":\"超额完成目标，通过引入测试框架和建立持续集成流水线，确保了新增代码的测试覆盖。后续将重点关注集成测试和端到端测试的完善。\",\"selfResult\":\"核心业务模块覆盖率从68%提升至82%，新增单元测试用例156个\",\"selfScore\":15,\"selfTarget\":\"核心业务代码单元测试覆盖率达到80%以上\",\"updateBy\":\"101\",\"updateTime\":\"2025-12-10 17:33:36\"},{\"id\":206,\"itemId\":176,\"params\":{},\"performanceId\":1015,\"selfComment\":\"通过优化需求评审流程、引入敏捷开发实践和建立并行开发机制，显著提升了交付速度。团队成员配合默契，流程优化初见成效。\",\"selfResult\":\"平均交付周期从15天降至11.5天，缩短了23.3%\",\"selfScore\":12,\"selfTarget\":\"将需求从评审到上线的平均周期从15天缩短至12天\",\"updateBy\":\"101\",\"updateTime\":\"2025-12-10 17:33:36\"},{\"id\":207,\"itemId\":177,\"params\":{},\"performanceId\":1015,\"selfComment\":\"成功搭建了完整的CI/CD流水线，减少了人工干预。UI自动化测试覆盖率仍需提升，计划在下季度引入更完善的测试框架。\",\"selfResult\":\"构建自动化100%，部署自动化95%，测试自动化85%，综合自动化率93%\",\"selfScore\":12,\"selfTarget\":\"实现构建、部署、测试环节90%以上的自动化\",\"updateBy\":\"101\",\"updateTime\":\"2025-12-10 17:33:36\"},{\"id\":208,\"itemId\":178,\"params\":{},\"performanceId\":1015,\"selfComment\":\"设立了专门的技术债务清理周，团队共同解决了多个历史遗留问题。剩余债务已制定分期清理计划，预计半年内全部解决。\",\"selfResult\":\" 共识别技术债务58项，已完成清理21项，清理率36.2%\",\"selfScore\":11,\"selfTarget\":\"清理现有技术债务的30%以上\",\"updateBy\":\"101\",\"updateTime\":\"2025-12-10 17:33:36\"},{\"id\":210,\"itemId\":180,\"params\":{},\"performanceId\":1015,\"selfComment\":\"分享会质量较高，团队成员积极参与讨论和互动。已建立分享材料库，方便后续学习和参考。\",\"selfResult\":\"本季度举办4次技术分享会，平均参与率92%，主题涵盖微服务架构、性能优化、新技术实践等\",\"selfScore\":8,\"selfTarget\":\"每月组织不少于1次技术分享，参与率不低于80%\",\"updateBy\":\"101\",\"updateTime\":\"202', '{\"msg\":\"操作成功\",\"code\":200}', 0, NULL, '2025-12-10 17:33:36', 83);
INSERT INTO `sys_oper_log` VALUES (587, '绩效内容', 2, 'com.ruoyi.web.controller.perf.PerfPerformanceContentController.editBatch()', 'PUT', 1, 'david_li', '运营部', '/perf/content/batch', '127.0.0.1', '内网IP', '{\"contentList\":[{\"id\":234,\"itemId\":184,\"params\":{},\"performanceId\":1017,\"selfComment\":\"通过精准渠道投放和内容营销组合，用户增长超出预期。其中社交媒体渠道贡献40%，SEO自然流量增长明显。下季度将重点优化注册转化漏斗。\",\"selfResult\":\"实际新增用户6.2万人，完成目标124%，获得4分\",\"selfScore\":10,\"selfTarget\":\"季度新增注册用户数达到5万人，完成目标120%以上（4分标准）\",\"updateBy\":\"110\",\"updateTime\":\"2025-12-10 17:41:41\"},{\"id\":235,\"itemId\":185,\"params\":{},\"performanceId\":1017,\"selfScore\":10,\"updateBy\":\"110\",\"updateTime\":\"2025-12-10 17:41:41\"},{\"id\":236,\"itemId\":186,\"params\":{},\"performanceId\":1017,\"selfScore\":0,\"updateBy\":\"110\",\"updateTime\":\"2025-12-10 17:41:41\"},{\"id\":238,\"itemId\":188,\"params\":{},\"performanceId\":1017,\"selfScore\":0,\"updateBy\":\"110\",\"updateTime\":\"2025-12-10 17:41:41\"},{\"id\":239,\"itemId\":189,\"params\":{},\"performanceId\":1017,\"selfScore\":0,\"updateBy\":\"110\",\"updateTime\":\"2025-12-10 17:41:41\"},{\"id\":240,\"itemId\":190,\"params\":{},\"performanceId\":1017,\"selfScore\":0,\"updateBy\":\"110\",\"updateTime\":\"2025-12-10 17:41:41\"},{\"id\":242,\"itemId\":192,\"params\":{},\"performanceId\":1017,\"selfScore\":0,\"updateBy\":\"110\",\"updateTime\":\"2025-12-10 17:41:41\"},{\"id\":243,\"itemId\":193,\"params\":{},\"performanceId\":1017,\"selfScore\":0,\"updateBy\":\"110\",\"updateTime\":\"2025-12-10 17:41:41\"},{\"id\":244,\"itemId\":194,\"params\":{},\"performanceId\":1017,\"selfScore\":0,\"updateBy\":\"110\",\"updateTime\":\"2025-12-10 17:41:41\"},{\"id\":246,\"itemId\":196,\"params\":{},\"performanceId\":1017,\"selfScore\":0,\"updateBy\":\"110\",\"updateTime\":\"2025-12-10 17:41:41\"},{\"id\":247,\"itemId\":197,\"params\":{},\"performanceId\":1017,\"selfScore\":0,\"updateBy\":\"110\",\"updateTime\":\"2025-12-10 17:41:41\"},{\"id\":248,\"itemId\":198,\"params\":{},\"performanceId\":1017,\"selfScore\":0,\"updateBy\":\"110\",\"updateTime\":\"2025-12-10 17:41:41\"}],\"performanceId\":1017,\"performanceStatus\":\"DRAFT\"}', '{\"msg\":\"操作成功\",\"code\":200}', 0, NULL, '2025-12-10 17:41:41', 21);
INSERT INTO `sys_oper_log` VALUES (588, '绩效内容', 2, 'com.ruoyi.web.controller.perf.PerfPerformanceContentController.editBatch()', 'PUT', 1, 'david_li', '运营部', '/perf/content/batch', '127.0.0.1', '内网IP', '{\"contentList\":[{\"id\":234,\"itemId\":184,\"params\":{},\"performanceId\":1017,\"selfComment\":\"通过精准渠道投放和内容营销组合，用户增长超出预期。其中社交媒体渠道贡献40%，SEO自然流量增长明显。下季度将重点优化注册转化漏斗。\",\"selfResult\":\"实际新增用户6.2万人，完成目标124%，获得4分\",\"selfScore\":10,\"selfTarget\":\"季度新增注册用户数达到5万人，完成目标120%以上（4分标准）\",\"updateBy\":\"110\",\"updateTime\":\"2025-12-10 17:41:52\"},{\"id\":235,\"itemId\":185,\"params\":{},\"performanceId\":1017,\"selfComment\":\"通过数据分析和渠道优化，淘汰了低效投放渠道，重点投入高ROI渠道。建立了动态预算分配机制，实现成本最优。\",\"selfResult\":\" 实际CAC为45元/人，相比预算55元降低18%，获得5分\",\"selfScore\":10,\"selfTarget\":\"将平均获客成本控制在50元/人以内，相比预算降低10%以上（4分标准）\",\"updateBy\":\"110\",\"updateTime\":\"2025-12-10 17:41:52\"},{\"id\":236,\"itemId\":186,\"params\":{},\"performanceId\":1017,\"selfScore\":0,\"updateBy\":\"110\",\"updateTime\":\"2025-12-10 17:41:52\"},{\"id\":238,\"itemId\":188,\"params\":{},\"performanceId\":1017,\"selfScore\":0,\"updateBy\":\"110\",\"updateTime\":\"2025-12-10 17:41:52\"},{\"id\":239,\"itemId\":189,\"params\":{},\"performanceId\":1017,\"selfScore\":0,\"updateBy\":\"110\",\"updateTime\":\"2025-12-10 17:41:52\"},{\"id\":240,\"itemId\":190,\"params\":{},\"performanceId\":1017,\"selfScore\":0,\"updateBy\":\"110\",\"updateTime\":\"2025-12-10 17:41:52\"},{\"id\":242,\"itemId\":192,\"params\":{},\"performanceId\":1017,\"selfScore\":0,\"updateBy\":\"110\",\"updateTime\":\"2025-12-10 17:41:52\"},{\"id\":243,\"itemId\":193,\"params\":{},\"performanceId\":1017,\"selfScore\":0,\"updateBy\":\"110\",\"updateTime\":\"2025-12-10 17:41:52\"},{\"id\":244,\"itemId\":194,\"params\":{},\"performanceId\":1017,\"selfScore\":0,\"updateBy\":\"110\",\"updateTime\":\"2025-12-10 17:41:52\"},{\"id\":246,\"itemId\":196,\"params\":{},\"performanceId\":1017,\"selfScore\":0,\"updateBy\":\"110\",\"updateTime\":\"2025-12-10 17:41:52\"},{\"id\":247,\"itemId\":197,\"params\":{},\"performanceId\":1017,\"selfScore\":0,\"updateBy\":\"110\",\"updateTime\":\"2025-12-10 17:41:52\"},{\"id\":248,\"itemId\":198,\"params\":{},\"performanceId\":1017,\"selfScore\":0,\"updateBy\":\"110\",\"updateTime\":\"2025-12-10 17:41:52\"}],\"performanceId\":1017,\"performanceStatus\":\"DRAFT\"}', '{\"msg\":\"操作成功\",\"code\":200}', 0, NULL, '2025-12-10 17:41:52', 19);
INSERT INTO `sys_oper_log` VALUES (589, '绩效内容', 2, 'com.ruoyi.web.controller.perf.PerfPerformanceContentController.editBatch()', 'PUT', 1, 'david_li', '运营部', '/perf/content/batch', '127.0.0.1', '内网IP', '{\"contentList\":[{\"id\":234,\"itemId\":184,\"params\":{},\"performanceId\":1017,\"selfComment\":\"通过精准渠道投放和内容营销组合，用户增长超出预期。其中社交媒体渠道贡献40%，SEO自然流量增长明显。下季度将重点优化注册转化漏斗。\",\"selfResult\":\"实际新增用户6.2万人，完成目标124%，获得4分\",\"selfScore\":10,\"selfTarget\":\"季度新增注册用户数达到5万人，完成目标120%以上（4分标准）\",\"updateBy\":\"110\",\"updateTime\":\"2025-12-10 17:42:07\"},{\"id\":235,\"itemId\":185,\"params\":{},\"performanceId\":1017,\"selfComment\":\"通过数据分析和渠道优化，淘汰了低效投放渠道，重点投入高ROI渠道。建立了动态预算分配机制，实现成本最优。\",\"selfResult\":\" 实际CAC为45元/人，相比预算55元降低18%，获得5分\",\"selfScore\":10,\"selfTarget\":\"将平均获客成本控制在50元/人以内，相比预算降低10%以上（4分标准）\",\"updateBy\":\"110\",\"updateTime\":\"2025-12-10 17:42:07\"},{\"id\":236,\"itemId\":186,\"params\":{},\"performanceId\":1017,\"selfComment\":\"用户增长与活跃度同步提升，通过精细化运营和用户分层策略，实现了健康增长。新增用户质量较高，7日留存表现良好。\",\"selfResult\":\"MAU从85万增长至98万，环比增长15.3%，获得4分\",\"selfScore\":10,\"selfTarget\":\"月活跃用户环比增长达到15%以上（4分标准）\",\"updateBy\":\"110\",\"updateTime\":\"2025-12-10 17:42:07\"},{\"id\":238,\"itemId\":188,\"params\":{},\"performanceId\":1017,\"selfScore\":0,\"updateBy\":\"110\",\"updateTime\":\"2025-12-10 17:42:07\"},{\"id\":239,\"itemId\":189,\"params\":{},\"performanceId\":1017,\"selfScore\":0,\"updateBy\":\"110\",\"updateTime\":\"2025-12-10 17:42:07\"},{\"id\":240,\"itemId\":190,\"params\":{},\"performanceId\":1017,\"selfScore\":0,\"updateBy\":\"110\",\"updateTime\":\"2025-12-10 17:42:07\"},{\"id\":242,\"itemId\":192,\"params\":{},\"performanceId\":1017,\"selfScore\":0,\"updateBy\":\"110\",\"updateTime\":\"2025-12-10 17:42:07\"},{\"id\":243,\"itemId\":193,\"params\":{},\"performanceId\":1017,\"selfScore\":0,\"updateBy\":\"110\",\"updateTime\":\"2025-12-10 17:42:07\"},{\"id\":244,\"itemId\":194,\"params\":{},\"performanceId\":1017,\"selfScore\":0,\"updateBy\":\"110\",\"updateTime\":\"2025-12-10 17:42:07\"},{\"id\":246,\"itemId\":196,\"params\":{},\"performanceId\":1017,\"selfScore\":0,\"updateBy\":\"110\",\"updateTime\":\"2025-12-10 17:42:07\"},{\"id\":247,\"itemId\":197,\"params\":{},\"performanceId\":1017,\"selfScore\":0,\"updateBy\":\"110\",\"updateTime\":\"2025-12-10 17:42:07\"},{\"id\":248,\"itemId\":198,\"params\":{},\"performanceId\":1017,\"selfScore\":0,\"updateBy\":\"110\",\"updateTime\":\"2025-12-10 17:42:07\"}],\"performanceId', '{\"msg\":\"操作成功\",\"code\":200}', 0, NULL, '2025-12-10 17:42:07', 25);
INSERT INTO `sys_oper_log` VALUES (590, '绩效内容', 2, 'com.ruoyi.web.controller.perf.PerfPerformanceContentController.editBatch()', 'PUT', 1, 'david_li', '运营部', '/perf/content/batch', '127.0.0.1', '内网IP', '{\"contentList\":[{\"id\":234,\"itemId\":184,\"params\":{},\"performanceId\":1017,\"selfComment\":\"通过精准渠道投放和内容营销组合，用户增长超出预期。其中社交媒体渠道贡献40%，SEO自然流量增长明显。下季度将重点优化注册转化漏斗。\",\"selfResult\":\"实际新增用户6.2万人，完成目标124%，获得4分\",\"selfScore\":10,\"selfTarget\":\"季度新增注册用户数达到5万人，完成目标120%以上（4分标准）\",\"updateBy\":\"110\",\"updateTime\":\"2025-12-10 17:42:22\"},{\"id\":235,\"itemId\":185,\"params\":{},\"performanceId\":1017,\"selfComment\":\"通过数据分析和渠道优化，淘汰了低效投放渠道，重点投入高ROI渠道。建立了动态预算分配机制，实现成本最优。\",\"selfResult\":\" 实际CAC为45元/人，相比预算55元降低18%，获得5分\",\"selfScore\":10,\"selfTarget\":\"将平均获客成本控制在50元/人以内，相比预算降低10%以上（4分标准）\",\"updateBy\":\"110\",\"updateTime\":\"2025-12-10 17:42:22\"},{\"id\":236,\"itemId\":186,\"params\":{},\"performanceId\":1017,\"selfComment\":\"用户增长与活跃度同步提升，通过精细化运营和用户分层策略，实现了健康增长。新增用户质量较高，7日留存表现良好。\",\"selfResult\":\"MAU从85万增长至98万，环比增长15.3%，获得4分\",\"selfScore\":10,\"selfTarget\":\"月活跃用户环比增长达到15%以上（4分标准）\",\"updateBy\":\"110\",\"updateTime\":\"2025-12-10 17:42:22\"},{\"id\":238,\"itemId\":188,\"params\":{},\"performanceId\":1017,\"selfComment\":\"通过push推送优化、内容推荐算法升级和签到活动，有效提升了日活。重点加强了核心用户的促活策略，用户粘性增强。\",\"selfResult\":\"DAU从12.5万增长至14.1万，增长12.8%，获得4分\",\"selfScore\":9,\"selfTarget\":\"DAU增长10%-15%（4分标准）\",\"updateBy\":\"110\",\"updateTime\":\"2025-12-10 17:42:22\"},{\"id\":239,\"itemId\":189,\"params\":{},\"performanceId\":1017,\"selfScore\":0,\"updateBy\":\"110\",\"updateTime\":\"2025-12-10 17:42:22\"},{\"id\":240,\"itemId\":190,\"params\":{},\"performanceId\":1017,\"selfScore\":0,\"updateBy\":\"110\",\"updateTime\":\"2025-12-10 17:42:22\"},{\"id\":242,\"itemId\":192,\"params\":{},\"performanceId\":1017,\"selfScore\":0,\"updateBy\":\"110\",\"updateTime\":\"2025-12-10 17:42:22\"},{\"id\":243,\"itemId\":193,\"params\":{},\"performanceId\":1017,\"selfScore\":0,\"updateBy\":\"110\",\"updateTime\":\"2025-12-10 17:42:22\"},{\"id\":244,\"itemId\":194,\"params\":{},\"performanceId\":1017,\"selfScore\":0,\"updateBy\":\"110\",\"updateTime\":\"2025-12-10 17:42:22\"},{\"id\":246,\"itemId\":196,\"params\":{},\"performanceId\":1017,\"selfScore\":0,\"updateBy\":\"110\",\"updateTime\":\"2025-12-10 17:42:22\"},{\"id\":247,\"itemId\":197,\"params\":{},\"performanceId\":1017,\"selfScore\":0,\"updateBy\":\"110\",\"updateTime\":\"2025-12-', '{\"msg\":\"操作成功\",\"code\":200}', 0, NULL, '2025-12-10 17:42:22', 20);
INSERT INTO `sys_oper_log` VALUES (591, '绩效内容', 2, 'com.ruoyi.web.controller.perf.PerfPerformanceContentController.editBatch()', 'PUT', 1, 'david_li', '运营部', '/perf/content/batch', '127.0.0.1', '内网IP', '{\"contentList\":[{\"id\":234,\"itemId\":184,\"params\":{},\"performanceId\":1017,\"selfComment\":\"通过精准渠道投放和内容营销组合，用户增长超出预期。其中社交媒体渠道贡献40%，SEO自然流量增长明显。下季度将重点优化注册转化漏斗。\",\"selfResult\":\"实际新增用户6.2万人，完成目标124%，获得4分\",\"selfScore\":10,\"selfTarget\":\"季度新增注册用户数达到5万人，完成目标120%以上（4分标准）\",\"updateBy\":\"110\",\"updateTime\":\"2025-12-10 17:42:33\"},{\"id\":235,\"itemId\":185,\"params\":{},\"performanceId\":1017,\"selfComment\":\"通过数据分析和渠道优化，淘汰了低效投放渠道，重点投入高ROI渠道。建立了动态预算分配机制，实现成本最优。\",\"selfResult\":\" 实际CAC为45元/人，相比预算55元降低18%，获得5分\",\"selfScore\":10,\"selfTarget\":\"将平均获客成本控制在50元/人以内，相比预算降低10%以上（4分标准）\",\"updateBy\":\"110\",\"updateTime\":\"2025-12-10 17:42:33\"},{\"id\":236,\"itemId\":186,\"params\":{},\"performanceId\":1017,\"selfComment\":\"用户增长与活跃度同步提升，通过精细化运营和用户分层策略，实现了健康增长。新增用户质量较高，7日留存表现良好。\",\"selfResult\":\"MAU从85万增长至98万，环比增长15.3%，获得4分\",\"selfScore\":10,\"selfTarget\":\"月活跃用户环比增长达到15%以上（4分标准）\",\"updateBy\":\"110\",\"updateTime\":\"2025-12-10 17:42:33\"},{\"id\":238,\"itemId\":188,\"params\":{},\"performanceId\":1017,\"selfComment\":\"通过push推送优化、内容推荐算法升级和签到活动，有效提升了日活。重点加强了核心用户的促活策略，用户粘性增强。\",\"selfResult\":\"DAU从12.5万增长至14.1万，增长12.8%，获得4分\",\"selfScore\":9,\"selfTarget\":\"DAU增长10%-15%（4分标准）\",\"updateBy\":\"110\",\"updateTime\":\"2025-12-10 17:42:33\"},{\"id\":239,\"itemId\":189,\"params\":{},\"performanceId\":1017,\"selfComment\":\"新用户引导流程优化效果显著，通过个性化内容和精准推送，提升了用户生命周期价值。7日留存率同步提升至45%。\",\"selfResult\":\"30日留存率从28%提升至33%，获得4分\",\"selfScore\":8,\"selfTarget\":\"30日留存率达到30%-40%（4分标准）\",\"updateBy\":\"110\",\"updateTime\":\"2025-12-10 17:42:33\"},{\"id\":240,\"itemId\":190,\"params\":{},\"performanceId\":1017,\"selfScore\":0,\"updateBy\":\"110\",\"updateTime\":\"2025-12-10 17:42:33\"},{\"id\":242,\"itemId\":192,\"params\":{},\"performanceId\":1017,\"selfScore\":0,\"updateBy\":\"110\",\"updateTime\":\"2025-12-10 17:42:33\"},{\"id\":243,\"itemId\":193,\"params\":{},\"performanceId\":1017,\"selfScore\":0,\"updateBy\":\"110\",\"updateTime\":\"2025-12-10 17:42:33\"},{\"id\":244,\"itemId\":194,\"params\":{},\"performanceId\":1017,\"selfScore\":0,\"updateBy\":\"110\",\"updateTime\":\"2025-12-10 17:42:33\"},{\"id\":246,\"itemId\":196,\"params\":{},\"performanceId\":1017,\"selfScore\":0,\"updateBy\":\"110\",\"', '{\"msg\":\"操作成功\",\"code\":200}', 0, NULL, '2025-12-10 17:42:33', 18);
INSERT INTO `sys_oper_log` VALUES (592, '绩效内容', 2, 'com.ruoyi.web.controller.perf.PerfPerformanceContentController.editBatch()', 'PUT', 1, 'david_li', '运营部', '/perf/content/batch', '127.0.0.1', '内网IP', '{\"contentList\":[{\"id\":234,\"itemId\":184,\"params\":{},\"performanceId\":1017,\"selfComment\":\"通过精准渠道投放和内容营销组合，用户增长超出预期。其中社交媒体渠道贡献40%，SEO自然流量增长明显。下季度将重点优化注册转化漏斗。\",\"selfResult\":\"实际新增用户6.2万人，完成目标124%，获得4分\",\"selfScore\":10,\"selfTarget\":\"季度新增注册用户数达到5万人，完成目标120%以上（4分标准）\",\"updateBy\":\"110\",\"updateTime\":\"2025-12-10 17:42:46\"},{\"id\":235,\"itemId\":185,\"params\":{},\"performanceId\":1017,\"selfComment\":\"通过数据分析和渠道优化，淘汰了低效投放渠道，重点投入高ROI渠道。建立了动态预算分配机制，实现成本最优。\",\"selfResult\":\" 实际CAC为45元/人，相比预算55元降低18%，获得5分\",\"selfScore\":10,\"selfTarget\":\"将平均获客成本控制在50元/人以内，相比预算降低10%以上（4分标准）\",\"updateBy\":\"110\",\"updateTime\":\"2025-12-10 17:42:46\"},{\"id\":236,\"itemId\":186,\"params\":{},\"performanceId\":1017,\"selfComment\":\"用户增长与活跃度同步提升，通过精细化运营和用户分层策略，实现了健康增长。新增用户质量较高，7日留存表现良好。\",\"selfResult\":\"MAU从85万增长至98万，环比增长15.3%，获得4分\",\"selfScore\":10,\"selfTarget\":\"月活跃用户环比增长达到15%以上（4分标准）\",\"updateBy\":\"110\",\"updateTime\":\"2025-12-10 17:42:46\"},{\"id\":238,\"itemId\":188,\"params\":{},\"performanceId\":1017,\"selfComment\":\"通过push推送优化、内容推荐算法升级和签到活动，有效提升了日活。重点加强了核心用户的促活策略，用户粘性增强。\",\"selfResult\":\"DAU从12.5万增长至14.1万，增长12.8%，获得4分\",\"selfScore\":9,\"selfTarget\":\"DAU增长10%-15%（4分标准）\",\"updateBy\":\"110\",\"updateTime\":\"2025-12-10 17:42:46\"},{\"id\":239,\"itemId\":189,\"params\":{},\"performanceId\":1017,\"selfComment\":\"新用户引导流程优化效果显著，通过个性化内容和精准推送，提升了用户生命周期价值。7日留存率同步提升至45%。\",\"selfResult\":\"30日留存率从28%提升至33%，获得4分\",\"selfScore\":8,\"selfTarget\":\"30日留存率达到30%-40%（4分标准）\",\"updateBy\":\"110\",\"updateTime\":\"2025-12-10 17:42:46\"},{\"id\":240,\"itemId\":190,\"params\":{},\"performanceId\":1017,\"selfComment\":\"内容质量提升和用户体验优化取得成效，特别是视频内容和社区互动的时长增长明显。建立了内容质量评估体系。\",\"selfResult\":\"人均使用时长相较上季度增长18.5%，获得5分\",\"selfScore\":8,\"selfTarget\":\"用户平均单次使用时长增长10%-20%（4分标准）\",\"updateBy\":\"110\",\"updateTime\":\"2025-12-10 17:42:46\"},{\"id\":242,\"itemId\":192,\"params\":{},\"performanceId\":1017,\"selfScore\":0,\"updateBy\":\"110\",\"updateTime\":\"2025-12-10 17:42:46\"},{\"id\":243,\"itemId\":193,\"params\":{},\"performanceId\":1017,\"selfScore\":0,\"updateBy\":\"110\",\"updateTime\":\"2025-12-10 17:42:46\"},{\"id\":244,\"itemId\":194,\"params\":{},\"performanceId\":1017,\"selfSco', '{\"msg\":\"操作成功\",\"code\":200}', 0, NULL, '2025-12-10 17:42:46', 22);
INSERT INTO `sys_oper_log` VALUES (593, '绩效内容', 2, 'com.ruoyi.web.controller.perf.PerfPerformanceContentController.editBatch()', 'PUT', 1, 'david_li', '运营部', '/perf/content/batch', '127.0.0.1', '内网IP', '{\"contentList\":[{\"id\":234,\"itemId\":184,\"params\":{},\"performanceId\":1017,\"selfComment\":\"通过精准渠道投放和内容营销组合，用户增长超出预期。其中社交媒体渠道贡献40%，SEO自然流量增长明显。下季度将重点优化注册转化漏斗。\",\"selfResult\":\"实际新增用户6.2万人，完成目标124%，获得4分\",\"selfScore\":10,\"selfTarget\":\"季度新增注册用户数达到5万人，完成目标120%以上（4分标准）\",\"updateBy\":\"110\",\"updateTime\":\"2025-12-10 17:43:04\"},{\"id\":235,\"itemId\":185,\"params\":{},\"performanceId\":1017,\"selfComment\":\"通过数据分析和渠道优化，淘汰了低效投放渠道，重点投入高ROI渠道。建立了动态预算分配机制，实现成本最优。\",\"selfResult\":\" 实际CAC为45元/人，相比预算55元降低18%，获得5分\",\"selfScore\":10,\"selfTarget\":\"将平均获客成本控制在50元/人以内，相比预算降低10%以上（4分标准）\",\"updateBy\":\"110\",\"updateTime\":\"2025-12-10 17:43:04\"},{\"id\":236,\"itemId\":186,\"params\":{},\"performanceId\":1017,\"selfComment\":\"用户增长与活跃度同步提升，通过精细化运营和用户分层策略，实现了健康增长。新增用户质量较高，7日留存表现良好。\",\"selfResult\":\"MAU从85万增长至98万，环比增长15.3%，获得4分\",\"selfScore\":10,\"selfTarget\":\"月活跃用户环比增长达到15%以上（4分标准）\",\"updateBy\":\"110\",\"updateTime\":\"2025-12-10 17:43:04\"},{\"id\":238,\"itemId\":188,\"params\":{},\"performanceId\":1017,\"selfComment\":\"通过push推送优化、内容推荐算法升级和签到活动，有效提升了日活。重点加强了核心用户的促活策略，用户粘性增强。\",\"selfResult\":\"DAU从12.5万增长至14.1万，增长12.8%，获得4分\",\"selfScore\":9,\"selfTarget\":\"DAU增长10%-15%（4分标准）\",\"updateBy\":\"110\",\"updateTime\":\"2025-12-10 17:43:04\"},{\"id\":239,\"itemId\":189,\"params\":{},\"performanceId\":1017,\"selfComment\":\"新用户引导流程优化效果显著，通过个性化内容和精准推送，提升了用户生命周期价值。7日留存率同步提升至45%。\",\"selfResult\":\"30日留存率从28%提升至33%，获得4分\",\"selfScore\":8,\"selfTarget\":\"30日留存率达到30%-40%（4分标准）\",\"updateBy\":\"110\",\"updateTime\":\"2025-12-10 17:43:04\"},{\"id\":240,\"itemId\":190,\"params\":{},\"performanceId\":1017,\"selfComment\":\"内容质量提升和用户体验优化取得成效，特别是视频内容和社区互动的时长增长明显。建立了内容质量评估体系。\",\"selfResult\":\"人均使用时长相较上季度增长18.5%，获得5分\",\"selfScore\":8,\"selfTarget\":\"用户平均单次使用时长增长10%-20%（4分标准）\",\"updateBy\":\"110\",\"updateTime\":\"2025-12-10 17:43:04\"},{\"id\":242,\"itemId\":192,\"params\":{},\"performanceId\":1017,\"selfComment\":\"优化了付费引导流程，推出了试用期和阶梯式定价策略。通过A/B测试确定了最优转化路径，付费用户质量同步提升。\",\"selfResult\":\"转化率从2.8%提升至3.4%，提升21.4%，获得5分\",\"selfScore\":9,\"selfTarget\":\"注册到付费转化率提升10%-20%（4分标准）\",\"updateBy\":\"110\",\"updateTime\":\"2025-12-10 17:43:04\"},{\"id\":243,\"itemId\":193,\"params\":{}', '{\"msg\":\"操作成功\",\"code\":200}', 0, NULL, '2025-12-10 17:43:04', 17);
INSERT INTO `sys_oper_log` VALUES (594, '绩效内容', 2, 'com.ruoyi.web.controller.perf.PerfPerformanceContentController.editBatch()', 'PUT', 1, 'david_li', '运营部', '/perf/content/batch', '127.0.0.1', '内网IP', '{\"contentList\":[{\"id\":234,\"itemId\":184,\"params\":{},\"performanceId\":1017,\"selfComment\":\"通过精准渠道投放和内容营销组合，用户增长超出预期。其中社交媒体渠道贡献40%，SEO自然流量增长明显。下季度将重点优化注册转化漏斗。\",\"selfResult\":\"实际新增用户6.2万人，完成目标124%，获得4分\",\"selfScore\":10,\"selfTarget\":\"季度新增注册用户数达到5万人，完成目标120%以上（4分标准）\",\"updateBy\":\"110\",\"updateTime\":\"2025-12-10 17:43:16\"},{\"id\":235,\"itemId\":185,\"params\":{},\"performanceId\":1017,\"selfComment\":\"通过数据分析和渠道优化，淘汰了低效投放渠道，重点投入高ROI渠道。建立了动态预算分配机制，实现成本最优。\",\"selfResult\":\" 实际CAC为45元/人，相比预算55元降低18%，获得5分\",\"selfScore\":10,\"selfTarget\":\"将平均获客成本控制在50元/人以内，相比预算降低10%以上（4分标准）\",\"updateBy\":\"110\",\"updateTime\":\"2025-12-10 17:43:16\"},{\"id\":236,\"itemId\":186,\"params\":{},\"performanceId\":1017,\"selfComment\":\"用户增长与活跃度同步提升，通过精细化运营和用户分层策略，实现了健康增长。新增用户质量较高，7日留存表现良好。\",\"selfResult\":\"MAU从85万增长至98万，环比增长15.3%，获得4分\",\"selfScore\":10,\"selfTarget\":\"月活跃用户环比增长达到15%以上（4分标准）\",\"updateBy\":\"110\",\"updateTime\":\"2025-12-10 17:43:16\"},{\"id\":238,\"itemId\":188,\"params\":{},\"performanceId\":1017,\"selfComment\":\"通过push推送优化、内容推荐算法升级和签到活动，有效提升了日活。重点加强了核心用户的促活策略，用户粘性增强。\",\"selfResult\":\"DAU从12.5万增长至14.1万，增长12.8%，获得4分\",\"selfScore\":9,\"selfTarget\":\"DAU增长10%-15%（4分标准）\",\"updateBy\":\"110\",\"updateTime\":\"2025-12-10 17:43:16\"},{\"id\":239,\"itemId\":189,\"params\":{},\"performanceId\":1017,\"selfComment\":\"新用户引导流程优化效果显著，通过个性化内容和精准推送，提升了用户生命周期价值。7日留存率同步提升至45%。\",\"selfResult\":\"30日留存率从28%提升至33%，获得4分\",\"selfScore\":8,\"selfTarget\":\"30日留存率达到30%-40%（4分标准）\",\"updateBy\":\"110\",\"updateTime\":\"2025-12-10 17:43:16\"},{\"id\":240,\"itemId\":190,\"params\":{},\"performanceId\":1017,\"selfComment\":\"内容质量提升和用户体验优化取得成效，特别是视频内容和社区互动的时长增长明显。建立了内容质量评估体系。\",\"selfResult\":\"人均使用时长相较上季度增长18.5%，获得5分\",\"selfScore\":8,\"selfTarget\":\"用户平均单次使用时长增长10%-20%（4分标准）\",\"updateBy\":\"110\",\"updateTime\":\"2025-12-10 17:43:16\"},{\"id\":242,\"itemId\":192,\"params\":{},\"performanceId\":1017,\"selfComment\":\"优化了付费引导流程，推出了试用期和阶梯式定价策略。通过A/B测试确定了最优转化路径，付费用户质量同步提升。\",\"selfResult\":\"转化率从2.8%提升至3.4%，提升21.4%，获得5分\",\"selfScore\":9,\"selfTarget\":\"注册到付费转化率提升10%-20%（4分标准）\",\"updateBy\":\"110\",\"updateTime\":\"2025-12-10 17:43:16\"},{\"id\":243,\"itemId\":193,\"params\":{}', '{\"msg\":\"操作成功\",\"code\":200}', 0, NULL, '2025-12-10 17:43:16', 19);
INSERT INTO `sys_oper_log` VALUES (595, '绩效内容', 2, 'com.ruoyi.web.controller.perf.PerfPerformanceContentController.editBatch()', 'PUT', 1, 'david_li', '运营部', '/perf/content/batch', '127.0.0.1', '内网IP', '{\"contentList\":[{\"id\":234,\"itemId\":184,\"params\":{},\"performanceId\":1017,\"selfComment\":\"通过精准渠道投放和内容营销组合，用户增长超出预期。其中社交媒体渠道贡献40%，SEO自然流量增长明显。下季度将重点优化注册转化漏斗。\",\"selfResult\":\"实际新增用户6.2万人，完成目标124%，获得4分\",\"selfScore\":10,\"selfTarget\":\"季度新增注册用户数达到5万人，完成目标120%以上（4分标准）\",\"updateBy\":\"110\",\"updateTime\":\"2025-12-10 17:43:24\"},{\"id\":235,\"itemId\":185,\"params\":{},\"performanceId\":1017,\"selfComment\":\"通过数据分析和渠道优化，淘汰了低效投放渠道，重点投入高ROI渠道。建立了动态预算分配机制，实现成本最优。\",\"selfResult\":\" 实际CAC为45元/人，相比预算55元降低18%，获得5分\",\"selfScore\":10,\"selfTarget\":\"将平均获客成本控制在50元/人以内，相比预算降低10%以上（4分标准）\",\"updateBy\":\"110\",\"updateTime\":\"2025-12-10 17:43:24\"},{\"id\":236,\"itemId\":186,\"params\":{},\"performanceId\":1017,\"selfComment\":\"用户增长与活跃度同步提升，通过精细化运营和用户分层策略，实现了健康增长。新增用户质量较高，7日留存表现良好。\",\"selfResult\":\"MAU从85万增长至98万，环比增长15.3%，获得4分\",\"selfScore\":10,\"selfTarget\":\"月活跃用户环比增长达到15%以上（4分标准）\",\"updateBy\":\"110\",\"updateTime\":\"2025-12-10 17:43:24\"},{\"id\":238,\"itemId\":188,\"params\":{},\"performanceId\":1017,\"selfComment\":\"通过push推送优化、内容推荐算法升级和签到活动，有效提升了日活。重点加强了核心用户的促活策略，用户粘性增强。\",\"selfResult\":\"DAU从12.5万增长至14.1万，增长12.8%，获得4分\",\"selfScore\":9,\"selfTarget\":\"DAU增长10%-15%（4分标准）\",\"updateBy\":\"110\",\"updateTime\":\"2025-12-10 17:43:24\"},{\"id\":239,\"itemId\":189,\"params\":{},\"performanceId\":1017,\"selfComment\":\"新用户引导流程优化效果显著，通过个性化内容和精准推送，提升了用户生命周期价值。7日留存率同步提升至45%。\",\"selfResult\":\"30日留存率从28%提升至33%，获得4分\",\"selfScore\":8,\"selfTarget\":\"30日留存率达到30%-40%（4分标准）\",\"updateBy\":\"110\",\"updateTime\":\"2025-12-10 17:43:24\"},{\"id\":240,\"itemId\":190,\"params\":{},\"performanceId\":1017,\"selfComment\":\"内容质量提升和用户体验优化取得成效，特别是视频内容和社区互动的时长增长明显。建立了内容质量评估体系。\",\"selfResult\":\"人均使用时长相较上季度增长18.5%，获得5分\",\"selfScore\":8,\"selfTarget\":\"用户平均单次使用时长增长10%-20%（4分标准）\",\"updateBy\":\"110\",\"updateTime\":\"2025-12-10 17:43:24\"},{\"id\":242,\"itemId\":192,\"params\":{},\"performanceId\":1017,\"selfComment\":\"优化了付费引导流程，推出了试用期和阶梯式定价策略。通过A/B测试确定了最优转化路径，付费用户质量同步提升。\",\"selfResult\":\"转化率从2.8%提升至3.4%，提升21.4%，获得5分\",\"selfScore\":9,\"selfTarget\":\"注册到付费转化率提升10%-20%（4分标准）\",\"updateBy\":\"110\",\"updateTime\":\"2025-12-10 17:43:24\"},{\"id\":243,\"itemId\":193,\"params\":{}', '{\"msg\":\"操作成功\",\"code\":200}', 0, NULL, '2025-12-10 17:43:24', 20);
INSERT INTO `sys_oper_log` VALUES (596, '绩效内容', 2, 'com.ruoyi.web.controller.perf.PerfPerformanceContentController.editBatch()', 'PUT', 1, 'david_li', '运营部', '/perf/content/batch', '127.0.0.1', '内网IP', '{\"contentList\":[{\"id\":234,\"itemId\":184,\"params\":{},\"performanceId\":1017,\"selfComment\":\"通过精准渠道投放和内容营销组合，用户增长超出预期。其中社交媒体渠道贡献40%，SEO自然流量增长明显。下季度将重点优化注册转化漏斗。\",\"selfResult\":\"实际新增用户6.2万人，完成目标124%，获得4分\",\"selfScore\":10,\"selfTarget\":\"季度新增注册用户数达到5万人，完成目标120%以上（4分标准）\",\"updateBy\":\"110\",\"updateTime\":\"2025-12-10 17:43:39\"},{\"id\":235,\"itemId\":185,\"params\":{},\"performanceId\":1017,\"selfComment\":\"通过数据分析和渠道优化，淘汰了低效投放渠道，重点投入高ROI渠道。建立了动态预算分配机制，实现成本最优。\",\"selfResult\":\" 实际CAC为45元/人，相比预算55元降低18%，获得5分\",\"selfScore\":10,\"selfTarget\":\"将平均获客成本控制在50元/人以内，相比预算降低10%以上（4分标准）\",\"updateBy\":\"110\",\"updateTime\":\"2025-12-10 17:43:39\"},{\"id\":236,\"itemId\":186,\"params\":{},\"performanceId\":1017,\"selfComment\":\"用户增长与活跃度同步提升，通过精细化运营和用户分层策略，实现了健康增长。新增用户质量较高，7日留存表现良好。\",\"selfResult\":\"MAU从85万增长至98万，环比增长15.3%，获得4分\",\"selfScore\":10,\"selfTarget\":\"月活跃用户环比增长达到15%以上（4分标准）\",\"updateBy\":\"110\",\"updateTime\":\"2025-12-10 17:43:39\"},{\"id\":238,\"itemId\":188,\"params\":{},\"performanceId\":1017,\"selfComment\":\"通过push推送优化、内容推荐算法升级和签到活动，有效提升了日活。重点加强了核心用户的促活策略，用户粘性增强。\",\"selfResult\":\"DAU从12.5万增长至14.1万，增长12.8%，获得4分\",\"selfScore\":9,\"selfTarget\":\"DAU增长10%-15%（4分标准）\",\"updateBy\":\"110\",\"updateTime\":\"2025-12-10 17:43:39\"},{\"id\":239,\"itemId\":189,\"params\":{},\"performanceId\":1017,\"selfComment\":\"新用户引导流程优化效果显著，通过个性化内容和精准推送，提升了用户生命周期价值。7日留存率同步提升至45%。\",\"selfResult\":\"30日留存率从28%提升至33%，获得4分\",\"selfScore\":8,\"selfTarget\":\"30日留存率达到30%-40%（4分标准）\",\"updateBy\":\"110\",\"updateTime\":\"2025-12-10 17:43:39\"},{\"id\":240,\"itemId\":190,\"params\":{},\"performanceId\":1017,\"selfComment\":\"内容质量提升和用户体验优化取得成效，特别是视频内容和社区互动的时长增长明显。建立了内容质量评估体系。\",\"selfResult\":\"人均使用时长相较上季度增长18.5%，获得5分\",\"selfScore\":8,\"selfTarget\":\"用户平均单次使用时长增长10%-20%（4分标准）\",\"updateBy\":\"110\",\"updateTime\":\"2025-12-10 17:43:39\"},{\"id\":242,\"itemId\":192,\"params\":{},\"performanceId\":1017,\"selfComment\":\"优化了付费引导流程，推出了试用期和阶梯式定价策略。通过A/B测试确定了最优转化路径，付费用户质量同步提升。\",\"selfResult\":\"转化率从2.8%提升至3.4%，提升21.4%，获得5分\",\"selfScore\":9,\"selfTarget\":\"注册到付费转化率提升10%-20%（4分标准）\",\"updateBy\":\"110\",\"updateTime\":\"2025-12-10 17:43:39\"},{\"id\":243,\"itemId\":193,\"params\":{}', '{\"msg\":\"操作成功\",\"code\":200}', 0, NULL, '2025-12-10 17:43:39', 22);
INSERT INTO `sys_oper_log` VALUES (597, '绩效内容', 2, 'com.ruoyi.web.controller.perf.PerfPerformanceContentController.editBatch()', 'PUT', 1, 'david_li', '运营部', '/perf/content/batch', '127.0.0.1', '内网IP', '{\"contentList\":[{\"id\":234,\"itemId\":184,\"params\":{},\"performanceId\":1017,\"selfComment\":\"通过精准渠道投放和内容营销组合，用户增长超出预期。其中社交媒体渠道贡献40%，SEO自然流量增长明显。下季度将重点优化注册转化漏斗。\",\"selfResult\":\"实际新增用户6.2万人，完成目标124%，获得4分\",\"selfScore\":10,\"selfTarget\":\"季度新增注册用户数达到5万人，完成目标120%以上（4分标准）\",\"updateBy\":\"110\",\"updateTime\":\"2025-12-10 17:43:50\"},{\"id\":235,\"itemId\":185,\"params\":{},\"performanceId\":1017,\"selfComment\":\"通过数据分析和渠道优化，淘汰了低效投放渠道，重点投入高ROI渠道。建立了动态预算分配机制，实现成本最优。\",\"selfResult\":\" 实际CAC为45元/人，相比预算55元降低18%，获得5分\",\"selfScore\":10,\"selfTarget\":\"将平均获客成本控制在50元/人以内，相比预算降低10%以上（4分标准）\",\"updateBy\":\"110\",\"updateTime\":\"2025-12-10 17:43:50\"},{\"id\":236,\"itemId\":186,\"params\":{},\"performanceId\":1017,\"selfComment\":\"用户增长与活跃度同步提升，通过精细化运营和用户分层策略，实现了健康增长。新增用户质量较高，7日留存表现良好。\",\"selfResult\":\"MAU从85万增长至98万，环比增长15.3%，获得4分\",\"selfScore\":10,\"selfTarget\":\"月活跃用户环比增长达到15%以上（4分标准）\",\"updateBy\":\"110\",\"updateTime\":\"2025-12-10 17:43:50\"},{\"id\":238,\"itemId\":188,\"params\":{},\"performanceId\":1017,\"selfComment\":\"通过push推送优化、内容推荐算法升级和签到活动，有效提升了日活。重点加强了核心用户的促活策略，用户粘性增强。\",\"selfResult\":\"DAU从12.5万增长至14.1万，增长12.8%，获得4分\",\"selfScore\":9,\"selfTarget\":\"DAU增长10%-15%（4分标准）\",\"updateBy\":\"110\",\"updateTime\":\"2025-12-10 17:43:50\"},{\"id\":239,\"itemId\":189,\"params\":{},\"performanceId\":1017,\"selfComment\":\"新用户引导流程优化效果显著，通过个性化内容和精准推送，提升了用户生命周期价值。7日留存率同步提升至45%。\",\"selfResult\":\"30日留存率从28%提升至33%，获得4分\",\"selfScore\":8,\"selfTarget\":\"30日留存率达到30%-40%（4分标准）\",\"updateBy\":\"110\",\"updateTime\":\"2025-12-10 17:43:50\"},{\"id\":240,\"itemId\":190,\"params\":{},\"performanceId\":1017,\"selfComment\":\"内容质量提升和用户体验优化取得成效，特别是视频内容和社区互动的时长增长明显。建立了内容质量评估体系。\",\"selfResult\":\"人均使用时长相较上季度增长18.5%，获得5分\",\"selfScore\":8,\"selfTarget\":\"用户平均单次使用时长增长10%-20%（4分标准）\",\"updateBy\":\"110\",\"updateTime\":\"2025-12-10 17:43:50\"},{\"id\":242,\"itemId\":192,\"params\":{},\"performanceId\":1017,\"selfComment\":\"优化了付费引导流程，推出了试用期和阶梯式定价策略。通过A/B测试确定了最优转化路径，付费用户质量同步提升。\",\"selfResult\":\"转化率从2.8%提升至3.4%，提升21.4%，获得5分\",\"selfScore\":9,\"selfTarget\":\"注册到付费转化率提升10%-20%（4分标准）\",\"updateBy\":\"110\",\"updateTime\":\"2025-12-10 17:43:50\"},{\"id\":243,\"itemId\":193,\"params\":{}', '{\"msg\":\"操作成功\",\"code\":200}', 0, NULL, '2025-12-10 17:43:50', 20);
INSERT INTO `sys_oper_log` VALUES (598, '绩效内容', 2, 'com.ruoyi.web.controller.perf.PerfPerformanceContentController.editBatch()', 'PUT', 1, 'david_li', '运营部', '/perf/content/batch', '127.0.0.1', '内网IP', '{\"contentList\":[{\"id\":234,\"itemId\":184,\"params\":{},\"performanceId\":1017,\"selfComment\":\"通过精准渠道投放和内容营销组合，用户增长超出预期。其中社交媒体渠道贡献40%，SEO自然流量增长明显。下季度将重点优化注册转化漏斗。\",\"selfResult\":\"实际新增用户6.2万人，完成目标124%，获得4分\",\"selfScore\":10,\"selfTarget\":\"季度新增注册用户数达到5万人，完成目标120%以上（4分标准）\",\"updateBy\":\"110\",\"updateTime\":\"2025-12-10 17:44:01\"},{\"id\":235,\"itemId\":185,\"params\":{},\"performanceId\":1017,\"selfComment\":\"通过数据分析和渠道优化，淘汰了低效投放渠道，重点投入高ROI渠道。建立了动态预算分配机制，实现成本最优。\",\"selfResult\":\" 实际CAC为45元/人，相比预算55元降低18%，获得5分\",\"selfScore\":10,\"selfTarget\":\"将平均获客成本控制在50元/人以内，相比预算降低10%以上（4分标准）\",\"updateBy\":\"110\",\"updateTime\":\"2025-12-10 17:44:01\"},{\"id\":236,\"itemId\":186,\"params\":{},\"performanceId\":1017,\"selfComment\":\"用户增长与活跃度同步提升，通过精细化运营和用户分层策略，实现了健康增长。新增用户质量较高，7日留存表现良好。\",\"selfResult\":\"MAU从85万增长至98万，环比增长15.3%，获得4分\",\"selfScore\":10,\"selfTarget\":\"月活跃用户环比增长达到15%以上（4分标准）\",\"updateBy\":\"110\",\"updateTime\":\"2025-12-10 17:44:01\"},{\"id\":238,\"itemId\":188,\"params\":{},\"performanceId\":1017,\"selfComment\":\"通过push推送优化、内容推荐算法升级和签到活动，有效提升了日活。重点加强了核心用户的促活策略，用户粘性增强。\",\"selfResult\":\"DAU从12.5万增长至14.1万，增长12.8%，获得4分\",\"selfScore\":9,\"selfTarget\":\"DAU增长10%-15%（4分标准）\",\"updateBy\":\"110\",\"updateTime\":\"2025-12-10 17:44:01\"},{\"id\":239,\"itemId\":189,\"params\":{},\"performanceId\":1017,\"selfComment\":\"新用户引导流程优化效果显著，通过个性化内容和精准推送，提升了用户生命周期价值。7日留存率同步提升至45%。\",\"selfResult\":\"30日留存率从28%提升至33%，获得4分\",\"selfScore\":8,\"selfTarget\":\"30日留存率达到30%-40%（4分标准）\",\"updateBy\":\"110\",\"updateTime\":\"2025-12-10 17:44:01\"},{\"id\":240,\"itemId\":190,\"params\":{},\"performanceId\":1017,\"selfComment\":\"内容质量提升和用户体验优化取得成效，特别是视频内容和社区互动的时长增长明显。建立了内容质量评估体系。\",\"selfResult\":\"人均使用时长相较上季度增长18.5%，获得5分\",\"selfScore\":8,\"selfTarget\":\"用户平均单次使用时长增长10%-20%（4分标准）\",\"updateBy\":\"110\",\"updateTime\":\"2025-12-10 17:44:01\"},{\"id\":242,\"itemId\":192,\"params\":{},\"performanceId\":1017,\"selfComment\":\"优化了付费引导流程，推出了试用期和阶梯式定价策略。通过A/B测试确定了最优转化路径，付费用户质量同步提升。\",\"selfResult\":\"转化率从2.8%提升至3.4%，提升21.4%，获得5分\",\"selfScore\":9,\"selfTarget\":\"注册到付费转化率提升10%-20%（4分标准）\",\"updateBy\":\"110\",\"updateTime\":\"2025-12-10 17:44:01\"},{\"id\":243,\"itemId\":193,\"params\":{}', '{\"msg\":\"操作成功\",\"code\":200}', 0, NULL, '2025-12-10 17:44:01', 17);
INSERT INTO `sys_oper_log` VALUES (599, '绩效内容', 2, 'com.ruoyi.web.controller.perf.PerfPerformanceContentController.editBatch()', 'PUT', 1, 'xiaomei', '人事部', '/perf/content/batch', '127.0.0.1', '内网IP', '{\"contentList\":[{\"id\":214,\"itemId\":200,\"params\":{},\"performanceId\":1016,\"selfComment\":\"通过优化招聘渠道和加强雇主品牌建设，超额完成招聘目标。特别是技术岗位招聘效率显著提升，满足了业务快速发展需求。\",\"selfResult\":\"​ 计划招聘45人，实际到岗52人，完成率115.6%，获得4分\",\"selfScore\":10,\"selfTarget\":\"完成招聘目标100%-120%（4分标准）\",\"updateBy\":\"105\",\"updateTime\":\"2025-12-10 17:46:03\"},{\"id\":215,\"itemId\":201,\"params\":{},\"performanceId\":1016,\"selfScore\":0,\"updateBy\":\"105\",\"updateTime\":\"2025-12-10 17:46:03\"},{\"id\":216,\"itemId\":202,\"params\":{},\"performanceId\":1016,\"selfScore\":0,\"updateBy\":\"105\",\"updateTime\":\"2025-12-10 17:46:03\"},{\"id\":218,\"itemId\":204,\"params\":{},\"performanceId\":1016,\"selfScore\":0,\"updateBy\":\"105\",\"updateTime\":\"2025-12-10 17:46:03\"},{\"id\":219,\"itemId\":205,\"params\":{},\"performanceId\":1016,\"selfScore\":0,\"updateBy\":\"105\",\"updateTime\":\"2025-12-10 17:46:03\"},{\"id\":220,\"itemId\":206,\"params\":{},\"performanceId\":1016,\"selfScore\":0,\"updateBy\":\"105\",\"updateTime\":\"2025-12-10 17:46:03\"},{\"id\":222,\"itemId\":208,\"params\":{},\"performanceId\":1016,\"selfScore\":0,\"updateBy\":\"105\",\"updateTime\":\"2025-12-10 17:46:03\"},{\"id\":223,\"itemId\":209,\"params\":{},\"performanceId\":1016,\"selfScore\":0,\"updateBy\":\"105\",\"updateTime\":\"2025-12-10 17:46:03\"},{\"id\":224,\"itemId\":210,\"params\":{},\"performanceId\":1016,\"selfScore\":0,\"updateBy\":\"105\",\"updateTime\":\"2025-12-10 17:46:03\"},{\"id\":226,\"itemId\":212,\"params\":{},\"performanceId\":1016,\"selfScore\":0,\"updateBy\":\"105\",\"updateTime\":\"2025-12-10 17:46:03\"},{\"id\":227,\"itemId\":213,\"params\":{},\"performanceId\":1016,\"selfScore\":0,\"updateBy\":\"105\",\"updateTime\":\"2025-12-10 17:46:03\"},{\"id\":228,\"itemId\":214,\"params\":{},\"performanceId\":1016,\"selfScore\":0,\"updateBy\":\"105\",\"updateTime\":\"2025-12-10 17:46:03\"},{\"id\":230,\"itemId\":216,\"params\":{},\"performanceId\":1016,\"selfScore\":0,\"updateBy\":\"105\",\"updateTime\":\"2025-12-10 17:46:03\"},{\"id\":231,\"itemId\":217,\"params\":{},\"performanceId\":1016,\"selfScore\":0,\"updateBy\":\"105\",\"updateTime\":\"2025-12-10 17:46:03\"},{\"id\":232,\"itemId\":218,\"params\":{},\"performanceId\":1016,\"selfScore\":0,\"updateBy\":\"105\",\"updateTime\":\"202', '{\"msg\":\"操作成功\",\"code\":200}', 0, NULL, '2025-12-10 17:46:03', 20);
INSERT INTO `sys_oper_log` VALUES (600, '绩效内容', 2, 'com.ruoyi.web.controller.perf.PerfPerformanceContentController.editBatch()', 'PUT', 1, 'xiaomei', '人事部', '/perf/content/batch', '127.0.0.1', '内网IP', '{\"contentList\":[{\"id\":214,\"itemId\":200,\"params\":{},\"performanceId\":1016,\"selfComment\":\"通过优化招聘渠道和加强雇主品牌建设，超额完成招聘目标。特别是技术岗位招聘效率显著提升，满足了业务快速发展需求。\",\"selfResult\":\"​ 计划招聘45人，实际到岗52人，完成率115.6%，获得4分\",\"selfScore\":10,\"selfTarget\":\"完成招聘目标100%-120%（4分标准）\",\"updateBy\":\"105\",\"updateTime\":\"2025-12-10 17:46:15\"},{\"id\":215,\"itemId\":201,\"params\":{},\"performanceId\":1016,\"selfComment\":\"建立了标准化的面试流程和快速决策机制，通过数字化工具提升面试安排效率。加强了人才库建设和内部推荐激励。\",\"selfResult\":\"平均招聘周期从32天缩短至24天，缩短25%，获得4分\",\"selfScore\":10,\"selfTarget\":\"招聘周期缩短20%-30%（4分标准）\",\"updateBy\":\"105\",\"updateTime\":\"2025-12-10 17:46:15\"},{\"id\":216,\"itemId\":202,\"params\":{},\"performanceId\":1016,\"selfScore\":0,\"updateBy\":\"105\",\"updateTime\":\"2025-12-10 17:46:15\"},{\"id\":218,\"itemId\":204,\"params\":{},\"performanceId\":1016,\"selfScore\":0,\"updateBy\":\"105\",\"updateTime\":\"2025-12-10 17:46:15\"},{\"id\":219,\"itemId\":205,\"params\":{},\"performanceId\":1016,\"selfScore\":0,\"updateBy\":\"105\",\"updateTime\":\"2025-12-10 17:46:15\"},{\"id\":220,\"itemId\":206,\"params\":{},\"performanceId\":1016,\"selfScore\":0,\"updateBy\":\"105\",\"updateTime\":\"2025-12-10 17:46:15\"},{\"id\":222,\"itemId\":208,\"params\":{},\"performanceId\":1016,\"selfScore\":0,\"updateBy\":\"105\",\"updateTime\":\"2025-12-10 17:46:15\"},{\"id\":223,\"itemId\":209,\"params\":{},\"performanceId\":1016,\"selfScore\":0,\"updateBy\":\"105\",\"updateTime\":\"2025-12-10 17:46:15\"},{\"id\":224,\"itemId\":210,\"params\":{},\"performanceId\":1016,\"selfScore\":0,\"updateBy\":\"105\",\"updateTime\":\"2025-12-10 17:46:15\"},{\"id\":226,\"itemId\":212,\"params\":{},\"performanceId\":1016,\"selfScore\":0,\"updateBy\":\"105\",\"updateTime\":\"2025-12-10 17:46:15\"},{\"id\":227,\"itemId\":213,\"params\":{},\"performanceId\":1016,\"selfScore\":0,\"updateBy\":\"105\",\"updateTime\":\"2025-12-10 17:46:15\"},{\"id\":228,\"itemId\":214,\"params\":{},\"performanceId\":1016,\"selfScore\":0,\"updateBy\":\"105\",\"updateTime\":\"2025-12-10 17:46:15\"},{\"id\":230,\"itemId\":216,\"params\":{},\"performanceId\":1016,\"selfScore\":0,\"updateBy\":\"105\",\"updateTime\":\"2025-12-10 17:46:15\"},{\"id\":231,\"itemId\":217,\"params\":{},\"performanceId\":1016,\"selfScore\":0,\"updateBy\"', '{\"msg\":\"操作成功\",\"code\":200}', 0, NULL, '2025-12-10 17:46:15', 21);
INSERT INTO `sys_oper_log` VALUES (601, '绩效内容', 2, 'com.ruoyi.web.controller.perf.PerfPerformanceContentController.editBatch()', 'PUT', 1, 'xiaomei', '人事部', '/perf/content/batch', '127.0.0.1', '内网IP', '{\"contentList\":[{\"id\":214,\"itemId\":200,\"params\":{},\"performanceId\":1016,\"selfComment\":\"通过优化招聘渠道和加强雇主品牌建设，超额完成招聘目标。特别是技术岗位招聘效率显著提升，满足了业务快速发展需求。\",\"selfResult\":\"​ 计划招聘45人，实际到岗52人，完成率115.6%，获得4分\",\"selfScore\":10,\"selfTarget\":\"完成招聘目标100%-120%（4分标准）\",\"updateBy\":\"105\",\"updateTime\":\"2025-12-10 17:46:28\"},{\"id\":215,\"itemId\":201,\"params\":{},\"performanceId\":1016,\"selfComment\":\"建立了标准化的面试流程和快速决策机制，通过数字化工具提升面试安排效率。加强了人才库建设和内部推荐激励。\",\"selfResult\":\"平均招聘周期从32天缩短至24天，缩短25%，获得4分\",\"selfScore\":10,\"selfTarget\":\"招聘周期缩短20%-30%（4分标准）\",\"updateBy\":\"105\",\"updateTime\":\"2025-12-10 17:46:28\"},{\"id\":216,\"itemId\":202,\"params\":{},\"performanceId\":1016,\"selfComment\":\"优化了新员工入职引导和导师制度，建立了试用期目标管理和定期沟通机制。候选人质量把控严格，人岗匹配度较高。\",\"selfResult\":\"试用期员工52人中48人通过，通过率92.3%，获得4分\",\"selfScore\":10,\"selfTarget\":\"试用期通过率达到90%-95%（4分标准）\",\"updateBy\":\"105\",\"updateTime\":\"2025-12-10 17:46:28\"},{\"id\":218,\"itemId\":204,\"params\":{},\"performanceId\":1016,\"selfScore\":0,\"updateBy\":\"105\",\"updateTime\":\"2025-12-10 17:46:28\"},{\"id\":219,\"itemId\":205,\"params\":{},\"performanceId\":1016,\"selfScore\":0,\"updateBy\":\"105\",\"updateTime\":\"2025-12-10 17:46:28\"},{\"id\":220,\"itemId\":206,\"params\":{},\"performanceId\":1016,\"selfScore\":0,\"updateBy\":\"105\",\"updateTime\":\"2025-12-10 17:46:28\"},{\"id\":222,\"itemId\":208,\"params\":{},\"performanceId\":1016,\"selfScore\":0,\"updateBy\":\"105\",\"updateTime\":\"2025-12-10 17:46:28\"},{\"id\":223,\"itemId\":209,\"params\":{},\"performanceId\":1016,\"selfScore\":0,\"updateBy\":\"105\",\"updateTime\":\"2025-12-10 17:46:28\"},{\"id\":224,\"itemId\":210,\"params\":{},\"performanceId\":1016,\"selfScore\":0,\"updateBy\":\"105\",\"updateTime\":\"2025-12-10 17:46:28\"},{\"id\":226,\"itemId\":212,\"params\":{},\"performanceId\":1016,\"selfScore\":0,\"updateBy\":\"105\",\"updateTime\":\"2025-12-10 17:46:28\"},{\"id\":227,\"itemId\":213,\"params\":{},\"performanceId\":1016,\"selfScore\":0,\"updateBy\":\"105\",\"updateTime\":\"2025-12-10 17:46:28\"},{\"id\":228,\"itemId\":214,\"params\":{},\"performanceId\":1016,\"selfScore\":0,\"updateBy\":\"105\",\"updateTime\":\"2025-12-10 17:46:28\"},{\"id\":230,\"itemId\":216,\"params\":{},\"performanceId\":1', '{\"msg\":\"操作成功\",\"code\":200}', 0, NULL, '2025-12-10 17:46:28', 23);
INSERT INTO `sys_oper_log` VALUES (602, '绩效内容', 2, 'com.ruoyi.web.controller.perf.PerfPerformanceContentController.editBatch()', 'PUT', 1, 'xiaomei', '人事部', '/perf/content/batch', '127.0.0.1', '内网IP', '{\"contentList\":[{\"id\":214,\"itemId\":200,\"params\":{},\"performanceId\":1016,\"selfComment\":\"通过优化招聘渠道和加强雇主品牌建设，超额完成招聘目标。特别是技术岗位招聘效率显著提升，满足了业务快速发展需求。\",\"selfResult\":\"​ 计划招聘45人，实际到岗52人，完成率115.6%，获得4分\",\"selfScore\":10,\"selfTarget\":\"完成招聘目标100%-120%（4分标准）\",\"updateBy\":\"105\",\"updateTime\":\"2025-12-10 17:46:43\"},{\"id\":215,\"itemId\":201,\"params\":{},\"performanceId\":1016,\"selfComment\":\"建立了标准化的面试流程和快速决策机制，通过数字化工具提升面试安排效率。加强了人才库建设和内部推荐激励。\",\"selfResult\":\"平均招聘周期从32天缩短至24天，缩短25%，获得4分\",\"selfScore\":10,\"selfTarget\":\"招聘周期缩短20%-30%（4分标准）\",\"updateBy\":\"105\",\"updateTime\":\"2025-12-10 17:46:43\"},{\"id\":216,\"itemId\":202,\"params\":{},\"performanceId\":1016,\"selfComment\":\"优化了新员工入职引导和导师制度，建立了试用期目标管理和定期沟通机制。候选人质量把控严格，人岗匹配度较高。\",\"selfResult\":\"试用期员工52人中48人通过，通过率92.3%，获得4分\",\"selfScore\":10,\"selfTarget\":\"试用期通过率达到90%-95%（4分标准）\",\"updateBy\":\"105\",\"updateTime\":\"2025-12-10 17:46:43\"},{\"id\":218,\"itemId\":204,\"params\":{},\"performanceId\":1016,\"selfComment\":\"通过完善的职业发展通道、有竞争力的薪酬体系和良好的企业文化，员工稳定性显著提升。建立了离职预警和挽留机制。\",\"selfResult\":\"季度主动离职员工12人，总人数320人，流失率3.75%，获得5分\",\"selfScore\":9,\"selfTarget\":\"员工流失率控制在5%-8%（4分标准）\",\"updateBy\":\"105\",\"updateTime\":\"2025-12-10 17:46:43\"},{\"id\":219,\"itemId\":205,\"params\":{},\"performanceId\":1016,\"selfScore\":0,\"updateBy\":\"105\",\"updateTime\":\"2025-12-10 17:46:43\"},{\"id\":220,\"itemId\":206,\"params\":{},\"performanceId\":1016,\"selfScore\":0,\"updateBy\":\"105\",\"updateTime\":\"2025-12-10 17:46:43\"},{\"id\":222,\"itemId\":208,\"params\":{},\"performanceId\":1016,\"selfScore\":0,\"updateBy\":\"105\",\"updateTime\":\"2025-12-10 17:46:43\"},{\"id\":223,\"itemId\":209,\"params\":{},\"performanceId\":1016,\"selfScore\":0,\"updateBy\":\"105\",\"updateTime\":\"2025-12-10 17:46:43\"},{\"id\":224,\"itemId\":210,\"params\":{},\"performanceId\":1016,\"selfScore\":0,\"updateBy\":\"105\",\"updateTime\":\"2025-12-10 17:46:43\"},{\"id\":226,\"itemId\":212,\"params\":{},\"performanceId\":1016,\"selfScore\":0,\"updateBy\":\"105\",\"updateTime\":\"2025-12-10 17:46:43\"},{\"id\":227,\"itemId\":213,\"params\":{},\"performanceId\":1016,\"selfScore\":0,\"updateBy\":\"105\",\"updateTime\":\"2025-12-10 17:46:43\"},{\"id\":228,\"itemId\":21', '{\"msg\":\"操作成功\",\"code\":200}', 0, NULL, '2025-12-10 17:46:43', 18);
INSERT INTO `sys_oper_log` VALUES (603, '绩效内容', 2, 'com.ruoyi.web.controller.perf.PerfPerformanceContentController.editBatch()', 'PUT', 1, 'xiaomei', '人事部', '/perf/content/batch', '127.0.0.1', '内网IP', '{\"contentList\":[{\"id\":214,\"itemId\":200,\"params\":{},\"performanceId\":1016,\"selfComment\":\"通过优化招聘渠道和加强雇主品牌建设，超额完成招聘目标。特别是技术岗位招聘效率显著提升，满足了业务快速发展需求。\",\"selfResult\":\"​ 计划招聘45人，实际到岗52人，完成率115.6%，获得4分\",\"selfScore\":10,\"selfTarget\":\"完成招聘目标100%-120%（4分标准）\",\"updateBy\":\"105\",\"updateTime\":\"2025-12-10 17:46:56\"},{\"id\":215,\"itemId\":201,\"params\":{},\"performanceId\":1016,\"selfComment\":\"建立了标准化的面试流程和快速决策机制，通过数字化工具提升面试安排效率。加强了人才库建设和内部推荐激励。\",\"selfResult\":\"平均招聘周期从32天缩短至24天，缩短25%，获得4分\",\"selfScore\":10,\"selfTarget\":\"招聘周期缩短20%-30%（4分标准）\",\"updateBy\":\"105\",\"updateTime\":\"2025-12-10 17:46:56\"},{\"id\":216,\"itemId\":202,\"params\":{},\"performanceId\":1016,\"selfComment\":\"优化了新员工入职引导和导师制度，建立了试用期目标管理和定期沟通机制。候选人质量把控严格，人岗匹配度较高。\",\"selfResult\":\"试用期员工52人中48人通过，通过率92.3%，获得4分\",\"selfScore\":10,\"selfTarget\":\"试用期通过率达到90%-95%（4分标准）\",\"updateBy\":\"105\",\"updateTime\":\"2025-12-10 17:46:56\"},{\"id\":218,\"itemId\":204,\"params\":{},\"performanceId\":1016,\"selfComment\":\"通过完善的职业发展通道、有竞争力的薪酬体系和良好的企业文化，员工稳定性显著提升。建立了离职预警和挽留机制。\",\"selfResult\":\"季度主动离职员工12人，总人数320人，流失率3.75%，获得5分\",\"selfScore\":9,\"selfTarget\":\"员工流失率控制在5%-8%（4分标准）\",\"updateBy\":\"105\",\"updateTime\":\"2025-12-10 17:46:56\"},{\"id\":219,\"itemId\":205,\"params\":{},\"performanceId\":1016,\"selfComment\":\"实施了核心员工激励计划，包括股权激励、专项培训和发展机会。定期与核心员工沟通职业发展需求，满意度较高。\",\"selfResult\":\"核心员工45人中42人保留，保留率93.3%，获得4分\",\"selfScore\":8,\"selfTarget\":\"核心员工保留率90%-95%（4分标准）\",\"updateBy\":\"105\",\"updateTime\":\"2025-12-10 17:46:56\"},{\"id\":220,\"itemId\":206,\"params\":{},\"performanceId\":1016,\"selfScore\":0,\"updateBy\":\"105\",\"updateTime\":\"2025-12-10 17:46:56\"},{\"id\":222,\"itemId\":208,\"params\":{},\"performanceId\":1016,\"selfScore\":0,\"updateBy\":\"105\",\"updateTime\":\"2025-12-10 17:46:56\"},{\"id\":223,\"itemId\":209,\"params\":{},\"performanceId\":1016,\"selfScore\":0,\"updateBy\":\"105\",\"updateTime\":\"2025-12-10 17:46:56\"},{\"id\":224,\"itemId\":210,\"params\":{},\"performanceId\":1016,\"selfScore\":0,\"updateBy\":\"105\",\"updateTime\":\"2025-12-10 17:46:56\"},{\"id\":226,\"itemId\":212,\"params\":{},\"performanceId\":1016,\"selfScore\":0,\"updateBy\":\"105\",\"updateTime\":\"2025-12-10 17:46:56', '{\"msg\":\"操作成功\",\"code\":200}', 0, NULL, '2025-12-10 17:46:56', 20);
INSERT INTO `sys_oper_log` VALUES (604, '绩效内容', 2, 'com.ruoyi.web.controller.perf.PerfPerformanceContentController.editBatch()', 'PUT', 1, 'xiaomei', '人事部', '/perf/content/batch', '127.0.0.1', '内网IP', '{\"contentList\":[{\"id\":214,\"itemId\":200,\"params\":{},\"performanceId\":1016,\"selfComment\":\"通过优化招聘渠道和加强雇主品牌建设，超额完成招聘目标。特别是技术岗位招聘效率显著提升，满足了业务快速发展需求。\",\"selfResult\":\"​ 计划招聘45人，实际到岗52人，完成率115.6%，获得4分\",\"selfScore\":10,\"selfTarget\":\"完成招聘目标100%-120%（4分标准）\",\"updateBy\":\"105\",\"updateTime\":\"2025-12-10 17:47:11\"},{\"id\":215,\"itemId\":201,\"params\":{},\"performanceId\":1016,\"selfComment\":\"建立了标准化的面试流程和快速决策机制，通过数字化工具提升面试安排效率。加强了人才库建设和内部推荐激励。\",\"selfResult\":\"平均招聘周期从32天缩短至24天，缩短25%，获得4分\",\"selfScore\":10,\"selfTarget\":\"招聘周期缩短20%-30%（4分标准）\",\"updateBy\":\"105\",\"updateTime\":\"2025-12-10 17:47:11\"},{\"id\":216,\"itemId\":202,\"params\":{},\"performanceId\":1016,\"selfComment\":\"优化了新员工入职引导和导师制度，建立了试用期目标管理和定期沟通机制。候选人质量把控严格，人岗匹配度较高。\",\"selfResult\":\"试用期员工52人中48人通过，通过率92.3%，获得4分\",\"selfScore\":10,\"selfTarget\":\"试用期通过率达到90%-95%（4分标准）\",\"updateBy\":\"105\",\"updateTime\":\"2025-12-10 17:47:11\"},{\"id\":218,\"itemId\":204,\"params\":{},\"performanceId\":1016,\"selfComment\":\"通过完善的职业发展通道、有竞争力的薪酬体系和良好的企业文化，员工稳定性显著提升。建立了离职预警和挽留机制。\",\"selfResult\":\"季度主动离职员工12人，总人数320人，流失率3.75%，获得5分\",\"selfScore\":9,\"selfTarget\":\"员工流失率控制在5%-8%（4分标准）\",\"updateBy\":\"105\",\"updateTime\":\"2025-12-10 17:47:11\"},{\"id\":219,\"itemId\":205,\"params\":{},\"performanceId\":1016,\"selfComment\":\"实施了核心员工激励计划，包括股权激励、专项培训和发展机会。定期与核心员工沟通职业发展需求，满意度较高。\",\"selfResult\":\"核心员工45人中42人保留，保留率93.3%，获得4分\",\"selfScore\":8,\"selfTarget\":\"核心员工保留率90%-95%（4分标准）\",\"updateBy\":\"105\",\"updateTime\":\"2025-12-10 17:47:11\"},{\"id\":220,\"itemId\":206,\"params\":{},\"performanceId\":1016,\"selfComment\":\"虽然建立了清晰的晋升通道，但在实际执行中部分岗位晋升节奏偏慢。下季度将加强人才盘点和发展计划落地。\",\"selfResult\":\"季度内部晋升28人，总人数320人，晋升率8.75%，获得3分\",\"selfScore\":8,\"selfTarget\":\"内部晋升率达到10%-15%（4分标准）\",\"updateBy\":\"105\",\"updateTime\":\"2025-12-10 17:47:11\"},{\"id\":222,\"itemId\":208,\"params\":{},\"performanceId\":1016,\"selfScore\":0,\"updateBy\":\"105\",\"updateTime\":\"2025-12-10 17:47:11\"},{\"id\":223,\"itemId\":209,\"params\":{},\"performanceId\":1016,\"selfScore\":0,\"updateBy\":\"105\",\"updateTime\":\"2025-12-10 17:47:11\"},{\"id\":224,\"itemId\":210,\"params\":{},\"performanceId\":1016,\"selfScore\":0,\"updateBy\":\"105\",\"update', '{\"msg\":\"操作成功\",\"code\":200}', 0, NULL, '2025-12-10 17:47:11', 29);
INSERT INTO `sys_oper_log` VALUES (605, '绩效内容', 2, 'com.ruoyi.web.controller.perf.PerfPerformanceContentController.editBatch()', 'PUT', 1, 'xiaomei', '人事部', '/perf/content/batch', '127.0.0.1', '内网IP', '{\"contentList\":[{\"id\":214,\"itemId\":200,\"params\":{},\"performanceId\":1016,\"selfComment\":\"通过优化招聘渠道和加强雇主品牌建设，超额完成招聘目标。特别是技术岗位招聘效率显著提升，满足了业务快速发展需求。\",\"selfResult\":\"​ 计划招聘45人，实际到岗52人，完成率115.6%，获得4分\",\"selfScore\":10,\"selfTarget\":\"完成招聘目标100%-120%（4分标准）\",\"updateBy\":\"105\",\"updateTime\":\"2025-12-10 17:47:26\"},{\"id\":215,\"itemId\":201,\"params\":{},\"performanceId\":1016,\"selfComment\":\"建立了标准化的面试流程和快速决策机制，通过数字化工具提升面试安排效率。加强了人才库建设和内部推荐激励。\",\"selfResult\":\"平均招聘周期从32天缩短至24天，缩短25%，获得4分\",\"selfScore\":10,\"selfTarget\":\"招聘周期缩短20%-30%（4分标准）\",\"updateBy\":\"105\",\"updateTime\":\"2025-12-10 17:47:26\"},{\"id\":216,\"itemId\":202,\"params\":{},\"performanceId\":1016,\"selfComment\":\"优化了新员工入职引导和导师制度，建立了试用期目标管理和定期沟通机制。候选人质量把控严格，人岗匹配度较高。\",\"selfResult\":\"试用期员工52人中48人通过，通过率92.3%，获得4分\",\"selfScore\":10,\"selfTarget\":\"试用期通过率达到90%-95%（4分标准）\",\"updateBy\":\"105\",\"updateTime\":\"2025-12-10 17:47:26\"},{\"id\":218,\"itemId\":204,\"params\":{},\"performanceId\":1016,\"selfComment\":\"通过完善的职业发展通道、有竞争力的薪酬体系和良好的企业文化，员工稳定性显著提升。建立了离职预警和挽留机制。\",\"selfResult\":\"季度主动离职员工12人，总人数320人，流失率3.75%，获得5分\",\"selfScore\":9,\"selfTarget\":\"员工流失率控制在5%-8%（4分标准）\",\"updateBy\":\"105\",\"updateTime\":\"2025-12-10 17:47:26\"},{\"id\":219,\"itemId\":205,\"params\":{},\"performanceId\":1016,\"selfComment\":\"实施了核心员工激励计划，包括股权激励、专项培训和发展机会。定期与核心员工沟通职业发展需求，满意度较高。\",\"selfResult\":\"核心员工45人中42人保留，保留率93.3%，获得4分\",\"selfScore\":8,\"selfTarget\":\"核心员工保留率90%-95%（4分标准）\",\"updateBy\":\"105\",\"updateTime\":\"2025-12-10 17:47:26\"},{\"id\":220,\"itemId\":206,\"params\":{},\"performanceId\":1016,\"selfComment\":\"虽然建立了清晰的晋升通道，但在实际执行中部分岗位晋升节奏偏慢。下季度将加强人才盘点和发展计划落地。\",\"selfResult\":\"季度内部晋升28人，总人数320人，晋升率8.75%，获得3分\",\"selfScore\":8,\"selfTarget\":\"内部晋升率达到10%-15%（4分标准）\",\"updateBy\":\"105\",\"updateTime\":\"2025-12-10 17:47:26\"},{\"id\":222,\"itemId\":208,\"params\":{},\"performanceId\":1016,\"selfComment\":\"由于业务繁忙，部分培训安排被推迟。已调整培训计划，增加线上培训和灵活学习方式，确保培训覆盖。\",\"selfResult\":\"计划培训18场，实际完成16场，完成率88.9%，获得3分\",\"selfScore\":7,\"selfTarget\":\"培训计划完成率90%-100%（4分标准）\",\"updateBy\":\"105\",\"updateTime\":\"2025-12-10 17:47:26\"},{\"id\":223,\"itemId\":209,\"params\":{},\"performanceId\":1016,\"selfScore\":0,\"u', '{\"msg\":\"操作成功\",\"code\":200}', 0, NULL, '2025-12-10 17:47:26', 17);
INSERT INTO `sys_oper_log` VALUES (606, '绩效内容', 2, 'com.ruoyi.web.controller.perf.PerfPerformanceContentController.editBatch()', 'PUT', 1, 'xiaomei', '人事部', '/perf/content/batch', '127.0.0.1', '内网IP', '{\"contentList\":[{\"id\":214,\"itemId\":200,\"params\":{},\"performanceId\":1016,\"selfComment\":\"通过优化招聘渠道和加强雇主品牌建设，超额完成招聘目标。特别是技术岗位招聘效率显著提升，满足了业务快速发展需求。\",\"selfResult\":\"​ 计划招聘45人，实际到岗52人，完成率115.6%，获得4分\",\"selfScore\":10,\"selfTarget\":\"完成招聘目标100%-120%（4分标准）\",\"updateBy\":\"105\",\"updateTime\":\"2025-12-10 17:47:38\"},{\"id\":215,\"itemId\":201,\"params\":{},\"performanceId\":1016,\"selfComment\":\"建立了标准化的面试流程和快速决策机制，通过数字化工具提升面试安排效率。加强了人才库建设和内部推荐激励。\",\"selfResult\":\"平均招聘周期从32天缩短至24天，缩短25%，获得4分\",\"selfScore\":10,\"selfTarget\":\"招聘周期缩短20%-30%（4分标准）\",\"updateBy\":\"105\",\"updateTime\":\"2025-12-10 17:47:38\"},{\"id\":216,\"itemId\":202,\"params\":{},\"performanceId\":1016,\"selfComment\":\"优化了新员工入职引导和导师制度，建立了试用期目标管理和定期沟通机制。候选人质量把控严格，人岗匹配度较高。\",\"selfResult\":\"试用期员工52人中48人通过，通过率92.3%，获得4分\",\"selfScore\":10,\"selfTarget\":\"试用期通过率达到90%-95%（4分标准）\",\"updateBy\":\"105\",\"updateTime\":\"2025-12-10 17:47:38\"},{\"id\":218,\"itemId\":204,\"params\":{},\"performanceId\":1016,\"selfComment\":\"通过完善的职业发展通道、有竞争力的薪酬体系和良好的企业文化，员工稳定性显著提升。建立了离职预警和挽留机制。\",\"selfResult\":\"季度主动离职员工12人，总人数320人，流失率3.75%，获得5分\",\"selfScore\":9,\"selfTarget\":\"员工流失率控制在5%-8%（4分标准）\",\"updateBy\":\"105\",\"updateTime\":\"2025-12-10 17:47:38\"},{\"id\":219,\"itemId\":205,\"params\":{},\"performanceId\":1016,\"selfComment\":\"实施了核心员工激励计划，包括股权激励、专项培训和发展机会。定期与核心员工沟通职业发展需求，满意度较高。\",\"selfResult\":\"核心员工45人中42人保留，保留率93.3%，获得4分\",\"selfScore\":8,\"selfTarget\":\"核心员工保留率90%-95%（4分标准）\",\"updateBy\":\"105\",\"updateTime\":\"2025-12-10 17:47:38\"},{\"id\":220,\"itemId\":206,\"params\":{},\"performanceId\":1016,\"selfComment\":\"虽然建立了清晰的晋升通道，但在实际执行中部分岗位晋升节奏偏慢。下季度将加强人才盘点和发展计划落地。\",\"selfResult\":\"季度内部晋升28人，总人数320人，晋升率8.75%，获得3分\",\"selfScore\":8,\"selfTarget\":\"内部晋升率达到10%-15%（4分标准）\",\"updateBy\":\"105\",\"updateTime\":\"2025-12-10 17:47:38\"},{\"id\":222,\"itemId\":208,\"params\":{},\"performanceId\":1016,\"selfComment\":\"由于业务繁忙，部分培训安排被推迟。已调整培训计划，增加线上培训和灵活学习方式，确保培训覆盖。\",\"selfResult\":\"计划培训18场，实际完成16场，完成率88.9%，获得3分\",\"selfScore\":7,\"selfTarget\":\"培训计划完成率90%-100%（4分标准）\",\"updateBy\":\"105\",\"updateTime\":\"2025-12-10 17:47:38\"},{\"id\":223,\"itemId\":209,\"params\":{},\"performanceId\":1016,\"selfComment\":\"培', '{\"msg\":\"操作成功\",\"code\":200}', 0, NULL, '2025-12-10 17:47:38', 20);
INSERT INTO `sys_oper_log` VALUES (607, '绩效内容', 2, 'com.ruoyi.web.controller.perf.PerfPerformanceContentController.editBatch()', 'PUT', 1, 'xiaomei', '人事部', '/perf/content/batch', '127.0.0.1', '内网IP', '{\"contentList\":[{\"id\":214,\"itemId\":200,\"params\":{},\"performanceId\":1016,\"selfComment\":\"通过优化招聘渠道和加强雇主品牌建设，超额完成招聘目标。特别是技术岗位招聘效率显著提升，满足了业务快速发展需求。\",\"selfResult\":\"​ 计划招聘45人，实际到岗52人，完成率115.6%，获得4分\",\"selfScore\":10,\"selfTarget\":\"完成招聘目标100%-120%（4分标准）\",\"updateBy\":\"105\",\"updateTime\":\"2025-12-10 17:47:50\"},{\"id\":215,\"itemId\":201,\"params\":{},\"performanceId\":1016,\"selfComment\":\"建立了标准化的面试流程和快速决策机制，通过数字化工具提升面试安排效率。加强了人才库建设和内部推荐激励。\",\"selfResult\":\"平均招聘周期从32天缩短至24天，缩短25%，获得4分\",\"selfScore\":10,\"selfTarget\":\"招聘周期缩短20%-30%（4分标准）\",\"updateBy\":\"105\",\"updateTime\":\"2025-12-10 17:47:50\"},{\"id\":216,\"itemId\":202,\"params\":{},\"performanceId\":1016,\"selfComment\":\"优化了新员工入职引导和导师制度，建立了试用期目标管理和定期沟通机制。候选人质量把控严格，人岗匹配度较高。\",\"selfResult\":\"试用期员工52人中48人通过，通过率92.3%，获得4分\",\"selfScore\":10,\"selfTarget\":\"试用期通过率达到90%-95%（4分标准）\",\"updateBy\":\"105\",\"updateTime\":\"2025-12-10 17:47:50\"},{\"id\":218,\"itemId\":204,\"params\":{},\"performanceId\":1016,\"selfComment\":\"通过完善的职业发展通道、有竞争力的薪酬体系和良好的企业文化，员工稳定性显著提升。建立了离职预警和挽留机制。\",\"selfResult\":\"季度主动离职员工12人，总人数320人，流失率3.75%，获得5分\",\"selfScore\":9,\"selfTarget\":\"员工流失率控制在5%-8%（4分标准）\",\"updateBy\":\"105\",\"updateTime\":\"2025-12-10 17:47:50\"},{\"id\":219,\"itemId\":205,\"params\":{},\"performanceId\":1016,\"selfComment\":\"实施了核心员工激励计划，包括股权激励、专项培训和发展机会。定期与核心员工沟通职业发展需求，满意度较高。\",\"selfResult\":\"核心员工45人中42人保留，保留率93.3%，获得4分\",\"selfScore\":8,\"selfTarget\":\"核心员工保留率90%-95%（4分标准）\",\"updateBy\":\"105\",\"updateTime\":\"2025-12-10 17:47:50\"},{\"id\":220,\"itemId\":206,\"params\":{},\"performanceId\":1016,\"selfComment\":\"虽然建立了清晰的晋升通道，但在实际执行中部分岗位晋升节奏偏慢。下季度将加强人才盘点和发展计划落地。\",\"selfResult\":\"季度内部晋升28人，总人数320人，晋升率8.75%，获得3分\",\"selfScore\":8,\"selfTarget\":\"内部晋升率达到10%-15%（4分标准）\",\"updateBy\":\"105\",\"updateTime\":\"2025-12-10 17:47:50\"},{\"id\":222,\"itemId\":208,\"params\":{},\"performanceId\":1016,\"selfComment\":\"由于业务繁忙，部分培训安排被推迟。已调整培训计划，增加线上培训和灵活学习方式，确保培训覆盖。\",\"selfResult\":\"计划培训18场，实际完成16场，完成率88.9%，获得3分\",\"selfScore\":7,\"selfTarget\":\"培训计划完成率90%-100%（4分标准）\",\"updateBy\":\"105\",\"updateTime\":\"2025-12-10 17:47:50\"},{\"id\":223,\"itemId\":209,\"params\":{},\"performanceId\":1016,\"selfComment\":\"培', '{\"msg\":\"操作成功\",\"code\":200}', 0, NULL, '2025-12-10 17:47:50', 27);
INSERT INTO `sys_oper_log` VALUES (608, '绩效内容', 2, 'com.ruoyi.web.controller.perf.PerfPerformanceContentController.editBatch()', 'PUT', 1, 'xiaomei', '人事部', '/perf/content/batch', '127.0.0.1', '内网IP', '{\"contentList\":[{\"id\":214,\"itemId\":200,\"params\":{},\"performanceId\":1016,\"selfComment\":\"通过优化招聘渠道和加强雇主品牌建设，超额完成招聘目标。特别是技术岗位招聘效率显著提升，满足了业务快速发展需求。\",\"selfResult\":\"​ 计划招聘45人，实际到岗52人，完成率115.6%，获得4分\",\"selfScore\":10,\"selfTarget\":\"完成招聘目标100%-120%（4分标准）\",\"updateBy\":\"105\",\"updateTime\":\"2025-12-10 17:48:06\"},{\"id\":215,\"itemId\":201,\"params\":{},\"performanceId\":1016,\"selfComment\":\"建立了标准化的面试流程和快速决策机制，通过数字化工具提升面试安排效率。加强了人才库建设和内部推荐激励。\",\"selfResult\":\"平均招聘周期从32天缩短至24天，缩短25%，获得4分\",\"selfScore\":10,\"selfTarget\":\"招聘周期缩短20%-30%（4分标准）\",\"updateBy\":\"105\",\"updateTime\":\"2025-12-10 17:48:06\"},{\"id\":216,\"itemId\":202,\"params\":{},\"performanceId\":1016,\"selfComment\":\"优化了新员工入职引导和导师制度，建立了试用期目标管理和定期沟通机制。候选人质量把控严格，人岗匹配度较高。\",\"selfResult\":\"试用期员工52人中48人通过，通过率92.3%，获得4分\",\"selfScore\":10,\"selfTarget\":\"试用期通过率达到90%-95%（4分标准）\",\"updateBy\":\"105\",\"updateTime\":\"2025-12-10 17:48:06\"},{\"id\":218,\"itemId\":204,\"params\":{},\"performanceId\":1016,\"selfComment\":\"通过完善的职业发展通道、有竞争力的薪酬体系和良好的企业文化，员工稳定性显著提升。建立了离职预警和挽留机制。\",\"selfResult\":\"季度主动离职员工12人，总人数320人，流失率3.75%，获得5分\",\"selfScore\":9,\"selfTarget\":\"员工流失率控制在5%-8%（4分标准）\",\"updateBy\":\"105\",\"updateTime\":\"2025-12-10 17:48:06\"},{\"id\":219,\"itemId\":205,\"params\":{},\"performanceId\":1016,\"selfComment\":\"实施了核心员工激励计划，包括股权激励、专项培训和发展机会。定期与核心员工沟通职业发展需求，满意度较高。\",\"selfResult\":\"核心员工45人中42人保留，保留率93.3%，获得4分\",\"selfScore\":8,\"selfTarget\":\"核心员工保留率90%-95%（4分标准）\",\"updateBy\":\"105\",\"updateTime\":\"2025-12-10 17:48:06\"},{\"id\":220,\"itemId\":206,\"params\":{},\"performanceId\":1016,\"selfComment\":\"虽然建立了清晰的晋升通道，但在实际执行中部分岗位晋升节奏偏慢。下季度将加强人才盘点和发展计划落地。\",\"selfResult\":\"季度内部晋升28人，总人数320人，晋升率8.75%，获得3分\",\"selfScore\":8,\"selfTarget\":\"内部晋升率达到10%-15%（4分标准）\",\"updateBy\":\"105\",\"updateTime\":\"2025-12-10 17:48:06\"},{\"id\":222,\"itemId\":208,\"params\":{},\"performanceId\":1016,\"selfComment\":\"由于业务繁忙，部分培训安排被推迟。已调整培训计划，增加线上培训和灵活学习方式，确保培训覆盖。\",\"selfResult\":\"计划培训18场，实际完成16场，完成率88.9%，获得3分\",\"selfScore\":7,\"selfTarget\":\"培训计划完成率90%-100%（4分标准）\",\"updateBy\":\"105\",\"updateTime\":\"2025-12-10 17:48:06\"},{\"id\":223,\"itemId\":209,\"params\":{},\"performanceId\":1016,\"selfComment\":\"培', '{\"msg\":\"操作成功\",\"code\":200}', 0, NULL, '2025-12-10 17:48:06', 23);
INSERT INTO `sys_oper_log` VALUES (609, '绩效内容', 2, 'com.ruoyi.web.controller.perf.PerfPerformanceContentController.editBatch()', 'PUT', 1, 'xiaomei', '人事部', '/perf/content/batch', '127.0.0.1', '内网IP', '{\"contentList\":[{\"id\":214,\"itemId\":200,\"params\":{},\"performanceId\":1016,\"selfComment\":\"通过优化招聘渠道和加强雇主品牌建设，超额完成招聘目标。特别是技术岗位招聘效率显著提升，满足了业务快速发展需求。\",\"selfResult\":\"​ 计划招聘45人，实际到岗52人，完成率115.6%，获得4分\",\"selfScore\":10,\"selfTarget\":\"完成招聘目标100%-120%（4分标准）\",\"updateBy\":\"105\",\"updateTime\":\"2025-12-10 17:48:19\"},{\"id\":215,\"itemId\":201,\"params\":{},\"performanceId\":1016,\"selfComment\":\"建立了标准化的面试流程和快速决策机制，通过数字化工具提升面试安排效率。加强了人才库建设和内部推荐激励。\",\"selfResult\":\"平均招聘周期从32天缩短至24天，缩短25%，获得4分\",\"selfScore\":10,\"selfTarget\":\"招聘周期缩短20%-30%（4分标准）\",\"updateBy\":\"105\",\"updateTime\":\"2025-12-10 17:48:19\"},{\"id\":216,\"itemId\":202,\"params\":{},\"performanceId\":1016,\"selfComment\":\"优化了新员工入职引导和导师制度，建立了试用期目标管理和定期沟通机制。候选人质量把控严格，人岗匹配度较高。\",\"selfResult\":\"试用期员工52人中48人通过，通过率92.3%，获得4分\",\"selfScore\":10,\"selfTarget\":\"试用期通过率达到90%-95%（4分标准）\",\"updateBy\":\"105\",\"updateTime\":\"2025-12-10 17:48:19\"},{\"id\":218,\"itemId\":204,\"params\":{},\"performanceId\":1016,\"selfComment\":\"通过完善的职业发展通道、有竞争力的薪酬体系和良好的企业文化，员工稳定性显著提升。建立了离职预警和挽留机制。\",\"selfResult\":\"季度主动离职员工12人，总人数320人，流失率3.75%，获得5分\",\"selfScore\":9,\"selfTarget\":\"员工流失率控制在5%-8%（4分标准）\",\"updateBy\":\"105\",\"updateTime\":\"2025-12-10 17:48:19\"},{\"id\":219,\"itemId\":205,\"params\":{},\"performanceId\":1016,\"selfComment\":\"实施了核心员工激励计划，包括股权激励、专项培训和发展机会。定期与核心员工沟通职业发展需求，满意度较高。\",\"selfResult\":\"核心员工45人中42人保留，保留率93.3%，获得4分\",\"selfScore\":8,\"selfTarget\":\"核心员工保留率90%-95%（4分标准）\",\"updateBy\":\"105\",\"updateTime\":\"2025-12-10 17:48:19\"},{\"id\":220,\"itemId\":206,\"params\":{},\"performanceId\":1016,\"selfComment\":\"虽然建立了清晰的晋升通道，但在实际执行中部分岗位晋升节奏偏慢。下季度将加强人才盘点和发展计划落地。\",\"selfResult\":\"季度内部晋升28人，总人数320人，晋升率8.75%，获得3分\",\"selfScore\":8,\"selfTarget\":\"内部晋升率达到10%-15%（4分标准）\",\"updateBy\":\"105\",\"updateTime\":\"2025-12-10 17:48:19\"},{\"id\":222,\"itemId\":208,\"params\":{},\"performanceId\":1016,\"selfComment\":\"由于业务繁忙，部分培训安排被推迟。已调整培训计划，增加线上培训和灵活学习方式，确保培训覆盖。\",\"selfResult\":\"计划培训18场，实际完成16场，完成率88.9%，获得3分\",\"selfScore\":7,\"selfTarget\":\"培训计划完成率90%-100%（4分标准）\",\"updateBy\":\"105\",\"updateTime\":\"2025-12-10 17:48:19\"},{\"id\":223,\"itemId\":209,\"params\":{},\"performanceId\":1016,\"selfComment\":\"培', '{\"msg\":\"操作成功\",\"code\":200}', 0, NULL, '2025-12-10 17:48:19', 21);
INSERT INTO `sys_oper_log` VALUES (610, '绩效内容', 2, 'com.ruoyi.web.controller.perf.PerfPerformanceContentController.editBatch()', 'PUT', 1, 'xiaomei', '人事部', '/perf/content/batch', '127.0.0.1', '内网IP', '{\"contentList\":[{\"id\":214,\"itemId\":200,\"params\":{},\"performanceId\":1016,\"selfComment\":\"通过优化招聘渠道和加强雇主品牌建设，超额完成招聘目标。特别是技术岗位招聘效率显著提升，满足了业务快速发展需求。\",\"selfResult\":\"​ 计划招聘45人，实际到岗52人，完成率115.6%，获得4分\",\"selfScore\":10,\"selfTarget\":\"完成招聘目标100%-120%（4分标准）\",\"updateBy\":\"105\",\"updateTime\":\"2025-12-10 17:48:29\"},{\"id\":215,\"itemId\":201,\"params\":{},\"performanceId\":1016,\"selfComment\":\"建立了标准化的面试流程和快速决策机制，通过数字化工具提升面试安排效率。加强了人才库建设和内部推荐激励。\",\"selfResult\":\"平均招聘周期从32天缩短至24天，缩短25%，获得4分\",\"selfScore\":10,\"selfTarget\":\"招聘周期缩短20%-30%（4分标准）\",\"updateBy\":\"105\",\"updateTime\":\"2025-12-10 17:48:29\"},{\"id\":216,\"itemId\":202,\"params\":{},\"performanceId\":1016,\"selfComment\":\"优化了新员工入职引导和导师制度，建立了试用期目标管理和定期沟通机制。候选人质量把控严格，人岗匹配度较高。\",\"selfResult\":\"试用期员工52人中48人通过，通过率92.3%，获得4分\",\"selfScore\":10,\"selfTarget\":\"试用期通过率达到90%-95%（4分标准）\",\"updateBy\":\"105\",\"updateTime\":\"2025-12-10 17:48:29\"},{\"id\":218,\"itemId\":204,\"params\":{},\"performanceId\":1016,\"selfComment\":\"通过完善的职业发展通道、有竞争力的薪酬体系和良好的企业文化，员工稳定性显著提升。建立了离职预警和挽留机制。\",\"selfResult\":\"季度主动离职员工12人，总人数320人，流失率3.75%，获得5分\",\"selfScore\":9,\"selfTarget\":\"员工流失率控制在5%-8%（4分标准）\",\"updateBy\":\"105\",\"updateTime\":\"2025-12-10 17:48:29\"},{\"id\":219,\"itemId\":205,\"params\":{},\"performanceId\":1016,\"selfComment\":\"实施了核心员工激励计划，包括股权激励、专项培训和发展机会。定期与核心员工沟通职业发展需求，满意度较高。\",\"selfResult\":\"核心员工45人中42人保留，保留率93.3%，获得4分\",\"selfScore\":8,\"selfTarget\":\"核心员工保留率90%-95%（4分标准）\",\"updateBy\":\"105\",\"updateTime\":\"2025-12-10 17:48:29\"},{\"id\":220,\"itemId\":206,\"params\":{},\"performanceId\":1016,\"selfComment\":\"虽然建立了清晰的晋升通道，但在实际执行中部分岗位晋升节奏偏慢。下季度将加强人才盘点和发展计划落地。\",\"selfResult\":\"季度内部晋升28人，总人数320人，晋升率8.75%，获得3分\",\"selfScore\":8,\"selfTarget\":\"内部晋升率达到10%-15%（4分标准）\",\"updateBy\":\"105\",\"updateTime\":\"2025-12-10 17:48:29\"},{\"id\":222,\"itemId\":208,\"params\":{},\"performanceId\":1016,\"selfComment\":\"由于业务繁忙，部分培训安排被推迟。已调整培训计划，增加线上培训和灵活学习方式，确保培训覆盖。\",\"selfResult\":\"计划培训18场，实际完成16场，完成率88.9%，获得3分\",\"selfScore\":7,\"selfTarget\":\"培训计划完成率90%-100%（4分标准）\",\"updateBy\":\"105\",\"updateTime\":\"2025-12-10 17:48:29\"},{\"id\":223,\"itemId\":209,\"params\":{},\"performanceId\":1016,\"selfComment\":\"培', '{\"msg\":\"操作成功\",\"code\":200}', 0, NULL, '2025-12-10 17:48:29', 21);
INSERT INTO `sys_oper_log` VALUES (611, '绩效内容', 2, 'com.ruoyi.web.controller.perf.PerfPerformanceContentController.editBatch()', 'PUT', 1, 'xiaomei', '人事部', '/perf/content/batch', '127.0.0.1', '内网IP', '{\"contentList\":[{\"id\":214,\"itemId\":200,\"params\":{},\"performanceId\":1016,\"selfComment\":\"通过优化招聘渠道和加强雇主品牌建设，超额完成招聘目标。特别是技术岗位招聘效率显著提升，满足了业务快速发展需求。\",\"selfResult\":\"​ 计划招聘45人，实际到岗52人，完成率115.6%，获得4分\",\"selfScore\":10,\"selfTarget\":\"完成招聘目标100%-120%（4分标准）\",\"updateBy\":\"105\",\"updateTime\":\"2025-12-10 17:48:41\"},{\"id\":215,\"itemId\":201,\"params\":{},\"performanceId\":1016,\"selfComment\":\"建立了标准化的面试流程和快速决策机制，通过数字化工具提升面试安排效率。加强了人才库建设和内部推荐激励。\",\"selfResult\":\"平均招聘周期从32天缩短至24天，缩短25%，获得4分\",\"selfScore\":10,\"selfTarget\":\"招聘周期缩短20%-30%（4分标准）\",\"updateBy\":\"105\",\"updateTime\":\"2025-12-10 17:48:41\"},{\"id\":216,\"itemId\":202,\"params\":{},\"performanceId\":1016,\"selfComment\":\"优化了新员工入职引导和导师制度，建立了试用期目标管理和定期沟通机制。候选人质量把控严格，人岗匹配度较高。\",\"selfResult\":\"试用期员工52人中48人通过，通过率92.3%，获得4分\",\"selfScore\":10,\"selfTarget\":\"试用期通过率达到90%-95%（4分标准）\",\"updateBy\":\"105\",\"updateTime\":\"2025-12-10 17:48:41\"},{\"id\":218,\"itemId\":204,\"params\":{},\"performanceId\":1016,\"selfComment\":\"通过完善的职业发展通道、有竞争力的薪酬体系和良好的企业文化，员工稳定性显著提升。建立了离职预警和挽留机制。\",\"selfResult\":\"季度主动离职员工12人，总人数320人，流失率3.75%，获得5分\",\"selfScore\":9,\"selfTarget\":\"员工流失率控制在5%-8%（4分标准）\",\"updateBy\":\"105\",\"updateTime\":\"2025-12-10 17:48:41\"},{\"id\":219,\"itemId\":205,\"params\":{},\"performanceId\":1016,\"selfComment\":\"实施了核心员工激励计划，包括股权激励、专项培训和发展机会。定期与核心员工沟通职业发展需求，满意度较高。\",\"selfResult\":\"核心员工45人中42人保留，保留率93.3%，获得4分\",\"selfScore\":8,\"selfTarget\":\"核心员工保留率90%-95%（4分标准）\",\"updateBy\":\"105\",\"updateTime\":\"2025-12-10 17:48:41\"},{\"id\":220,\"itemId\":206,\"params\":{},\"performanceId\":1016,\"selfComment\":\"虽然建立了清晰的晋升通道，但在实际执行中部分岗位晋升节奏偏慢。下季度将加强人才盘点和发展计划落地。\",\"selfResult\":\"季度内部晋升28人，总人数320人，晋升率8.75%，获得3分\",\"selfScore\":8,\"selfTarget\":\"内部晋升率达到10%-15%（4分标准）\",\"updateBy\":\"105\",\"updateTime\":\"2025-12-10 17:48:41\"},{\"id\":222,\"itemId\":208,\"params\":{},\"performanceId\":1016,\"selfComment\":\"由于业务繁忙，部分培训安排被推迟。已调整培训计划，增加线上培训和灵活学习方式，确保培训覆盖。\",\"selfResult\":\"计划培训18场，实际完成16场，完成率88.9%，获得3分\",\"selfScore\":7,\"selfTarget\":\"培训计划完成率90%-100%（4分标准）\",\"updateBy\":\"105\",\"updateTime\":\"2025-12-10 17:48:41\"},{\"id\":223,\"itemId\":209,\"params\":{},\"performanceId\":1016,\"selfComment\":\"培', '{\"msg\":\"操作成功\",\"code\":200}', 0, NULL, '2025-12-10 17:48:42', 24);
INSERT INTO `sys_oper_log` VALUES (612, '绩效内容', 2, 'com.ruoyi.web.controller.perf.PerfPerformanceContentController.editBatch()', 'PUT', 1, 'xiaomei', '人事部', '/perf/content/batch', '127.0.0.1', '内网IP', '{\"contentList\":[{\"id\":214,\"itemId\":200,\"params\":{},\"performanceId\":1016,\"selfComment\":\"通过优化招聘渠道和加强雇主品牌建设，超额完成招聘目标。特别是技术岗位招聘效率显著提升，满足了业务快速发展需求。\",\"selfResult\":\"​ 计划招聘45人，实际到岗52人，完成率115.6%，获得4分\",\"selfScore\":10,\"selfTarget\":\"完成招聘目标100%-120%（4分标准）\",\"updateBy\":\"105\",\"updateTime\":\"2025-12-10 17:48:52\"},{\"id\":215,\"itemId\":201,\"params\":{},\"performanceId\":1016,\"selfComment\":\"建立了标准化的面试流程和快速决策机制，通过数字化工具提升面试安排效率。加强了人才库建设和内部推荐激励。\",\"selfResult\":\"平均招聘周期从32天缩短至24天，缩短25%，获得4分\",\"selfScore\":10,\"selfTarget\":\"招聘周期缩短20%-30%（4分标准）\",\"updateBy\":\"105\",\"updateTime\":\"2025-12-10 17:48:52\"},{\"id\":216,\"itemId\":202,\"params\":{},\"performanceId\":1016,\"selfComment\":\"优化了新员工入职引导和导师制度，建立了试用期目标管理和定期沟通机制。候选人质量把控严格，人岗匹配度较高。\",\"selfResult\":\"试用期员工52人中48人通过，通过率92.3%，获得4分\",\"selfScore\":10,\"selfTarget\":\"试用期通过率达到90%-95%（4分标准）\",\"updateBy\":\"105\",\"updateTime\":\"2025-12-10 17:48:52\"},{\"id\":218,\"itemId\":204,\"params\":{},\"performanceId\":1016,\"selfComment\":\"通过完善的职业发展通道、有竞争力的薪酬体系和良好的企业文化，员工稳定性显著提升。建立了离职预警和挽留机制。\",\"selfResult\":\"季度主动离职员工12人，总人数320人，流失率3.75%，获得5分\",\"selfScore\":9,\"selfTarget\":\"员工流失率控制在5%-8%（4分标准）\",\"updateBy\":\"105\",\"updateTime\":\"2025-12-10 17:48:52\"},{\"id\":219,\"itemId\":205,\"params\":{},\"performanceId\":1016,\"selfComment\":\"实施了核心员工激励计划，包括股权激励、专项培训和发展机会。定期与核心员工沟通职业发展需求，满意度较高。\",\"selfResult\":\"核心员工45人中42人保留，保留率93.3%，获得4分\",\"selfScore\":8,\"selfTarget\":\"核心员工保留率90%-95%（4分标准）\",\"updateBy\":\"105\",\"updateTime\":\"2025-12-10 17:48:52\"},{\"id\":220,\"itemId\":206,\"params\":{},\"performanceId\":1016,\"selfComment\":\"虽然建立了清晰的晋升通道，但在实际执行中部分岗位晋升节奏偏慢。下季度将加强人才盘点和发展计划落地。\",\"selfResult\":\"季度内部晋升28人，总人数320人，晋升率8.75%，获得3分\",\"selfScore\":8,\"selfTarget\":\"内部晋升率达到10%-15%（4分标准）\",\"updateBy\":\"105\",\"updateTime\":\"2025-12-10 17:48:52\"},{\"id\":222,\"itemId\":208,\"params\":{},\"performanceId\":1016,\"selfComment\":\"由于业务繁忙，部分培训安排被推迟。已调整培训计划，增加线上培训和灵活学习方式，确保培训覆盖。\",\"selfResult\":\"计划培训18场，实际完成16场，完成率88.9%，获得3分\",\"selfScore\":7,\"selfTarget\":\"培训计划完成率90%-100%（4分标准）\",\"updateBy\":\"105\",\"updateTime\":\"2025-12-10 17:48:52\"},{\"id\":223,\"itemId\":209,\"params\":{},\"performanceId\":1016,\"selfComment\":\"培', '{\"msg\":\"操作成功\",\"code\":200}', 0, NULL, '2025-12-10 17:48:52', 19);
INSERT INTO `sys_oper_log` VALUES (613, '绩效内容', 2, 'com.ruoyi.web.controller.perf.PerfPerformanceContentController.editBatch()', 'PUT', 1, 'xiaomei', '人事部', '/perf/content/batch', '127.0.0.1', '内网IP', '{\"contentList\":[{\"id\":214,\"itemId\":200,\"params\":{},\"performanceId\":1016,\"selfComment\":\"通过优化招聘渠道和加强雇主品牌建设，超额完成招聘目标。特别是技术岗位招聘效率显著提升，满足了业务快速发展需求。\",\"selfResult\":\"​ 计划招聘45人，实际到岗52人，完成率115.6%，获得4分\",\"selfScore\":10,\"selfTarget\":\"完成招聘目标100%-120%（4分标准）\",\"updateBy\":\"105\",\"updateTime\":\"2025-12-10 17:49:03\"},{\"id\":215,\"itemId\":201,\"params\":{},\"performanceId\":1016,\"selfComment\":\"建立了标准化的面试流程和快速决策机制，通过数字化工具提升面试安排效率。加强了人才库建设和内部推荐激励。\",\"selfResult\":\"平均招聘周期从32天缩短至24天，缩短25%，获得4分\",\"selfScore\":10,\"selfTarget\":\"招聘周期缩短20%-30%（4分标准）\",\"updateBy\":\"105\",\"updateTime\":\"2025-12-10 17:49:03\"},{\"id\":216,\"itemId\":202,\"params\":{},\"performanceId\":1016,\"selfComment\":\"优化了新员工入职引导和导师制度，建立了试用期目标管理和定期沟通机制。候选人质量把控严格，人岗匹配度较高。\",\"selfResult\":\"试用期员工52人中48人通过，通过率92.3%，获得4分\",\"selfScore\":10,\"selfTarget\":\"试用期通过率达到90%-95%（4分标准）\",\"updateBy\":\"105\",\"updateTime\":\"2025-12-10 17:49:03\"},{\"id\":218,\"itemId\":204,\"params\":{},\"performanceId\":1016,\"selfComment\":\"通过完善的职业发展通道、有竞争力的薪酬体系和良好的企业文化，员工稳定性显著提升。建立了离职预警和挽留机制。\",\"selfResult\":\"季度主动离职员工12人，总人数320人，流失率3.75%，获得5分\",\"selfScore\":9,\"selfTarget\":\"员工流失率控制在5%-8%（4分标准）\",\"updateBy\":\"105\",\"updateTime\":\"2025-12-10 17:49:03\"},{\"id\":219,\"itemId\":205,\"params\":{},\"performanceId\":1016,\"selfComment\":\"实施了核心员工激励计划，包括股权激励、专项培训和发展机会。定期与核心员工沟通职业发展需求，满意度较高。\",\"selfResult\":\"核心员工45人中42人保留，保留率93.3%，获得4分\",\"selfScore\":8,\"selfTarget\":\"核心员工保留率90%-95%（4分标准）\",\"updateBy\":\"105\",\"updateTime\":\"2025-12-10 17:49:03\"},{\"id\":220,\"itemId\":206,\"params\":{},\"performanceId\":1016,\"selfComment\":\"虽然建立了清晰的晋升通道，但在实际执行中部分岗位晋升节奏偏慢。下季度将加强人才盘点和发展计划落地。\",\"selfResult\":\"季度内部晋升28人，总人数320人，晋升率8.75%，获得3分\",\"selfScore\":8,\"selfTarget\":\"内部晋升率达到10%-15%（4分标准）\",\"updateBy\":\"105\",\"updateTime\":\"2025-12-10 17:49:03\"},{\"id\":222,\"itemId\":208,\"params\":{},\"performanceId\":1016,\"selfComment\":\"由于业务繁忙，部分培训安排被推迟。已调整培训计划，增加线上培训和灵活学习方式，确保培训覆盖。\",\"selfResult\":\"计划培训18场，实际完成16场，完成率88.9%，获得3分\",\"selfScore\":7,\"selfTarget\":\"培训计划完成率90%-100%（4分标准）\",\"updateBy\":\"105\",\"updateTime\":\"2025-12-10 17:49:03\"},{\"id\":223,\"itemId\":209,\"params\":{},\"performanceId\":1016,\"selfComment\":\"培', '{\"msg\":\"操作成功\",\"code\":200}', 0, NULL, '2025-12-10 17:49:03', 16);
INSERT INTO `sys_oper_log` VALUES (614, '绩效内容', 2, 'com.ruoyi.web.controller.perf.PerfPerformanceContentController.editBatch()', 'PUT', 1, 'xiaomei', '人事部', '/perf/content/batch', '127.0.0.1', '内网IP', '{\"contentList\":[{\"id\":214,\"itemId\":200,\"params\":{},\"performanceId\":1016,\"selfComment\":\"通过优化招聘渠道和加强雇主品牌建设，超额完成招聘目标。特别是技术岗位招聘效率显著提升，满足了业务快速发展需求。\",\"selfResult\":\"​ 计划招聘45人，实际到岗52人，完成率115.6%，获得4分\",\"selfScore\":10,\"selfTarget\":\"完成招聘目标100%-120%（4分标准）\",\"updateBy\":\"105\",\"updateTime\":\"2025-12-10 17:49:21\"},{\"id\":215,\"itemId\":201,\"params\":{},\"performanceId\":1016,\"selfComment\":\"建立了标准化的面试流程和快速决策机制，通过数字化工具提升面试安排效率。加强了人才库建设和内部推荐激励。\",\"selfResult\":\"平均招聘周期从32天缩短至24天，缩短25%，获得4分\",\"selfScore\":10,\"selfTarget\":\"招聘周期缩短20%-30%（4分标准）\",\"updateBy\":\"105\",\"updateTime\":\"2025-12-10 17:49:21\"},{\"id\":216,\"itemId\":202,\"params\":{},\"performanceId\":1016,\"selfComment\":\"优化了新员工入职引导和导师制度，建立了试用期目标管理和定期沟通机制。候选人质量把控严格，人岗匹配度较高。\",\"selfResult\":\"试用期员工52人中48人通过，通过率92.3%，获得4分\",\"selfScore\":10,\"selfTarget\":\"试用期通过率达到90%-95%（4分标准）\",\"updateBy\":\"105\",\"updateTime\":\"2025-12-10 17:49:21\"},{\"id\":218,\"itemId\":204,\"params\":{},\"performanceId\":1016,\"selfComment\":\"通过完善的职业发展通道、有竞争力的薪酬体系和良好的企业文化，员工稳定性显著提升。建立了离职预警和挽留机制。\",\"selfResult\":\"季度主动离职员工12人，总人数320人，流失率3.75%，获得5分\",\"selfScore\":9,\"selfTarget\":\"员工流失率控制在5%-8%（4分标准）\",\"updateBy\":\"105\",\"updateTime\":\"2025-12-10 17:49:21\"},{\"id\":219,\"itemId\":205,\"params\":{},\"performanceId\":1016,\"selfComment\":\"实施了核心员工激励计划，包括股权激励、专项培训和发展机会。定期与核心员工沟通职业发展需求，满意度较高。\",\"selfResult\":\"核心员工45人中42人保留，保留率93.3%，获得4分\",\"selfScore\":8,\"selfTarget\":\"核心员工保留率90%-95%（4分标准）\",\"updateBy\":\"105\",\"updateTime\":\"2025-12-10 17:49:21\"},{\"id\":220,\"itemId\":206,\"params\":{},\"performanceId\":1016,\"selfComment\":\"虽然建立了清晰的晋升通道，但在实际执行中部分岗位晋升节奏偏慢。下季度将加强人才盘点和发展计划落地。\",\"selfResult\":\"季度内部晋升28人，总人数320人，晋升率8.75%，获得3分\",\"selfScore\":8,\"selfTarget\":\"内部晋升率达到10%-15%（4分标准）\",\"updateBy\":\"105\",\"updateTime\":\"2025-12-10 17:49:21\"},{\"id\":222,\"itemId\":208,\"params\":{},\"performanceId\":1016,\"selfComment\":\"由于业务繁忙，部分培训安排被推迟。已调整培训计划，增加线上培训和灵活学习方式，确保培训覆盖。\",\"selfResult\":\"计划培训18场，实际完成16场，完成率88.9%，获得3分\",\"selfScore\":7,\"selfTarget\":\"培训计划完成率90%-100%（4分标准）\",\"updateBy\":\"105\",\"updateTime\":\"2025-12-10 17:49:21\"},{\"id\":223,\"itemId\":209,\"params\":{},\"performanceId\":1016,\"selfComment\":\"培', '{\"msg\":\"操作成功\",\"code\":200}', 0, NULL, '2025-12-10 17:49:21', 58);
INSERT INTO `sys_oper_log` VALUES (615, '绩效指标评分', 2, 'com.ruoyi.web.controller.perf.PerfPerformanceContentScoreController.submitScoreBatch()', 'PUT', 1, 'admin', 'IT部', '/perf/score/submitScoreBatch', '127.0.0.1', '内网IP', '[{\"id\":102,\"remark\":\"非常不错\",\"score\":15},{\"id\":104},{\"id\":106},{\"id\":108},{\"id\":110},{\"id\":112},{\"id\":114},{\"id\":116},{\"id\":118}]', NULL, 1, '提交数据分数不能为空', '2025-12-10 17:51:00', 13);
INSERT INTO `sys_oper_log` VALUES (616, '绩效指标评分', 2, 'com.ruoyi.web.controller.perf.PerfPerformanceContentScoreController.submitScoreBatch()', 'PUT', 1, 'admin', 'IT部', '/perf/score/submitScoreBatch', '127.0.0.1', '内网IP', '[{\"id\":102,\"remark\":\"非常不错\",\"score\":15},{\"id\":104,\"remark\":\"继续加油\",\"score\":10},{\"id\":106,\"remark\":\"非常不错\",\"score\":15},{\"id\":108,\"score\":12},{\"id\":110,\"remark\":\"很棒\",\"score\":12},{\"id\":112,\"score\":11},{\"id\":114,\"score\":8},{\"id\":116,\"score\":9},{\"id\":118,\"score\":8}]', '{\"msg\":\"操作成功\",\"code\":200}', 0, NULL, '2025-12-10 17:51:43', 24);
INSERT INTO `sys_oper_log` VALUES (617, '用户管理', 2, 'com.ruoyi.web.controller.system.SysUserController.resetPwd()', 'PUT', 1, 'admin', 'IT部', '/system/user/resetPwd', '127.0.0.1', '内网IP', '{\"admin\":false,\"params\":{},\"updateBy\":\"admin\",\"userId\":2}', '{\"msg\":\"操作成功\",\"code\":200}', 0, NULL, '2025-12-10 18:01:46', 94);
INSERT INTO `sys_oper_log` VALUES (618, '绩效指标评分', 2, 'com.ruoyi.web.controller.perf.PerfPerformanceContentScoreController.submitScoreBatch()', 'PUT', 1, 'dgls', '采购部', '/perf/score/submitScoreBatch', '127.0.0.1', '内网IP', '[{\"id\":101,\"remark\":\"大佬厉害\",\"score\":15},{\"id\":103,\"score\":10},{\"id\":105,\"score\":15},{\"id\":107,\"remark\":\"大佬厉害\",\"score\":12},{\"id\":109,\"score\":12},{\"id\":111,\"remark\":\"大佬厉害\",\"score\":11},{\"id\":113,\"remark\":\"继续加油\",\"score\":7},{\"id\":115,\"score\":9},{\"id\":117,\"score\":8}]', '{\"msg\":\"操作成功\",\"code\":200}', 0, NULL, '2025-12-10 18:02:58', 46);
INSERT INTO `sys_oper_log` VALUES (619, '绩效审核', 2, 'com.ruoyi.web.controller.perf.PerfPerformanceController.auditPerfPerformance()', 'PUT', 1, 'admin', 'IT部', '/perf/performance/auditPerformance', '127.0.0.1', '内网IP', '{\"id\":1015,\"status\":\"CONFIRMED\"}', '{\"msg\":\"操作成功\",\"code\":200}', 0, NULL, '2025-12-10 18:03:32', 10);

-- ----------------------------
-- Table structure for sys_post
-- ----------------------------
DROP TABLE IF EXISTS `sys_post`;
CREATE TABLE `sys_post`  (
  `post_id` bigint(20) NOT NULL AUTO_INCREMENT COMMENT '岗位ID',
  `post_code` varchar(64) CHARACTER SET utf8mb4 COLLATE utf8mb4_unicode_ci NOT NULL COMMENT '岗位编码',
  `post_name` varchar(50) CHARACTER SET utf8mb4 COLLATE utf8mb4_unicode_ci NOT NULL COMMENT '岗位名称',
  `post_sort` int(4) NOT NULL COMMENT '显示顺序',
  `status` char(1) CHARACTER SET utf8mb4 COLLATE utf8mb4_unicode_ci NOT NULL COMMENT '状态（0正常 1停用）',
  `create_by` varchar(64) CHARACTER SET utf8mb4 COLLATE utf8mb4_unicode_ci NULL DEFAULT '' COMMENT '创建者',
  `create_time` datetime NULL DEFAULT NULL COMMENT '创建时间',
  `update_by` varchar(64) CHARACTER SET utf8mb4 COLLATE utf8mb4_unicode_ci NULL DEFAULT '' COMMENT '更新者',
  `update_time` datetime NULL DEFAULT NULL COMMENT '更新时间',
  `remark` varchar(500) CHARACTER SET utf8mb4 COLLATE utf8mb4_unicode_ci NULL DEFAULT NULL COMMENT '备注',
  PRIMARY KEY (`post_id`) USING BTREE
) ENGINE = InnoDB AUTO_INCREMENT = 6 CHARACTER SET = utf8mb4 COLLATE = utf8mb4_unicode_ci COMMENT = '岗位信息表' ROW_FORMAT = Dynamic;

-- ----------------------------
-- Records of sys_post
-- ----------------------------
INSERT INTO `sys_post` VALUES (1, 'ceo', '董事长', 1, '0', 'admin', '2025-11-20 13:58:13', '', NULL, '');
INSERT INTO `sys_post` VALUES (2, 'it', '软件工程师', 2, '0', 'admin', '2025-11-20 13:58:13', 'admin', '2025-12-01 17:21:33', '');
INSERT INTO `sys_post` VALUES (3, 'hr', '人力资源', 3, '0', 'admin', '2025-11-20 13:58:13', '', NULL, '');
INSERT INTO `sys_post` VALUES (4, 'user', '普通员工', 4, '0', 'admin', '2025-11-20 13:58:13', '', NULL, '');
INSERT INTO `sys_post` VALUES (5, 'op', '运营', 5, '0', 'admin', '2025-12-01 17:22:00', 'admin', '2025-12-01 17:22:12', NULL);

-- ----------------------------
-- Table structure for sys_role
-- ----------------------------
DROP TABLE IF EXISTS `sys_role`;
CREATE TABLE `sys_role`  (
  `role_id` bigint(20) NOT NULL AUTO_INCREMENT COMMENT '角色ID',
  `role_name` varchar(30) CHARACTER SET utf8mb4 COLLATE utf8mb4_unicode_ci NOT NULL COMMENT '角色名称',
  `role_key` varchar(100) CHARACTER SET utf8mb4 COLLATE utf8mb4_unicode_ci NOT NULL COMMENT '角色权限字符串',
  `role_sort` int(4) NOT NULL COMMENT '显示顺序',
  `data_scope` char(1) CHARACTER SET utf8mb4 COLLATE utf8mb4_unicode_ci NULL DEFAULT '1' COMMENT '数据范围（1：全部数据权限 2：自定数据权限 3：本部门数据权限 4：本部门及以下数据权限）',
  `menu_check_strictly` tinyint(1) NULL DEFAULT 1 COMMENT '菜单树选择项是否关联显示',
  `dept_check_strictly` tinyint(1) NULL DEFAULT 1 COMMENT '部门树选择项是否关联显示',
  `status` char(1) CHARACTER SET utf8mb4 COLLATE utf8mb4_unicode_ci NOT NULL COMMENT '角色状态（0正常 1停用）',
  `del_flag` char(1) CHARACTER SET utf8mb4 COLLATE utf8mb4_unicode_ci NULL DEFAULT '0' COMMENT '删除标志（0代表存在 2代表删除）',
  `create_by` varchar(64) CHARACTER SET utf8mb4 COLLATE utf8mb4_unicode_ci NULL DEFAULT '' COMMENT '创建者',
  `create_time` datetime NULL DEFAULT NULL COMMENT '创建时间',
  `update_by` varchar(64) CHARACTER SET utf8mb4 COLLATE utf8mb4_unicode_ci NULL DEFAULT '' COMMENT '更新者',
  `update_time` datetime NULL DEFAULT NULL COMMENT '更新时间',
  `remark` varchar(500) CHARACTER SET utf8mb4 COLLATE utf8mb4_unicode_ci NULL DEFAULT NULL COMMENT '备注',
  PRIMARY KEY (`role_id`) USING BTREE
) ENGINE = InnoDB AUTO_INCREMENT = 3 CHARACTER SET = utf8mb4 COLLATE = utf8mb4_unicode_ci COMMENT = '角色信息表' ROW_FORMAT = Dynamic;

-- ----------------------------
-- Records of sys_role
-- ----------------------------
INSERT INTO `sys_role` VALUES (1, '超级管理员', 'admin', 1, '1', 1, 1, '0', '0', 'admin', '2025-11-20 13:58:14', '', NULL, '超级管理员');
INSERT INTO `sys_role` VALUES (2, '普通角色', 'common', 2, '2', 1, 1, '0', '0', 'admin', '2025-11-20 13:58:14', 'admin', '2025-12-03 16:20:37', '普通角色');

-- ----------------------------
-- Table structure for sys_role_dept
-- ----------------------------
DROP TABLE IF EXISTS `sys_role_dept`;
CREATE TABLE `sys_role_dept`  (
  `role_id` bigint(20) NOT NULL COMMENT '角色ID',
  `dept_id` bigint(20) NOT NULL COMMENT '部门ID',
  PRIMARY KEY (`role_id`, `dept_id`) USING BTREE
) ENGINE = InnoDB CHARACTER SET = utf8mb4 COLLATE = utf8mb4_unicode_ci COMMENT = '角色和部门关联表' ROW_FORMAT = Dynamic;

-- ----------------------------
-- Records of sys_role_dept
-- ----------------------------
INSERT INTO `sys_role_dept` VALUES (2, 100);
INSERT INTO `sys_role_dept` VALUES (2, 101);
INSERT INTO `sys_role_dept` VALUES (2, 105);

-- ----------------------------
-- Table structure for sys_role_menu
-- ----------------------------
DROP TABLE IF EXISTS `sys_role_menu`;
CREATE TABLE `sys_role_menu`  (
  `role_id` bigint(20) NOT NULL COMMENT '角色ID',
  `menu_id` bigint(20) NOT NULL COMMENT '菜单ID',
  PRIMARY KEY (`role_id`, `menu_id`) USING BTREE
) ENGINE = InnoDB CHARACTER SET = utf8mb4 COLLATE = utf8mb4_unicode_ci COMMENT = '角色和菜单关联表' ROW_FORMAT = Dynamic;

-- ----------------------------
-- Records of sys_role_menu
-- ----------------------------
INSERT INTO `sys_role_menu` VALUES (2, 2109);
INSERT INTO `sys_role_menu` VALUES (2, 2110);
INSERT INTO `sys_role_menu` VALUES (2, 2111);

-- ----------------------------
-- Table structure for sys_user
-- ----------------------------
DROP TABLE IF EXISTS `sys_user`;
CREATE TABLE `sys_user`  (
  `user_id` bigint(20) NOT NULL AUTO_INCREMENT COMMENT '用户ID',
  `dept_id` bigint(20) NULL DEFAULT NULL COMMENT '部门ID',
  `user_name` varchar(30) CHARACTER SET utf8mb4 COLLATE utf8mb4_unicode_ci NOT NULL COMMENT '用户账号',
  `nick_name` varchar(30) CHARACTER SET utf8mb4 COLLATE utf8mb4_unicode_ci NOT NULL COMMENT '用户昵称',
  `user_type` varchar(2) CHARACTER SET utf8mb4 COLLATE utf8mb4_unicode_ci NULL DEFAULT '00' COMMENT '用户类型（00系统用户）',
  `email` varchar(50) CHARACTER SET utf8mb4 COLLATE utf8mb4_unicode_ci NULL DEFAULT '' COMMENT '用户邮箱',
  `phonenumber` varchar(11) CHARACTER SET utf8mb4 COLLATE utf8mb4_unicode_ci NULL DEFAULT '' COMMENT '手机号码',
  `sex` char(1) CHARACTER SET utf8mb4 COLLATE utf8mb4_unicode_ci NULL DEFAULT '0' COMMENT '用户性别（0男 1女 2未知）',
  `avatar` varchar(100) CHARACTER SET utf8mb4 COLLATE utf8mb4_unicode_ci NULL DEFAULT '' COMMENT '头像地址',
  `password` varchar(100) CHARACTER SET utf8mb4 COLLATE utf8mb4_unicode_ci NULL DEFAULT '' COMMENT '密码',
  `status` char(1) CHARACTER SET utf8mb4 COLLATE utf8mb4_unicode_ci NULL DEFAULT '0' COMMENT '账号状态（0正常 1停用）',
  `del_flag` char(1) CHARACTER SET utf8mb4 COLLATE utf8mb4_unicode_ci NULL DEFAULT '0' COMMENT '删除标志（0代表存在 2代表删除）',
  `login_ip` varchar(128) CHARACTER SET utf8mb4 COLLATE utf8mb4_unicode_ci NULL DEFAULT '' COMMENT '最后登录IP',
  `login_date` datetime NULL DEFAULT NULL COMMENT '最后登录时间',
  `pwd_update_date` datetime NULL DEFAULT NULL COMMENT '密码最后更新时间',
  `create_by` varchar(64) CHARACTER SET utf8mb4 COLLATE utf8mb4_unicode_ci NULL DEFAULT '' COMMENT '创建者',
  `create_time` datetime NULL DEFAULT NULL COMMENT '创建时间',
  `update_by` varchar(64) CHARACTER SET utf8mb4 COLLATE utf8mb4_unicode_ci NULL DEFAULT '' COMMENT '更新者',
  `update_time` datetime NULL DEFAULT NULL COMMENT '更新时间',
  `remark` varchar(500) CHARACTER SET utf8mb4 COLLATE utf8mb4_unicode_ci NULL DEFAULT NULL COMMENT '备注',
  PRIMARY KEY (`user_id`) USING BTREE
) ENGINE = InnoDB AUTO_INCREMENT = 111 CHARACTER SET = utf8mb4 COLLATE = utf8mb4_unicode_ci COMMENT = '用户信息表' ROW_FORMAT = Dynamic;

-- ----------------------------
-- Records of sys_user
-- ----------------------------
INSERT INTO `sys_user` VALUES (1, 103, 'admin', '底格里斯', '00', 'ry@163.com', '15888888888', '1', '', '$2a$10$7JB720yubVSZvUI0rEqK/.VqGOZTH.ulu33dHOiBE8ByOhJIrdAu2', '0', '0', '127.0.0.1', '2025-12-11 18:37:30', '2025-11-20 13:58:13', 'admin', '2025-11-20 13:58:13', '', NULL, '管理员');
INSERT INTO `sys_user` VALUES (2, 105, 'dgls', '测试', '00', 'ry@qq.com', '15666666666', '1', '', '$2a$10$XCnJYMRTQ1zYeC2nV4Eko.qMgrgnN3vMKzHhbV33cQwT5kJS4h3Be', '0', '0', '127.0.0.1', '2025-12-10 18:01:53', '2025-12-10 18:01:46', 'admin', '2025-11-20 13:58:13', 'admin', '2025-12-10 18:01:46', '测试员');
INSERT INTO `sys_user` VALUES (100, 111, 'test', 'test', '00', '', '', '0', '', '$2a$10$ZULG/HndZR6oCJYibtiwv.Vqsk5mHp/m0lBly7snBkqOP9YCOmlsa', '0', '0', '127.0.0.1', '2025-12-10 17:52:22', '2025-12-03 18:20:16', 'admin', '2025-11-21 19:46:35', '', '2025-12-03 18:20:16', NULL);
INSERT INTO `sys_user` VALUES (101, 103, 'qixi', '柒喜', '00', '', '', '0', '', '$2a$10$ybOvRYBnqj33QpLl07.peeSImUgY97Ll5ItT8L.XOQ2eBT8yXNSjS', '0', '0', '127.0.0.1', '2025-12-11 16:35:25', '2025-12-01 17:58:07', 'admin', '2025-12-01 17:55:36', '', '2025-12-01 17:58:07', NULL);
INSERT INTO `sys_user` VALUES (102, 106, 'zhangsan', '张三', '00', 'zhangsan@example.com', '13900139001', '0', '', '$2a$10$3viX.IGyMtgVUoDx0Htxa.M9Ag5b81w/AMn.ks6xzYrPxdnnb5i6a', '0', '0', '127.0.0.1', '2025-12-10 14:22:41', '2025-12-10 14:22:02', 'admin', '2024-01-10 00:00:00', 'zhangsan', '2025-12-10 14:22:02', '技术部员工');
INSERT INTO `sys_user` VALUES (103, 106, 'lisi', '李四', '00', 'lisi@example.com', '13700137002', '1', '', '$2a$10$rxGYsKmfbe.cx.vKy9H/Auhf5GS3zFxVMxiGUSLNvRSmvkATFI/EO', '0', '0', '192.168.1.102', '2024-01-13 11:10:00', '2025-12-10 14:22:07', 'admin', '2024-01-11 00:00:00', 'lisi', '2025-12-10 14:22:07', NULL);
INSERT INTO `sys_user` VALUES (104, 103, 'wangwu', '王五', '00', 'wangwu@example.com', '13600136003', '0', '', '$2a$10$/UUyOZLDUPLDEj5yZzTZUeXZ9VjzbfhvRb1W5SJT1jH/pbjuwVN4K', '0', '0', '192.168.1.103', '2024-01-12 16:45:00', '2025-12-10 14:22:10', 'admin', '2024-01-12 00:00:00', 'wangwu', '2025-12-10 14:22:10', '销售部主管');
INSERT INTO `sys_user` VALUES (105, 104, 'xiaomei', '小美', '00', 'xiaomei@example.com', '13500135004', '1', '', '$2a$10$mMvzPNyPIcMi227RkiEnsefzBPZftLBez58znsfF0SFCzF5sNBU1u', '0', '0', '127.0.0.1', '2025-12-11 16:40:43', '2025-12-10 14:22:14', 'admin', '2024-01-13 00:00:00', 'xiaomei', '2025-12-10 14:26:31', '');
INSERT INTO `sys_user` VALUES (106, 103, 'tech_master', '技术专家', '00', 'tech@example.com', '13400134005', '0', '', '$2a$10$GFQYIPuQwxyPwzG4rr2mfOBdpZvaFLkDOYYCjlPzX54UY6XDiRtv6', '0', '0', '192.168.1.105', '2024-01-15 09:00:00', '2025-12-10 14:22:16', 'admin', '2024-01-14 00:00:00', 'tech_master', '2025-12-10 14:22:16', NULL);
INSERT INTO `sys_user` VALUES (107, 105, 'zhaoliu', '赵六', '00', 'zhaoliu@example.com', '13300133006', '0', '', '$2a$10$ybOvRYBnqj33QpLl07.peeSImUgY97Ll5ItT8L.XOQ2eBT8yXNSjS', '0', '2', '', NULL, '2024-01-15 08:00:00', 'admin', '2024-01-15 00:00:00', 'admin', '2024-01-15 12:00:00', '已删除用户');
INSERT INTO `sys_user` VALUES (108, 105, 'mike', '麦克', '00', 'mike@example.com', '13200132007', '0', '', '$2a$10$rRapx0oAMDfqU5wtDzDA9OmyCY2a39y74dbnXBQlRo96/Dy5GUKbm', '0', '0', '192.168.1.106', '2024-01-14 13:15:00', '2025-12-10 14:22:18', 'admin', '2024-01-13 00:00:00', 'mike', '2025-12-10 14:22:18', '外籍员工');
INSERT INTO `sys_user` VALUES (109, 101, 'huahua', '花花', '00', 'huahua@example.com', '13100131008', '1', '', '$2a$10$Fs5zxgCBgWv22bTf8T87N./PTwJJatMw39DGX92zyJV6RFCQuF1wC', '0', '0', '192.168.1.107', '2024-01-15 11:30:00', '2025-12-10 14:22:21', 'admin', '2024-01-12 00:00:00', 'huahua', '2025-12-10 14:22:21', '设计专员');
INSERT INTO `sys_user` VALUES (110, 101, 'david_li', '李大卫', '00', 'david@example.com', '13000130009', '0', '', '$2a$10$Jvu8W/FhOHmUkzUSmnwBnOPiEfESKYRGRok84tUrFEKPCPd0gRBFi', '0', '0', '127.0.0.1', '2025-12-11 16:41:10', '2025-12-10 14:22:23', 'admin', '2024-01-15 00:00:00', 'david_li', '2025-12-10 14:22:23', NULL);

-- ----------------------------
-- Table structure for sys_user_post
-- ----------------------------
DROP TABLE IF EXISTS `sys_user_post`;
CREATE TABLE `sys_user_post`  (
  `user_id` bigint(20) NOT NULL COMMENT '用户ID',
  `post_id` bigint(20) NOT NULL COMMENT '岗位ID',
  PRIMARY KEY (`user_id`, `post_id`) USING BTREE
) ENGINE = InnoDB CHARACTER SET = utf8mb4 COLLATE = utf8mb4_unicode_ci COMMENT = '用户与岗位关联表' ROW_FORMAT = Dynamic;

-- ----------------------------
-- Records of sys_user_post
-- ----------------------------
INSERT INTO `sys_user_post` VALUES (1, 1);
INSERT INTO `sys_user_post` VALUES (2, 2);

-- ----------------------------
-- Table structure for sys_user_role
-- ----------------------------
DROP TABLE IF EXISTS `sys_user_role`;
CREATE TABLE `sys_user_role`  (
  `user_id` bigint(20) NOT NULL COMMENT '用户ID',
  `role_id` bigint(20) NOT NULL COMMENT '角色ID',
  PRIMARY KEY (`user_id`, `role_id`) USING BTREE
) ENGINE = InnoDB CHARACTER SET = utf8mb4 COLLATE = utf8mb4_unicode_ci COMMENT = '用户和角色关联表' ROW_FORMAT = Dynamic;

-- ----------------------------
-- Records of sys_user_role
-- ----------------------------
INSERT INTO `sys_user_role` VALUES (1, 1);
INSERT INTO `sys_user_role` VALUES (2, 2);
INSERT INTO `sys_user_role` VALUES (100, 2);
INSERT INTO `sys_user_role` VALUES (101, 2);
INSERT INTO `sys_user_role` VALUES (102, 2);
INSERT INTO `sys_user_role` VALUES (103, 2);
INSERT INTO `sys_user_role` VALUES (104, 2);
INSERT INTO `sys_user_role` VALUES (105, 2);
INSERT INTO `sys_user_role` VALUES (106, 2);
INSERT INTO `sys_user_role` VALUES (108, 2);
INSERT INTO `sys_user_role` VALUES (109, 2);
INSERT INTO `sys_user_role` VALUES (110, 2);

SET FOREIGN_KEY_CHECKS = 1;
